target,leader,direction,event_count,control_count,event_mean_return,control_mean_return,delta_mean_return,delta_t_stat,event_win_rate,baseline_mean_return,p_value_normal_approx,bonferroni_05,bh_fdr_05,bh_fdr_10,bh_fdr_20
AVAXUSDT,DOGEUSDT,down,3920,42506,0.00056923044792,-7.07947442128747e-06,0.0005763099223413,3.4230933806852137,0.4997448979591837,4.158151070726181e-05,0.000619128043115369,False,True,True,True
ADAUSDT,DOGEUSDT,down,4243,49174,0.0004728285258136,-3.9994523416549696e-05,0.0005128230492301,3.2446773520488894,0.5022389818524629,7.398532403881844e-07,0.0011758377037263124,False,True,True,True
ETHUSDT,DOGEUSDT,down,4419,53979,0.0003378418102143,2.3292523547520028e-05,0.0003145492866668,2.858405011869308,0.5143697669155918,4.709459378589836e-05,0.0042577656273390385,False,False,False,True
XRPUSDT,DOGEUSDT,down,4416,53796,0.0004157838169277,7.874703606580308e-05,0.0003370367808619,2.5767863454323696,0.5036231884057971,0.0001043148644222,0.009972356931341686,False,False,False,True
BTCUSDT,DOGEUSDT,down,4419,53979,0.0002224765275785,1.544872493936718e-05,0.0002070278026392,2.5696616958803125,0.5091649694501018,3.1114601508132454e-05,0.010179787240729432,False,False,False,True
ETHUSDT,DOGEUSDT,up,4517,53881,-0.0001851123749935,6.656117528915145e-05,-0.0002516735502827,-2.3644398534374647,0.518485720611025,4.709459378589836e-05,0.01805735920287277,False,False,False,False
AVAXUSDT,SOLUSDT,down,4294,42132,0.0003292684696649,1.226109388004255e-05,0.0003170073757849,2.1024512337460783,0.5016301816488123,4.158151070726181e-05,0.035513767222949966,False,False,False,False
AVAXUSDT,DOGEUSDT,up,4072,42354,-0.0002684285611592,7.138651171402255e-05,-0.0003398150728732,-1.9829178829004117,0.4972986247544204,4.158151070726181e-05,0.04737660279100253,False,False,False,False
AVAXUSDT,ADAUSDT,down,3988,42438,0.0003312360256711,1.436198561946778e-05,0.0003168740400516,1.952307936452553,0.4929789368104313,4.158151070726181e-05,0.050901655769133525,False,False,False,False
BTCUSDT,DOGEUSDT,up,4517,53881,-0.0001125309558223,4.315682385853286e-05,-0.0001556877796809,-1.943985137825238,0.5235775957493912,3.1114601508132454e-05,0.05189724335428347,False,False,False,False
XRPUSDT,AVAXUSDT,up,4227,53985,0.0004064516964581,8.065769318922878e-05,0.0003257940032689,1.9216470014100664,0.5561864206292879,0.0001043148644222,0.05465019019673223,False,False,False,False
DOGEUSDT,ADAUSDT,down,4352,51884,0.0002874685494809,2.802033667959489e-05,0.0002594482128013,1.8547752378539972,0.4940257352941176,4.809855387340824e-05,0.06362832950798136,False,False,False,False
XRPUSDT,ADAUSDT,down,4398,53814,0.0003290524065633,8.594797643147689e-05,0.0002431044301318,1.7845642645879891,0.5063665302410186,0.0001043148644222,0.07433202216051882,False,False,False,False
AVAXUSDT,BTCUSDT,up,3129,43297,-0.0002694664788032,6.406041592421593e-05,-0.0003335268947274,-1.782784281077762,0.4918504314477468,4.158151070726181e-05,0.07462142550157114,False,False,False,False
SOLUSDT,DOGEUSDT,down,4373,52831,0.0002471106740599,-6.8807440836235416e-06,0.0002539914181435,1.752591485361065,0.4873084838783444,1.2535808457140236e-05,0.07967215386447002,False,False,False,False
ADAUSDT,SOLUSDT,down,4640,48777,0.0002019853310626,-1.8403985394529e-05,0.0002203893164571,1.7275598886639083,0.4959051724137931,7.398532403881844e-07,0.08406715936957943,False,False,False,False
ETHUSDT,ADAUSDT,down,4399,53999,0.0002132700543762,3.355719770194952e-05,0.0001797128566743,1.6927135383842635,0.5046601500340987,4.709459378589836e-05,0.09051000703372347,False,False,False,False
ADAUSDT,AVAXUSDT,up,4148,49269,0.0003045275632102,-2.483629851741283e-05,0.0003293638617276,1.6826120377771996,0.5274831243972999,7.398532403881844e-07,0.09245021981843671,False,False,False,False
SOLUSDT,AVAXUSDT,up,4216,52988,0.0002742071796958,-8.28412249217421e-06,0.0002824913021879,1.585366574496024,0.530360531309298,1.2535808457140236e-05,0.11288307100866346,False,False,False,False
ADAUSDT,DOGEUSDT,up,4376,49041,-0.000220189973949,2.0453744143533237e-05,-0.0002406437180926,-1.507508998186602,0.5070840950639853,7.398532403881844e-07,0.1316802391535019,False,False,False,False
SOLUSDT,DOGEUSDT,up,4479,52725,-0.0001865596774123,2.9449012463005944e-05,-0.0002160086898753,-1.4751877637746773,0.5094887251618665,1.2535808457140236e-05,0.14016207023144944,False,False,False,False
BTCUSDT,ADAUSDT,down,4399,53999,0.0001347790146987,2.2669634867533632e-05,0.0001121093798312,1.3883632692435508,0.5026142305069334,3.1114601508132454e-05,0.16502645520905457,False,False,False,False
XRPUSDT,DOGEUSDT,up,4514,53698,-8.391129390314747e-05,0.0001201376674816,-0.0002040489613847,-1.385646946904624,0.5237040319007532,0.0001043148644222,0.16585473541455054,False,False,False,False
ETHUSDT,AVAXUSDT,down,4504,53894,0.0001892225508016,3.521675361075817e-05,0.0001540057971909,1.3850330878968216,0.4997779751332149,4.709459378589836e-05,0.16604235012598823,False,False,False,False
DOGEUSDT,SOLUSDT,up,3991,52245,0.0002505152307804,3.263592668351546e-05,0.0002178793040969,1.2954530052930362,0.5216737659734403,4.809855387340824e-05,0.1951640030233106,False,False,False,False
XRPUSDT,SOLUSDT,down,4834,53378,0.000246298882064,9.145655685584384e-05,0.0001548423252082,1.290347108529042,0.5070335126189491,0.0001043148644222,0.1969301674387809,False,False,False,False
XRPUSDT,SOLUSDT,up,4063,54149,0.0002807520688563,9.107612757364882e-05,0.0001896759412827,1.2521584163350652,0.5252276642874724,0.0001043148644222,0.21051214509783334,False,False,False,False
AVAXUSDT,XRPUSDT,down,3735,42691,0.0002296263356295,2.5129625741231843e-05,0.0002044967098883,1.1906974877051495,0.492904953145917,4.158151070726181e-05,0.2337723645434746,False,False,False,False
ETHUSDT,XRPUSDT,up,3841,54557,0.0001758269438604,3.803139462472069e-05,0.0001377955492357,1.173974185759388,0.53111168966415,4.709459378589836e-05,0.24040536554565506,False,False,False,False
DOGEUSDT,SOLUSDT,down,4745,51491,0.0001825286911286,3.571054429355737e-05,0.000146818146835,1.1124388018517095,0.503477344573235,4.809855387340824e-05,0.2659495291710643,False,False,False,False
BTCUSDT,ETHUSDT,up,4151,54247,-4.835076097010356e-05,3.719531969802606e-05,-8.554608066812962e-05,-1.047438813469067,0.5145748012527102,3.1114601508132454e-05,0.29489723831703696,False,False,False,False
BTCUSDT,AVAXUSDT,up,4229,54169,0.0001213558652553,2.406942245024213e-05,9.728644280507904e-05,1.020362259809857,0.5488295105225822,3.1114601508132454e-05,0.30755668573534556,False,False,False,False
DOGEUSDT,AVAXUSDT,down,4465,51771,0.0001884194655074,3.599654946078476e-05,0.0001524229160466,1.0153738642210923,0.5124300111982083,4.809855387340824e-05,0.30992764664874795,False,False,False,False
AVAXUSDT,ADAUSDT,up,3820,42606,0.0002176016608107,2.579976697644077e-05,0.0001918018938343,1.0072660406955254,0.5167539267015707,4.158151070726181e-05,0.31380694441616397,False,False,False,False
BTCUSDT,XRPUSDT,up,3841,54557,0.0001135866435593,2.530828676357583e-05,8.827835679578709e-05,0.9940336622193712,0.5298099453267379,3.1114601508132454e-05,0.3202064794397712,False,False,False,False
ETHUSDT,SOLUSDT,down,4839,53559,0.0001353671929617,3.911925616921745e-05,9.624793679250489e-05,0.9831251711528224,0.5116759661087001,4.709459378589836e-05,0.3255458372532716,False,False,False,False
XRPUSDT,ETHUSDT,down,4620,53592,0.0002301665165151,9.346558406943132e-05,0.0001367009324457,0.9737319056433656,0.5134199134199134,0.0001043148644222,0.33018967110128994,False,False,False,False
BTCUSDT,SOLUSDT,down,4839,53559,9.79621373385786e-05,2.5074996103185976e-05,7.288714123539261e-05,0.9493344456248012,0.51828890266584,3.1114601508132454e-05,0.3424505397594386,False,False,False,False
DOGEUSDT,XRPUSDT,up,3741,52495,0.0002046798961085,3.693995207701488e-05,0.0001677399440315,0.9467824475124706,0.5314087142475274,4.809855387340824e-05,0.3437496477094646,False,False,False,False
XRPUSDT,ETHUSDT,up,4149,54063,-2.08061077733238e-05,0.0001139171231507,-0.0001347232309241,-0.9209504161928426,0.517233068209207,0.0001043148644222,0.35707631491298675,False,False,False,False
DOGEUSDT,ETHUSDT,up,4093,52143,-7.552074908246923e-05,5.780213454575941e-05,-0.0001333228836282,-0.8922589770048063,0.5047642316149523,4.809855387340824e-05,0.372254137064028,False,False,False,False
ADAUSDT,AVAXUSDT,down,4428,48989,0.0001144124546492,-9.534744710961184e-06,0.0001239471993602,0.881216266021786,0.4911924119241192,7.398532403881844e-07,0.37820077690623544,False,False,False,False
SOLUSDT,ADAUSDT,up,4214,52990,0.00014373824607,2.102008266519908e-06,0.0001416362378035,0.871395913101996,0.5223065970574277,1.2535808457140236e-05,0.38353801652528574,False,False,False,False
BTCUSDT,AVAXUSDT,down,4504,53894,9.729525584944864e-05,2.5583787926782253e-05,7.17114679226664e-05,0.8389846255768113,0.4951154529307282,3.1114601508132454e-05,0.40147793714797686,False,False,False,False
ETHUSDT,BTCUSDT,up,3978,54420,-2.5537397532727063e-05,5.240385621635576e-05,-7.794125374908283e-05,-0.8252423080818596,0.5186023127199598,4.709459378589836e-05,0.4092340381247981,False,False,False,False
DOGEUSDT,ADAUSDT,up,4182,52054,0.0001729479021131,3.806820127151816e-05,0.0001348797008416,0.7940767271706531,0.5392156862745098,4.809855387340824e-05,0.42715076519280926,False,False,False,False
SOLUSDT,XRPUSDT,up,3797,53407,0.0001314899288941,4.078699926434125e-06,0.0001274112289677,0.7794247955380095,0.5101395838820121,1.2535808457140236e-05,0.43572952224836525,False,False,False,False
BTCUSDT,XRPUSDT,down,4185,54213,-2.840067432344944e-05,3.570891337715226e-05,-6.410958770060169e-05,-0.7788216470223542,0.5063321385902031,3.1114601508132454e-05,0.4360847842696862,False,False,False,False
DOGEUSDT,AVAXUSDT,up,4193,52043,0.0001721699316427,3.8102372120111006e-05,0.0001340675595226,0.7269217058464085,0.5342237061769616,4.809855387340824e-05,0.4672739194966,False,False,False,False
AVAXUSDT,ETHUSDT,up,3523,42903,-7.271323452289762e-05,5.096687740529811e-05,-0.0001236801119281,-0.7184176046645985,0.4839625319330116,4.158151070726181e-05,0.4724998351728662,False,False,False,False
ETHUSDT,AVAXUSDT,up,4229,54169,0.0001302229301426,4.060472440575861e-05,8.961820573691207e-05,0.7074701810046727,0.5488295105225822,4.709459378589836e-05,0.4792743370552528,False,False,False,False
ETHUSDT,ADAUSDT,up,4240,54158,-2.225100795455496e-05,5.252362276369521e-05,-7.477463071825017e-05,-0.6749213053627596,0.5313679245283018,4.709459378589836e-05,0.4997257636791579,False,False,False,False
ADAUSDT,BTCUSDT,up,3652,49765,-0.0001009559318648,8.202789183410479e-06,-0.0001091587210483,-0.6677384082363572,0.4980832420591456,7.398532403881844e-07,0.5043005883712377,False,False,False,False
ADAUSDT,ETHUSDT,up,3956,49461,-8.052163744053002e-05,7.23932670703286e-06,-8.776096414756288e-05,-0.645691477724329,0.5030333670374115,7.398532403881844e-07,0.5184791808805345,False,False,False,False
AVAXUSDT,XRPUSDT,up,3363,43063,0.000154620718152,3.275372688734985e-05,0.0001218669912647,0.6326024758035348,0.5060957478441868,4.158151070726181e-05,0.5269932699225142,False,False,False,False
SOLUSDT,AVAXUSDT,down,4493,52711,0.0001021480205578,4.897409091383534e-06,9.72506114664469e-05,0.6189909912629594,0.493879367905631,1.2535808457140236e-05,0.5359222936414307,False,False,False,False
DOGEUSDT,XRPUSDT,down,4104,52132,-3.6378430822336766e-05,5.474885589886933e-05,-9.112728672120607e-05,-0.6051888850797658,0.5021929824561403,4.809855387340824e-05,0.5450535002086636,False,False,False,False
ADAUSDT,SOLUSDT,up,3909,49508,8.977798889477355e-05,-6.290325160536775e-06,9.606831405531032e-05,0.5706701643498678,0.5078025070350474,7.398532403881844e-07,0.5682232468811743,False,False,False,False
SOLUSDT,XRPUSDT,down,4157,53047,-6.479084556580411e-05,1.859547065808241e-05,-8.338631622388653e-05,-0.5491463170512584,0.4926629781092134,1.2535808457140236e-05,0.5829050416306951,False,False,False,False
SOLUSDT,BTCUSDT,down,4272,52932,-5.464368352032669e-05,1.7957685388443392e-05,-7.260136890877009e-05,-0.5448610570417117,0.4691011235955056,1.2535808457140236e-05,0.585849081736141,False,False,False,False
SOLUSDT,ADAUSDT,down,4380,52824,8.540847483491075e-05,6.4934360746126925e-06,7.891503876029806e-05,0.5390564776130137,0.489269406392694,1.2535808457140236e-05,0.5898478851337536,False,False,False,False
AVAXUSDT,SOLUSDT,up,3590,42836,0.0001296052914752,3.420441263654487e-05,9.540087883874768e-05,0.5111898241924696,0.509192200557103,4.158151070726181e-05,0.6092181433472392,False,False,False,False
BTCUSDT,ADAUSDT,up,4240,54158,7.083360153486304e-05,2.8005022865764987e-05,4.282857866909805e-05,0.5053856012344435,0.532311320754717,3.1114601508132454e-05,0.6132880300246821,False,False,False,False
ADAUSDT,XRPUSDT,down,4038,49379,6.596864556225509e-05,-4.594273886441009e-06,7.05629194486961e-05,0.4999821285268261,0.4913323427439326,7.398532403881844e-07,0.6170876613602818,False,False,False,False
BTCUSDT,ETHUSDT,down,4625,53773,6.617120331360753e-05,2.809939344181066e-05,3.807180987179687e-05,0.4887989339237946,0.5061621621621621,3.1114601508132454e-05,0.6249840528442963,False,False,False,False
SOLUSDT,ETHUSDT,down,4594,52610,-4.712132895194319e-05,1.7745177194211693e-05,-6.486650614615488e-05,-0.4701557479183038,0.4921636917718763,1.2535808457140236e-05,0.6382437474366438,False,False,False,False
BTCUSDT,SOLUSDT,up,4070,54328,6.657273396817961e-05,2.8458243845189006e-05,3.81144901229906e-05,0.4502125649411922,0.5184275184275184,3.1114601508132454e-05,0.6525571771221117,False,False,False,False
AVAXUSDT,ETHUSDT,down,3977,42449,0.0001034061612995,3.5789227369481e-05,6.76169339300507e-05,0.3970247136271583,0.5028916268544129,4.158151070726181e-05,0.691349236340056,False,False,False,False
XRPUSDT,AVAXUSDT,down,4504,53708,0.0001551338106642,0.000100053143005,5.508066765915524e-05,0.3775732271295578,0.5084369449378331,0.0001043148644222,0.7057476565755851,False,False,False,False
ETHUSDT,SOLUSDT,up,4070,54328,8.484340533199446e-05,4.426662914533343e-05,4.057677618666103e-05,0.3499735828478676,0.5218673218673219,4.709459378589836e-05,0.7263585233030749,False,False,False,False
ADAUSDT,XRPUSDT,up,3654,49763,6.580661231740372e-05,-4.03787193026903e-06,6.984448424767275e-05,0.3490022115640614,0.5054734537493158,7.398532403881844e-07,0.7270876492512581,False,False,False,False
XRPUSDT,BTCUSDT,up,3949,54263,6.101265451282436e-05,0.0001074661908681,-4.645353635531599e-05,-0.3299694749533632,0.5125348189415042,0.0001043148644222,0.7414230270013995,False,False,False,False
ETHUSDT,BTCUSDT,down,4352,54046,7.567757692413147e-05,4.4792977706677135e-05,3.088459921745434e-05,0.3195906344098468,0.4928768382352941,4.709459378589836e-05,0.7492786749813904,False,False,False,False
ADAUSDT,ETHUSDT,down,4418,48999,-4.11210695211751e-05,4.514247753757565e-06,-4.563531727493266e-05,-0.2930312412611456,0.4932095971027614,7.398532403881844e-07,0.7694982722181536,False,False,False,False
DOGEUSDT,BTCUSDT,up,3847,52389,7.628968814449569e-06,5.107029400438637e-05,-4.34413251899368e-05,-0.2851385204294709,0.5141668832856772,4.809855387340824e-05,0.7755380194103803,False,False,False,False
XRPUSDT,ADAUSDT,up,4238,53974,0.0001449841988144,0.0001011215372804,4.3862661534047656e-05,0.2804447691528307,0.5438886267107126,0.0001043148644222,0.7791362936553656,False,False,False,False
SOLUSDT,BTCUSDT,up,3893,53311,-2.177140406981693e-05,1.50410696296458e-05,-3.681247369946273e-05,-0.2590057699104356,0.5006421782686874,1.2535808457140236e-05,0.7956307886238658,False,False,False,False
ETHUSDT,XRPUSDT,down,4185,54213,6.905753302015018e-05,4.539915356500403e-05,2.3658379455146147e-05,0.219499270168173,0.5080047789725209,4.709459378589836e-05,0.8262611483251854,False,False,False,False
SOLUSDT,ETHUSDT,up,4118,53086,-1.6603204062794518e-05,1.479618696667365e-05,-3.1399391029468166e-05,-0.2142772600502688,0.5014570179698883,1.2535808457140236e-05,0.8303308500587687,False,False,False,False
AVAXUSDT,BTCUSDT,down,3313,43113,7.416643954329826e-05,3.907753582187251e-05,3.508890372142576e-05,0.2020587107451665,0.4841533353456082,4.158151070726181e-05,0.8398708260919401,False,False,False,False
ADAUSDT,BTCUSDT,down,4002,49415,2.337512000382397e-05,-1.0933216576644451e-06,2.4468441661488415e-05,0.1647453439645267,0.4812593703148425,7.398532403881844e-07,0.8691444252531242,False,False,False,False
XRPUSDT,BTCUSDT,down,4334,53878,8.650692217071326e-05,0.0001057473530394,-1.924043086876803e-05,-0.1624420977615343,0.4919243193354868,0.0001043148644222,0.8709577218264672,False,False,False,False
DOGEUSDT,BTCUSDT,down,4193,52043,6.711675659548959e-05,4.656629547143896e-05,2.0550461124050624e-05,0.1597635622876431,0.4946339136656332,4.809855387340824e-05,0.873067328407136,False,False,False,False
DOGEUSDT,ETHUSDT,down,4560,51676,6.678158884463269e-05,4.644992318471748e-05,2.033166565991521e-05,0.1406945331604195,0.5059210526315789,4.809855387340824e-05,0.8881112640421589,False,False,False,False
