target,leader,direction,event_count_h1,control_count_h1,event_mean_return_h1,control_mean_return_h1,delta_mean_return_h1,delta_t_stat_h1,event_win_rate_h1,baseline_mean_return_h1,event_count_h2,control_count_h2,event_mean_return_h2,control_mean_return_h2,delta_mean_return_h2,delta_t_stat_h2,event_win_rate_h2,baseline_mean_return_h2,same_sign,both_strong,both_strong_same_sign,sign_flip
ADAUSDT,AVAXUSDT,down,439,5359,0.0002840643558239944,5.527315598094804e-06,0.0002785370402258996,0.7037216768368095,0.5284738041002278,2.6616960416854715e-05,464,4475,0.0002366399781760343,-0.00018392017332713776,0.00042056015150317204,1.1983557681274775,0.4698275862068966,-0.00014441016921750593,True,False,False,False
ADAUSDT,BTCUSDT,down,350,5448,0.0014623844410145519,-6.562213984180796e-05,0.00152800658085636,1.4366342968574013,0.4857142857142857,2.6616960416854715e-05,423,4516,-0.000355124498580841,-0.00012467319815446547,-0.00023045130042637554,-0.7222427391853816,0.4515366430260047,-0.00014441016921750593,False,False,False,True
ADAUSDT,DOGEUSDT,down,390,5408,0.002249125505433553,-0.00013366009811800335,0.002382785603551556,2.4740451311929763,0.5538461538461539,2.6616960416854715e-05,467,4472,-0.0006268036621309488,-9.403499900494377e-05,-0.000532768663126005,-1.3138791898150155,0.4603854389721627,-0.00014441016921750593,False,False,False,True
ADAUSDT,ETHUSDT,down,502,5296,-0.0010004934546878788,0.0001239752361688517,-0.0011244686908567305,-1.4172852846933794,0.46215139442231074,2.6616960416854715e-05,422,4517,-9.861976540393457e-05,-0.00014868813034421105,5.006836494027648e-05,0.13490071023535627,0.4597156398104265,-0.00014441016921750593,False,False,False,True
ADAUSDT,SOLUSDT,down,465,5333,0.0005558301738999213,-1.9526700612514536e-05,0.0005753568745124358,1.3206001816211612,0.524731182795699,2.6616960416854715e-05,538,4401,-0.0007760991343355325,-6.718938684225067e-05,-0.0007089097474932819,-2.0500768357113466,0.47769516728624534,-0.00014441016921750593,False,False,False,True
ADAUSDT,XRPUSDT,down,436,5362,0.00038233059027414055,-2.3071616677735423e-06,0.00038463775194191407,0.9322026186226132,0.5252293577981652,2.6616960416854715e-05,554,4385,-0.0004055597358078876,-0.00011141658657416009,-0.0002941431492337275,-0.7324884428568484,0.4566787003610108,-0.00014441016921750593,False,False,False,True
AVAXUSDT,ADAUSDT,down,426,4780,0.001182975971671986,-4.8826343644817405e-05,0.0012318023153168034,2.8683616054032988,0.528169014084507,5.1970388265470324e-05,389,2311,-7.539790855411113e-05,8.90663904572716e-05,-0.00016446429901138273,-0.4095478512947335,0.45758354755784064,6.537134885896494e-05,False,False,False,True
AVAXUSDT,BTCUSDT,down,317,4889,0.0008429650526387453,6.827407698008468e-07,0.0008422823118689445,1.1200222387342413,0.4889589905362776,5.1970388265470324e-05,261,2439,0.0006010927677768869,8.043226539334979e-06,0.000593049541237552,1.3436479468274485,0.4942528735632184,6.537134885896494e-05,True,False,False,False
AVAXUSDT,DOGEUSDT,down,381,4825,0.0016814581692857417,-7.670004584203707e-05,0.0017581582151277788,2.814633862181462,0.5564304461942258,5.1970388265470324e-05,397,2303,0.00011158102286701319,5.740554747763843e-05,5.417547538937476e-05,0.11897326191076055,0.44836272040302266,6.537134885896494e-05,True,False,False,False
AVAXUSDT,ETHUSDT,down,468,4738,-0.0006221964125605149,0.00011856179028880535,-0.0007407582028493202,-1.098478277463312,0.4807692307692308,5.1970388265470324e-05,289,2411,0.00012801099582869198,5.786290507039132e-05,7.014809075830066e-05,0.14970401549261234,0.4740484429065744,6.537134885896494e-05,False,False,False,True
AVAXUSDT,SOLUSDT,down,447,4759,0.0003255430091072057,2.6274451825828416e-05,0.0002992685572813773,0.7330312884541361,0.5033557046979866,5.1970388265470324e-05,439,2261,-0.00021255065174470567,0.00011933320567674978,-0.00033188385742145544,-0.8383447406775008,0.4920273348519362,6.537134885896494e-05,False,False,False,True
AVAXUSDT,XRPUSDT,down,427,4779,0.0006657073204992396,-2.8665378830585455e-06,0.0006685738583822982,1.507087658853273,0.522248243559719,5.1970388265470324e-05,474,2226,-0.00010052442691992667,0.00010069686445608751,-0.00020122129137601418,-0.4590077986786253,0.48523206751054854,6.537134885896494e-05,False,False,False,True
BTCUSDT,ADAUSDT,down,436,5388,0.00024725988876632583,-1.5249738304815004e-05,0.00026250962707114085,1.5273995515606853,0.518348623853211,4.402424710812989e-06,487,5367,-0.00030895063109849573,-8.403963589933523e-06,-0.0003005466675085622,-1.331912944612919,0.45790554414784396,-3.340673555383339e-05,False,False,False,True
BTCUSDT,AVAXUSDT,down,439,5385,-4.8635450161319744e-05,8.726218038364747e-06,-5.736166819968449e-05,-0.32418227978693387,0.4715261958997722,4.402424710812989e-06,474,5380,9.14960225478726e-06,-3.7156122936972086e-05,4.630572519175934e-05,0.21039008269567952,0.4978902953586498,-3.340673555383339e-05,False,False,False,True
BTCUSDT,DOGEUSDT,down,390,5434,0.0007042443485591773,-4.5825464560600725e-05,0.000750069813119778,3.5010757710112976,0.5846153846153846,4.402424710812989e-06,485,5369,-0.0005246876235272839,1.0972335160847822e-05,-0.0005356599586881317,-2.2786347125171895,0.47216494845360824,-3.340673555383339e-05,False,True,False,True
BTCUSDT,ETHUSDT,down,502,5322,-0.0003079072138909013,3.386116927640122e-05,-0.0003417683831673025,-1.8435479047064696,0.46215139442231074,4.402424710812989e-06,480,5374,0.00015138251622696074,-4.991191621158948e-05,0.00020129443243855022,1.0040060890188385,0.50625,-3.340673555383339e-05,False,False,False,True
BTCUSDT,SOLUSDT,down,465,5359,7.113285565755618e-05,-1.3877694280628502e-06,7.252062508561904e-05,0.4487010035457884,0.535483870967742,4.402424710812989e-06,562,5292,-0.00042195444398703463,7.856267495951019e-06,-0.0004298107114829856,-2.0238804102639754,0.49110320284697506,-3.340673555383339e-05,False,False,False,True
BTCUSDT,XRPUSDT,down,436,5388,-7.158164275228141e-06,5.337914094241712e-06,-1.2496078369469853e-05,-0.06856068757496221,0.5229357798165137,4.402424710812989e-06,559,5295,-0.00031841996769121667,-3.317519923087924e-06,-0.0003151024477681287,-1.3258535231957351,0.5026833631484794,-3.340673555383339e-05,True,False,False,False
DOGEUSDT,ADAUSDT,down,436,5388,0.0011370152624898796,-3.8827402982751455e-06,0.0011408980027881547,2.76016403912851,0.555045871559633,8.152789315221172e-05,487,5364,-0.0003691575164361937,-8.490137319286767e-05,-0.00028425614324332604,-0.8802988370351954,0.4681724845995893,-0.00010856104534455112,False,False,False,True
DOGEUSDT,AVAXUSDT,down,439,5385,0.0005181542100480727,4.593291578595673e-05,0.000472221294262116,1.0903670986373561,0.5261958997722096,8.152789315221172e-05,474,5377,0.00025987772093857456,-0.00014104011828823746,0.00040091783922681205,1.2294949107851978,0.5210970464135021,-0.00010856104534455112,True,False,False,False
DOGEUSDT,BTCUSDT,down,350,5474,0.0009909693351533443,2.3379463356742902e-05,0.0009675898717966014,1.6798441471447636,0.5114285714285715,8.152789315221172e-05,493,5358,-0.0001922526339468993,-0.00010086041951757135,-9.139221442932795e-05,-0.34717469281503693,0.4482758620689655,-0.00010856104534455112,False,False,False,True
DOGEUSDT,ETHUSDT,down,502,5322,-0.0005394097150247432,0.00014009810722677608,-0.0006795078222515192,-1.1110250002318993,0.5119521912350598,8.152789315221172e-05,479,5372,4.195745515472683e-05,-0.00012198218490880169,0.0001639396400635285,0.5275769291912503,0.48851774530271397,-0.00010856104534455112,False,False,False,True
DOGEUSDT,SOLUSDT,down,465,5359,0.0006622914540559607,3.113508557239398e-05,0.0006311563684835667,1.4799487753510827,0.5311827956989247,8.152789315221172e-05,562,5289,-0.0008648603448080511,-2.8197988755689874e-05,-0.0008366623560523613,-2.6463174123899336,0.47686832740213525,-0.00010856104534455112,False,False,False,True
DOGEUSDT,XRPUSDT,down,436,5388,0.0006266396264012962,3.741714413650999e-05,0.0005892224822647862,1.291631037465401,0.5435779816513762,8.152789315221172e-05,559,5292,-0.00047938103640404153,-6.939090645523608e-05,-0.00040999012994880546,-1.0955604930440785,0.49731663685152055,-0.00010856104534455112,False,False,False,True
ETHUSDT,ADAUSDT,down,436,5388,0.0004449947630784324,5.8121673611940114e-05,0.0003868730894664923,1.0769416592981171,0.5389908256880734,8.708401341403331e-05,487,5367,-0.0001319921029658117,2.5926670855067083e-05,-0.0001579187738208788,-0.5161136051153516,0.46406570841889117,1.2789253217423077e-05,False,False,False,True
ETHUSDT,AVAXUSDT,down,439,5385,0.00027024289159949526,7.215239827505136e-05,0.0001980904933244439,0.6159599653053293,0.5239179954441914,8.708401341403331e-05,474,5380,0.0004701452853994171,-2.7505683446938442e-05,0.0004976509688463556,1.5577930928266184,0.5084388185654009,1.2789253217423077e-05,True,False,False,False
ETHUSDT,BTCUSDT,down,350,5474,0.0005540220070493892,5.722864297699012e-05,0.0004967933640723991,1.1524617883985402,0.5228571428571429,8.708401341403331e-05,493,5361,-7.562284829655682e-06,1.4660789919010433e-05,-2.2223074748666113e-05,-0.08345413822960449,0.4746450304259635,1.2789253217423077e-05,False,False,False,True
ETHUSDT,DOGEUSDT,down,390,5434,0.0010765277964448405,1.6071301713257638e-05,0.001060456494731583,2.5058868663881175,0.5923076923076923,8.708401341403331e-05,485,5369,-0.00026866802525283743,3.821424484679098e-05,-0.0003068822700996284,-0.9530616214494735,0.47835051546391755,1.2789253217423077e-05,False,False,False,True
ETHUSDT,SOLUSDT,down,465,5359,5.098068789117496e-05,9.021669607276233e-05,-3.923600818158737e-05,-0.12158392210518217,0.5333333333333333,8.708401341403331e-05,562,5292,-0.00036787377144995145,5.321491834649798e-05,-0.0004210886897964494,-1.4715756850501214,0.4875444839857651,1.2789253217423077e-05,True,False,False,False
ETHUSDT,XRPUSDT,down,436,5388,6.569599137621574e-05,8.881474422481439e-05,-2.3118752848598652e-05,-0.06768541086847978,0.5252293577981652,8.708401341403331e-05,559,5295,-0.00016447167557358329,3.15029187876162e-05,-0.0001959745943611995,-0.5896415779115561,0.49552772808586765,1.2789253217423077e-05,True,False,False,False
SOLUSDT,ADAUSDT,down,436,5388,0.0004764149721391957,-6.422025294034075e-07,0.0004770571746685991,1.4634917812368242,0.536697247706422,3.507155573905626e-05,487,5367,-0.0004295045931085669,-5.19808907544171e-05,-0.0003775237023541498,-1.1498701203121828,0.4681724845995893,-8.338745772511594e-05,False,False,False,True
SOLUSDT,AVAXUSDT,down,439,5385,-0.00016602093894592306,5.1465168583384194e-05,-0.00021748610752930726,-0.6577675295065564,0.5034168564920274,3.507155573905626e-05,474,5380,9.712480941699267e-05,-9.929132661458795e-05,0.00019641613603158062,0.6027581860345445,0.5,-8.338745772511594e-05,False,False,False,True
SOLUSDT,BTCUSDT,down,350,5474,0.0001451746283865415,2.8031717334485618e-05,0.00011714291105205588,0.23405164503950315,0.5028571428571429,3.507155573905626e-05,493,5361,-0.00019076407069335837,-7.35130555252757e-05,-0.00011725101516808267,-0.44693061014931595,0.45233265720081134,-8.338745772511594e-05,False,False,False,True
SOLUSDT,DOGEUSDT,down,390,5434,0.001168880912578728,-4.630232154608761e-05,0.0012151832341248156,2.6537062481571914,0.558974358974359,3.507155573905626e-05,485,5369,-0.0007570261135534162,-2.2535390659232963e-05,-0.0007344907228941832,-2.095882644181376,0.465979381443299,-8.338745772511594e-05,False,True,False,True
SOLUSDT,ETHUSDT,down,502,5322,-0.0004949728471071803,8.506822808569491e-05,-0.0005800410751928753,-1.527063626591293,0.5119521912350598,3.507155573905626e-05,480,5374,-0.00019097854846950518,-7.377753521724342e-05,-0.00011720101325226176,-0.39010871033340744,0.4625,-8.338745772511594e-05,True,False,False,False
SOLUSDT,XRPUSDT,down,436,5388,-4.803904037476129e-05,4.1796912068979164e-05,-8.983595244374046e-05,-0.2661971586243055,0.5160550458715596,3.507155573905626e-05,559,5295,-0.0006971982688455205,-1.858665632449152e-05,-0.000678611612521029,-1.7833252374593076,0.4776386404293381,-8.338745772511594e-05,True,False,False,False
XRPUSDT,ADAUSDT,down,436,5388,0.0006950684477479298,-0.00014755352018551259,0.0008426219679334424,2.490055554122481,0.5458715596330275,-8.447261736631942e-05,487,5367,-0.0003530058758082533,-7.87416404961033e-05,-0.00027426423531215006,-0.864654186951273,0.42915811088295686,-0.00010155795115497193,False,False,False,True
XRPUSDT,AVAXUSDT,down,439,5385,0.00019100001315637322,-0.00010692990330865226,0.00029792991646502545,0.7871912293211072,0.5193621867881549,-8.447261736631942e-05,474,5380,6.06952474155453e-05,-0.00011585312143795061,0.00017654836885349593,0.5722800801064782,0.49156118143459915,-0.00010155795115497193,True,False,False,False
XRPUSDT,BTCUSDT,down,350,5474,0.0008623314606996339,-0.00014500996251120134,0.0010073414232108352,1.5651480225600916,0.49142857142857144,-8.447261736631942e-05,493,5361,-0.0003498827683968636,-7.872188793910692e-05,-0.00027116088045775667,-1.0671568045255722,0.44421906693711966,-0.00010155795115497193,False,False,False,True
XRPUSDT,DOGEUSDT,down,390,5434,0.0014050379218356825,-0.00019137528764397505,0.0015964132094796574,2.611567373590514,0.5512820512820513,-8.447261736631942e-05,485,5369,-0.0005826715884887332,-5.809732271264113e-05,-0.0005245742657760921,-1.5685664935939192,0.4536082474226804,-0.00010155795115497193,False,True,False,True
XRPUSDT,ETHUSDT,down,502,5322,-0.00048012079128444634,-4.715292865777006e-05,-0.0004329678626266763,-0.8302982606534487,0.5079681274900398,-8.447261736631942e-05,480,5374,-0.00018816374884305056,-9.382241284267618e-05,-9.434133600037438e-05,-0.35071147156755517,0.4583333333333333,-0.00010155795115497193,True,False,False,False
XRPUSDT,SOLUSDT,down,465,5359,0.0003210441907320047,-0.00011965927826680845,0.0004407034689988132,1.3831001207190963,0.5225806451612903,-8.447261736631942e-05,562,5292,-0.0007087956910024308,-3.707049654532122e-05,-0.0006717251944571096,-2.2278766809920896,0.45373665480427045,-0.00010155795115497193,False,False,False,True
ADAUSDT,AVAXUSDT,up,489,5309,0.0006690918837516236,-3.2559953787459106e-05,0.0007016518375390827,0.644504721851491,0.5480572597137015,2.6616960416854715e-05,467,4472,-0.00028900508998421485,-0.00012931047601579454,-0.00015969461396842031,-0.37946329759546,0.5053533190578159,-0.00014441016921750593,False,False,False,True
ADAUSDT,BTCUSDT,up,384,5414,-0.0002559278902239915,4.6657082811772506e-05,-0.000302584973035764,-0.2989002962077671,0.5755208333333334,2.6616960416854715e-05,332,4607,-0.0005165713336293876,-0.00011759065400484151,-0.00039898067962454615,-0.9059881218718948,0.4759036144578313,-0.00014441016921750593,True,False,False,False
ADAUSDT,DOGEUSDT,up,565,5233,-0.0009844440841074694,0.00013577986700126957,-0.001120223951108739,-1.5027233886217546,0.5079646017699115,2.6616960416854715e-05,465,4474,-0.0004996406226015251,-0.00010748970412506762,-0.0003921509184764575,-0.9583492630221955,0.4860215053763441,-0.00014441016921750593,True,False,False,False
ADAUSDT,ETHUSDT,up,384,5414,0.0005858049494851934,-1.3044692298742338e-05,0.0005988496417839357,1.2694645442660328,0.5494791666666666,2.6616960416854715e-05,478,4461,-0.0006511815110954996,-9.010918257377558e-05,-0.0005610723285217241,-1.7575708971098825,0.4769874476987448,-0.00014441016921750593,False,False,False,True
ADAUSDT,SOLUSDT,up,400,5398,0.0003246779871213578,4.530185559166388e-06,0.0003201478015621914,0.3345712658471573,0.58,2.6616960416854715e-05,408,4531,-1.4402877498411994e-05,-0.0001561168509701853,0.00014171397347177331,0.36349403608929365,0.48284313725490197,-0.00014441016921750593,True,False,False,False
ADAUSDT,XRPUSDT,up,453,5345,0.00032141215794379013,1.6324469501190861e-06,0.00031977971099367107,0.2822139863067281,0.5121412803532008,2.6616960416854715e-05,456,4483,-0.00041577983622761685,-0.00011680709802486468,-0.0002989727382027522,-0.8086635991392747,0.48903508771929827,-0.00014441016921750593,False,False,False,True
AVAXUSDT,ADAUSDT,up,423,4783,-0.0004952937278721094,0.00010036945185029075,-0.0005956631797224001,-0.802870049311874,0.5011820330969267,5.1970388265470324e-05,366,2334,3.198523796505819e-05,7.060670300942336e-05,-3.8621465044365174e-05,-0.07894499304969221,0.5300546448087432,6.537134885896494e-05,True,False,False,False
AVAXUSDT,BTCUSDT,up,360,4846,0.000176711595748273,4.2703604383132565e-05,0.00013400799136514043,0.1671706286996294,0.5777777777777777,5.1970388265470324e-05,197,2503,-0.0010675358919713422,0.00015453744012687177,-0.001222073332098214,-1.7605268961846288,0.4416243654822335,6.537134885896494e-05,False,False,False,True
AVAXUSDT,DOGEUSDT,up,558,4648,-0.0005786249669400172,0.00012767439175184346,-0.0007062993586918607,-1.1691043056296013,0.5,5.1970388265470324e-05,404,2296,-0.0003969187987916551,0.00014671508564069428,-0.0005436338844323494,-1.2425988237378742,0.4777227722772277,6.537134885896494e-05,True,False,False,False
AVAXUSDT,ETHUSDT,up,368,4838,0.00012449861120719053,4.6453566016079435e-05,7.80450451911111e-05,0.174373749414814,0.5,5.1970388265470324e-05,343,2357,-0.0006962492624177155,0.0001762054047214603,-0.0008724546671391759,-2.1390554220794415,0.4402332361516035,6.537134885896494e-05,False,False,False,True
AVAXUSDT,SOLUSDT,up,387,4819,0.0004985540449111559,1.610654200652029e-05,0.0004824475029046356,0.6311679140958639,0.5684754521963824,5.1970388265470324e-05,316,2384,9.037291134899877e-05,6.205738336112491e-05,2.8315527987873856e-05,0.06008798750390281,0.46835443037974683,6.537134885896494e-05,True,False,False,False
AVAXUSDT,XRPUSDT,up,441,4765,0.00025685027568600265,3.300878693232143e-05,0.00022384148875368123,0.29158062208981744,0.5170068027210885,5.1970388265470324e-05,350,2350,-0.0001813145766737472,0.00010211180585319872,-0.0002834263825269459,-0.6588501877737643,0.4657142857142857,6.537134885896494e-05,False,False,False,True
BTCUSDT,ADAUSDT,up,426,5398,-0.0001548226693083522,1.6968169440743385e-05,-0.00017179083874909558,-0.7719725435504796,0.5070422535211268,4.402424710812989e-06,458,5396,0.0001011181017683383,-4.482489261342469e-05,0.000145942994381763,0.5574867521862319,0.5633187772925764,-3.340673555383339e-05,False,False,False,True
BTCUSDT,AVAXUSDT,up,489,5335,0.00014341057791898321,-8.338903671341701e-06,0.00015174948159032492,0.6649237357007722,0.5501022494887525,4.402424710812989e-06,480,5374,8.547917448839933e-05,-4.402549938343364e-05,0.00012950467387183297,0.5015314387568416,0.5729166666666666,-3.340673555383339e-05,True,False,False,False
BTCUSDT,DOGEUSDT,up,565,5259,-0.0003557271279845695,4.309289766629713e-05,-0.00039882002565086666,-2.033027848734458,0.511504424778761,4.402424710812989e-06,476,5378,6.783934939703843e-05,-4.236789889273539e-05,0.00011020724828977382,0.4413987950865551,0.5357142857142857,-3.340673555383339e-05,False,False,False,True
BTCUSDT,ETHUSDT,up,385,5439,0.00013814437998835522,-5.064509060441625e-06,0.00014320888904879685,0.8016025667299677,0.5194805194805194,4.402424710812989e-06,513,5341,-0.00036349919270591235,-1.70154354503045e-06,-0.0003617976491608819,-1.7840876953563998,0.49122807017543857,-3.340673555383339e-05,False,False,False,True
BTCUSDT,SOLUSDT,up,400,5424,0.00022770119876827026,-1.2065036502863817e-05,0.00023976623527113407,1.1063907987879646,0.5525,4.402424710812989e-06,424,5430,0.0001837436078127554,-5.036285812978803e-05,0.00023410646594254343,0.9899421406352431,0.5212264150943396,-3.340673555383339e-05,True,False,False,False
BTCUSDT,XRPUSDT,up,453,5371,0.00014832039983089822,-7.735881513241877e-06,0.0001560562813441401,0.7012968248665425,0.5275938189845475,4.402424710812989e-06,467,5387,-4.34728168300029e-05,-3.253410515547231e-05,-1.0938711674530589e-05,-0.04419866591903641,0.5246252676659529,-3.340673555383339e-05,False,False,False,True
DOGEUSDT,ADAUSDT,up,426,5398,-0.0003090906358355395,0.00011235477224609498,-0.00042144540808163446,-0.5861678628928939,0.5352112676056338,8.152789315221172e-05,458,5393,-6.4881600727067575e-06,-0.00011722957518962889,0.00011074141511692214,0.2645560188920951,0.5611353711790393,-0.00010856104534455112,False,False,False,True
DOGEUSDT,AVAXUSDT,up,489,5335,0.0002156844468177302,6.923125683685302e-05,0.00014645318998087717,0.20404133961029408,0.5480572597137015,8.152789315221172e-05,480,5371,-0.0002267027093504305,-9.800286274860578e-05,-0.00012869984660182475,-0.3267256390455694,0.51875,-0.00010856104534455112,False,False,False,True
DOGEUSDT,BTCUSDT,up,384,5440,8.512056769526054e-05,8.127429259623181e-05,3.846275099028725e-06,0.005016780459050882,0.5651041666666666,8.152789315221172e-05,414,5437,-0.0003759998763870377,-8.819693350868766e-05,-0.00028780294287835003,-0.8290258242298305,0.5144927536231884,-0.00010856104534455112,False,False,False,True
DOGEUSDT,ETHUSDT,up,385,5439,0.0006187327341693903,4.350181045472804e-05,0.0005752309237146623,1.2092961696338642,0.5506493506493506,8.152789315221172e-05,513,5338,-0.00041394778118679723,-7.921233880894372e-05,-0.0003347354423778535,-1.1776239759132687,0.49707602339181284,-0.00010856104534455112,False,False,False,True
DOGEUSDT,SOLUSDT,up,400,5424,0.0006519206157772743,3.946353307661712e-05,0.0006124570827006571,0.8519319761134616,0.5875,8.152789315221172e-05,424,5427,0.00012919530373616835,-0.00012713644464623254,0.0002563317483824009,0.710501186456749,0.49528301886792453,-0.00010856104534455112,True,False,False,False
DOGEUSDT,XRPUSDT,up,453,5371,0.00042855865237799803,5.225868184532637e-05,0.00037629997053267167,0.5227109756417431,0.5496688741721855,8.152789315221172e-05,467,5384,-0.0003040409168476717,-9.16054175600122e-05,-0.00021243549928765947,-0.6019531858189091,0.5032119914346895,-0.00010856104534455112,False,False,False,True
ETHUSDT,ADAUSDT,up,426,5398,-0.0004194877726187669,0.0001270617053091746,-0.0005465494779279415,-1.4024970040800502,0.5187793427230047,8.708401341403331e-05,458,5396,8.890020318648152e-05,6.329131815305091e-06,8.257107137117643e-05,0.2435746838870784,0.5502183406113537,1.2789253217423077e-05,False,False,False,True
ETHUSDT,AVAXUSDT,up,489,5335,9.869115957023675e-05,8.602011566888177e-05,1.2671043901354978e-05,0.028341411457618332,0.5501022494887525,8.708401341403331e-05,480,5374,8.474589430857795e-05,6.362162089072794e-06,7.838373221950515e-05,0.21680319909619247,0.5458333333333333,1.2789253217423077e-05,True,False,False,False
ETHUSDT,BTCUSDT,up,384,5440,0.0005994597014733145,5.091631778631933e-05,0.0005485433836869952,1.5577821896668926,0.5911458333333334,8.708401341403331e-05,414,5440,-0.00010973157518375129,2.2113448614130107e-05,-0.0001318450237978814,-0.41909807261947774,0.5,1.2789253217423077e-05,False,False,False,True
ETHUSDT,DOGEUSDT,up,565,5259,-0.0004783708427007469,0.00014783358437901734,-0.0006262044270797642,-1.7877584024693705,0.5221238938053098,8.708401341403331e-05,476,5378,-1.4219860252275007e-05,1.5179795800460687e-05,-2.9399656052735694e-05,-0.08240306043561355,0.5126050420168067,1.2789253217423077e-05,True,False,False,False
ETHUSDT,SOLUSDT,up,400,5424,0.0005966261235385395,4.950716163493991e-05,0.0005471189619035996,1.455328221461316,0.5925,8.708401341403331e-05,424,5430,0.00016455414001584738,9.387353532367029e-07,0.00016361540466261067,0.4897973859870916,0.5047169811320755,1.2789253217423077e-05,True,False,False,False
ETHUSDT,XRPUSDT,up,453,5371,0.00027672312932243973,7.10895022417175e-05,0.00020563362708072224,0.5073565401593237,0.5364238410596026,8.708401341403331e-05,467,5387,-3.880409514097163e-05,1.726188987667132e-05,-5.6065985017642945e-05,-0.17395300759208412,0.5246252676659529,1.2789253217423077e-05,False,False,False,True
SOLUSDT,ADAUSDT,up,426,5398,-0.00036850336957606084,6.692092924484358e-05,-0.00043542429882090445,-0.9478603798257258,0.5187793427230047,3.507155573905626e-05,458,5396,-0.000374700085339481,-5.866151564813685e-05,-0.0003160385696913441,-0.7698744374487253,0.5262008733624454,-8.338745772511594e-05,True,False,False,False
SOLUSDT,AVAXUSDT,up,489,5335,0.0004979805643369139,-7.358154702246899e-06,0.0005053387190391608,1.053526359084722,0.5664621676891616,3.507155573905626e-05,480,5374,-0.00012339644797230013,-7.981389700337267e-05,-4.358255096892747e-05,-0.11352415310617094,0.5333333333333333,-8.338745772511594e-05,False,False,False,True
SOLUSDT,BTCUSDT,up,384,5440,0.00041508703550200365,8.246933638142368e-06,0.00040684010186386126,0.9365859307531927,0.6015625,3.507155573905626e-05,414,5440,-0.0006238228563583081,-4.2258734373251684e-05,-0.0005815641219850564,-1.4772513749898237,0.45169082125603865,-8.338745772511594e-05,False,False,False,True
SOLUSDT,DOGEUSDT,up,565,5259,-0.0005438388816128245,9.726672537279133e-05,-0.0006411056069856157,-1.5953177862157495,0.5168141592920354,3.507155573905626e-05,476,5378,-0.0002909362042468345,-6.501757982546217e-05,-0.00022591862442137233,-0.6236256995281771,0.48739495798319327,-8.338745772511594e-05,True,False,False,False
SOLUSDT,ETHUSDT,up,385,5439,0.0005264251794066301,2.910547072460151e-07,0.0005261341246993841,1.4657666693467546,0.5636363636363636,3.507155573905626e-05,513,5341,-0.0006124772029532689,-3.256868983482529e-05,-0.0005799085131184436,-2.015382264750146,0.4853801169590643,-8.338745772511594e-05,False,False,False,True
SOLUSDT,XRPUSDT,up,453,5371,0.0005042957867441619,-4.503677298611349e-06,0.0005087994640427733,1.0573856240821051,0.5298013245033113,3.507155573905626e-05,467,5387,-0.0003267893930734608,-6.228690012205726e-05,-0.00026450249295140356,-0.7438721201000144,0.5096359743040685,-8.338745772511594e-05,False,False,False,True
XRPUSDT,ADAUSDT,up,426,5398,-0.00018264110391093751,-7.672534517884121e-05,-0.00010591575873209631,-0.16787074153337395,0.5234741784037559,-8.447261736631942e-05,458,5396,-1.5672160341007234e-05,-0.00010884773844051602,9.317557809950879e-05,0.23184049432467396,0.5545851528384279,-0.00010155795115497193,False,False,False,True
XRPUSDT,AVAXUSDT,up,489,5335,0.0005993435210969557,-0.0001471504227474894,0.0007464939438444452,1.0851457476420543,0.5644171779141104,-8.447261736631942e-05,480,5374,5.601933282858183e-05,-0.00011563258761051826,0.0001716519204391001,0.45803222895898277,0.55,-0.00010155795115497193,True,False,False,False
XRPUSDT,BTCUSDT,up,384,5440,7.583157061447673e-05,-9.578820710614034e-05,0.00017161977772061707,0.27044945110421614,0.5546875,-8.447261736631942e-05,414,5440,-0.0001647281255974656,-9.675051508526748e-05,-6.79776105121981e-05,-0.19703459344881122,0.5120772946859904,-0.00010155795115497193,False,False,False,True
XRPUSDT,DOGEUSDT,up,565,5259,-0.00045846503909354857,-4.429278882935716e-05,-0.0004141722502641914,-0.8073295006417939,0.5079646017699115,-8.447261736631942e-05,476,5378,1.5302569061383224e-05,-0.00011190112847423285,0.00012720369753561607,0.3348536673567989,0.5336134453781513,-0.00010155795115497193,False,False,False,True
XRPUSDT,ETHUSDT,up,385,5439,0.0003780617375572156,-0.00011721314442010893,0.0004952748819773246,1.5198033055891433,0.5142857142857142,-8.447261736631942e-05,513,5341,-0.0006342970216767336,-5.0388667654192375e-05,-0.0005839083540225412,-2.0103038240787012,0.5029239766081871,-0.00010155795115497193,False,True,False,True
XRPUSDT,SOLUSDT,up,400,5424,0.00045749926940559044,-0.00012444104559433637,0.0005819403149999268,0.9080439564909841,0.5725,-8.447261736631942e-05,424,5430,0.000264078210259142,-0.0001301085464477131,0.0003941867567068551,1.190688076999659,0.5023584905660378,-0.00010155795115497193,True,False,False,False
