target,leader,direction,event_count_h1,control_count_h1,event_mean_return_h1,control_mean_return_h1,delta_mean_return_h1,delta_t_stat_h1,event_win_rate_h1,baseline_mean_return_h1,event_count_h2,control_count_h2,event_mean_return_h2,control_mean_return_h2,delta_mean_return_h2,delta_t_stat_h2,event_win_rate_h2,baseline_mean_return_h2,same_sign,both_strong,both_strong_same_sign
ADAUSDT,AVAXUSDT,down,2115,23826,0.00026965455838494216,-7.220024522835706e-05,0.0003418548036132992,1.8304343377586483,0.48557919621749407,-4.432842418668068e-05,2313,25163,-2.7540441762672295e-05,4.980111410267244e-05,-7.734155586534474e-05,-0.3715127559942668,0.4963251188932123,4.3290303987788806e-05,False,False,False
ADAUSDT,BTCUSDT,down,2289,23652,-3.598050766315299e-05,-4.513632123227319e-05,9.155813569120204e-06,0.059164200273549836,0.4831804281345566,-4.432842418668068e-05,1713,25763,0.00010268920741171316,3.9340829098793654e-05,6.33483783129195e-05,0.22685672056127984,0.47869235259778165,4.3290303987788806e-05,True,False,False
ADAUSDT,DOGEUSDT,down,1940,24001,0.0001613695219796233,-6.095498206187876e-05,0.00022232450404150207,1.217873209740706,0.47577319587628863,-4.432842418668068e-05,2303,25173,0.0007351952072890817,-2.000993802956622e-05,0.000755205145318648,3.0555222095819934,0.5245332175423361,4.3290303987788806e-05,True,False,False
ADAUSDT,ETHUSDT,down,2341,23600,9.756203230230914e-05,-5.840323599349105e-05,0.0001559652682958002,0.9857592985545803,0.4908158906450235,-4.432842418668068e-05,2077,25399,-0.00019743168163902777,6.297531379710801e-05,-0.0002604069954361358,-0.9321019475238225,0.49590755897929706,4.3290303987788806e-05,False,False,False
ADAUSDT,SOLUSDT,down,2229,23712,0.00036878804281328866,-8.316262648690551e-05,0.00045195066930019416,2.7285261677830315,0.4948407357559444,-4.432842418668068e-05,2411,25065,4.777411393609975e-05,4.2859006729245915e-05,4.915107206853837e-06,0.02561549459890212,0.4968892575694733,4.3290303987788806e-05,True,False,False
ADAUSDT,XRPUSDT,down,1908,24033,0.0002097223389440363,-6.449772706411619e-05,0.0002742200660081525,1.499422427337982,0.4889937106918239,-4.432842418668068e-05,2130,25346,-6.280226850931184e-05,5.220599795996682e-05,-0.00011500826646927866,-0.5436816435860586,0.4934272300469484,4.3290303987788806e-05,False,False,False
AVAXUSDT,ADAUSDT,down,1877,20131,0.00045420860565253404,-2.6143528578110017e-05,0.00048035213423064404,1.9185924097220501,0.48907831646244004,1.4824344738452997e-05,2111,22307,0.00022189470277903954,5.0916273794095806e-05,0.00017097842898494372,0.8110347764710822,0.4964471814306016,6.569780641704676e-05,True,False,False
AVAXUSDT,BTCUSDT,down,1808,20200,-8.631337041961323e-05,2.387667092685814e-05,-0.00011019004134647137,-0.4471666963276454,0.48008849557522126,1.4824344738452997e-05,1505,22913,0.0002669554737047245,5.247855144092162e-05,0.00021447692226380288,0.8791221448033582,0.48903654485049836,6.569780641704676e-05,False,False,False
AVAXUSDT,DOGEUSDT,down,1704,20304,0.00022342151283198436,-2.682036980980486e-06,0.00022610354981296484,0.8648405707348672,0.47769953051643194,1.4824344738452997e-05,2216,22202,0.0008351412897025603,-1.1100984636042973e-05,0.0008462422743386032,3.86330261166502,0.5166967509025271,6.569780641704676e-05,True,False,False
AVAXUSDT,ETHUSDT,down,2069,19939,0.0001304496631083562,2.8263115518674325e-06,0.00012762335155648878,0.5730130792667336,0.5045915901401643,1.4824344738452997e-05,1908,22510,7.408068685379576e-05,6.498725395710374e-05,9.09343289669202e-06,0.03478876401189878,0.5010482180293501,6.569780641704676e-05,True,False,False
AVAXUSDT,SOLUSDT,down,2006,20002,0.0005602242194579578,-3.987379288215128e-05,0.000600098012340109,2.579282167037265,0.5079760717846461,1.4824344738452997e-05,2288,22130,0.00012677841980275947,5.9382738932794126e-05,6.739568086996535e-05,0.3439813921582824,0.49606643356643354,6.569780641704676e-05,True,False,False
AVAXUSDT,XRPUSDT,down,1696,20312,0.00028114152697231236,-7.412458189305255e-06,0.00028855398516161763,1.082990708790688,0.486438679245283,1.4824344738452997e-05,2039,22379,0.00018677701512082493,5.4666012925514345e-05,0.00013211100219531058,0.5923753866529481,0.4982834722903384,6.569780641704676e-05,True,False,False
BTCUSDT,ADAUSDT,down,2160,27024,0.0002987336513005911,9.940305492198397e-06,0.00028879334580839274,2.337757293000011,0.49722222222222223,3.13148129944643e-05,2239,26975,-2.339071065176621e-05,3.542208702838653e-05,-5.8812797680152744e-05,-0.5624113084363421,0.507815989280929,3.091459561995694e-05,False,False,False
BTCUSDT,AVAXUSDT,down,2163,27021,0.0001985343947577247,1.7929077627381937e-05,0.0001806053171303428,1.3086062553103222,0.4946833102172908,3.13148129944643e-05,2341,26873,3.7539241712769915e-06,3.3280655675081415e-05,-2.9526731503804424e-05,-0.2847418677326763,0.49551473729175566,3.091459561995694e-05,False,False,False
BTCUSDT,DOGEUSDT,down,2083,27101,0.00017174193446087142,2.052149562556551e-05,0.0001512204388353059,1.2036985248652528,0.49351896303408543,3.13148129944643e-05,2336,26878,0.00026771632101362246,1.033386675175236e-05,0.0002573824542618701,2.494953158052845,0.5231164383561644,3.091459561995694e-05,True,False,False
BTCUSDT,ETHUSDT,down,2466,26718,-7.697618213402034e-07,3.427613350856619e-05,-3.504589532990639e-05,-0.3197091734346781,0.5012165450121655,3.13148129944643e-05,2159,27055,0.00014263086983643265,2.199959151596984e-05,0.00012063127832046282,1.0902470117692362,0.5118110236220472,3.091459561995694e-05,False,False,False
BTCUSDT,SOLUSDT,down,2380,26804,0.00022156958562247274,1.4421574714556078e-05,0.00020714801090791665,1.8179409121423722,0.5189075630252101,3.13148129944643e-05,2459,26755,-2.167418918263973e-05,3.574792852332398e-05,-5.742211770596371e-05,-0.5565897512306803,0.5176901179341196,3.091459561995694e-05,False,False,False
BTCUSDT,XRPUSDT,down,2040,27144,3.037196955060936e-06,3.3440009602200184e-05,-3.040281264713925e-05,-0.25025960600635466,0.4965686274509804,3.13148129944643e-05,2145,27069,-5.829962882608896e-05,3.798410359722867e-05,-9.628373242331763e-05,-0.8636326540449955,0.5156177156177156,3.091459561995694e-05,True,False,False
DOGEUSDT,ADAUSDT,down,2113,24954,0.0003588271765501316,-3.203713271038585e-05,0.00039086430926051747,2.149673553691226,0.48840511121628016,-1.524098925057862e-06,2239,26930,0.0002201256379144534,8.367106416409208e-05,0.00013645457375036134,0.6467963095869239,0.49933005806163466,9.414525905000036e-05,True,False,False
DOGEUSDT,AVAXUSDT,down,2124,24943,0.00017146634066517226,-1.6254953019980238e-05,0.0001877212936851525,0.9122652770600497,0.512241054613936,-1.524098925057862e-06,2341,26828,0.00020380111316440272,8.457673532546572e-05,0.000119224377838937,0.5492602349650849,0.5126014523707817,9.414525905000036e-05,True,False,False
DOGEUSDT,BTCUSDT,down,2382,24685,-2.6049159442044207e-05,8.424675789510762e-07,-2.6891627020995283e-05,-0.1586194371703589,0.5037783375314862,-1.524098925057862e-06,1811,27358,0.0001896574589706454,8.782269913859282e-05,0.00010183475983205258,0.5112834756336143,0.4826062948647156,9.414525905000036e-05,False,False,False
DOGEUSDT,ETHUSDT,down,2402,24665,-6.103669886145543e-05,4.271533146591322e-06,-6.530823200804676e-05,-0.4013237342170809,0.4970857618651124,-1.524098925057862e-06,2158,27011,0.00020905199063796988,8.496497224955473e-05,0.00012408701838841513,0.5035185913163636,0.5157553290083411,9.414525905000036e-05,False,False,False
DOGEUSDT,SOLUSDT,down,2287,24780,0.00019236963082491408,-1.9418972207470517e-05,0.00021178860303238458,1.1908746367095007,0.5041539134236992,-1.524098925057862e-06,2458,26711,0.000173372373355916,8.685462047548278e-05,8.651775288043321e-05,0.4465081412153569,0.5028478437754271,9.414525905000036e-05,True,False,False
DOGEUSDT,XRPUSDT,down,1959,25108,-0.00013199119172036908,8.655327344896521e-06,-0.0001406465190652656,-0.7344611247170333,0.49157733537519144,-1.524098925057862e-06,2145,27024,5.094343332649366e-05,9.757435600740574e-05,-4.6630922680912074e-05,-0.20369038641239803,0.5118881118881119,9.414525905000036e-05,True,False,False
ETHUSDT,ADAUSDT,down,2160,27024,0.0004140152097398646,1.7395983831812928e-05,0.00039661922590805167,2.6618100186858435,0.5037037037037037,4.675102522303385e-05,2239,26975,1.96079125338146e-05,4.974776836465605e-05,-3.013985583084145e-05,-0.1995853564913437,0.5055828494863779,4.7437809536517e-05,False,False,False
ETHUSDT,AVAXUSDT,down,2163,27021,0.00015921159469026535,3.774868586632531e-05,0.00012146290882394004,0.7472450854851065,0.5043920480813685,4.675102522303385e-05,2341,26873,0.00021695159739241676,3.267087702542179e-05,0.00018428072036699497,1.2102745170691713,0.49551473729175566,4.7437809536517e-05,True,False,False
ETHUSDT,BTCUSDT,down,2540,26644,7.95632934215391e-05,4.362299785386242e-05,3.5940295567676675e-05,0.29058597949851045,0.4933070866141732,4.675102522303385e-05,1812,27402,7.023071163527117e-05,4.593059332591403e-05,2.4300118309357145e-05,0.1561580037265409,0.4922737306843267,4.7437809536517e-05,True,False,False
ETHUSDT,DOGEUSDT,down,2083,27101,0.00026914233301985485,2.9657888654612825e-05,0.00023948444436524202,1.5511239507472905,0.49639942390782527,4.675102522303385e-05,2336,26878,0.00039910080464766425,1.6874346608485164e-05,0.00038222645803917906,2.450128028792183,0.5303938356164384,4.7437809536517e-05,True,True,True
ETHUSDT,SOLUSDT,down,2380,26804,0.00031881835177567316,2.2593427954145546e-05,0.0002962249238215276,2.153054246237349,0.5138655462184873,4.675102522303385e-05,2459,26755,-4.219025233197733e-05,5.5675350337661745e-05,-9.786560266963907e-05,-0.7035799688587001,0.5095567303782025,4.7437809536517e-05,False,False,False
ETHUSDT,XRPUSDT,down,2040,27144,0.00013739692804648734,3.993855684107667e-05,9.745837120541068e-05,0.6480413641111251,0.5053921568627451,4.675102522303385e-05,2145,27069,4.0634230650313886e-06,5.087487994847669e-05,-4.68114568834453e-05,-0.3037705980020606,0.5104895104895105,4.7437809536517e-05,False,False,False
SOLUSDT,ADAUSDT,down,2141,25849,0.0002680730344723472,-5.4492535043870983e-05,0.0003225655695162182,1.404355466249976,0.48435310602522186,-2.9818977189843767e-05,2239,26975,-8.926094105778528e-05,6.49337091957125e-05,-0.00015419465025349777,-0.8392009621239757,0.4939705225547119,5.311602514294389e-05,False,False,False
SOLUSDT,AVAXUSDT,down,2152,25838,0.0001965707466396791,-4.8674565303518706e-05,0.0002452453119431978,0.9541724713509173,0.4893122676579926,-2.9818977189843767e-05,2341,26873,1.5348487653884463e-05,5.640608599442636e-05,-4.105759834054189e-05,-0.21934129607981062,0.4980777445536096,5.311602514294389e-05,False,False,False
SOLUSDT,BTCUSDT,down,2460,25530,-4.225749950959384e-05,-2.8620435673722112e-05,-1.363706383587173e-05,-0.07120202781884483,0.4739837398373984,-2.9818977189843767e-05,1812,27402,-7.145936379979287e-05,6.135376708748222e-05,-0.0001328131308872751,-0.7379017134373709,0.4624724061810154,5.311602514294389e-05,True,False,False
SOLUSDT,DOGEUSDT,down,2037,25953,9.23955621199185e-06,-3.288460476814064e-05,4.2124160980132496e-05,0.18641126735312713,0.4634266077565047,-2.9818977189843767e-05,2336,26878,0.0004545351034504903,1.822819989826688e-05,0.0004363069035522234,2.346081734808856,0.5081335616438356,5.311602514294389e-05,True,False,False
SOLUSDT,ETHUSDT,down,2435,25555,-9.000949878850853e-05,-2.4083742594158023e-05,-6.592575619435051e-05,-0.3291601004822332,0.4878850102669405,-2.9818977189843767e-05,2159,27055,1.2495342032391417e-06,5.725499220776825e-05,-5.600545800452911e-05,-0.29671754443182086,0.4969893469198703,5.311602514294389e-05,True,False,False
SOLUSDT,XRPUSDT,down,2012,25978,1.1539652577490632e-05,-3.3022209274372086e-05,4.456186185186272e-05,0.1930552708026968,0.4885685884691849,-2.9818977189843767e-05,2145,27069,-0.00013638849697107666,6.813273059695307e-05,-0.00020452122756802973,-1.026516583045827,0.4965034965034965,5.311602514294389e-05,False,False,False
XRPUSDT,ADAUSDT,down,2159,26856,0.0007344549695515628,0.00014994620847088048,0.0005845087610806823,2.8857356370098697,0.5159796201945345,0.00019343938149080786,2239,26958,-6.18650268853421e-05,2.219189216519962e-05,-8.405691905054172e-05,-0.46048619122400725,0.4970969182670835,1.574590655865911e-05,False,False,False
XRPUSDT,AVAXUSDT,down,2163,26852,0.0002868661225092216,0.00018591360907821926,0.00010095251343100235,0.4498399529057812,0.5108645399907535,0.00019343938149080786,2341,26856,3.3417881351687936e-05,1.4205465205126181e-05,1.9212416146561755e-05,0.1015906876264926,0.506193934216147,1.574590655865911e-05,True,False,False
XRPUSDT,BTCUSDT,down,2522,26493,2.656703681281895e-05,0.00020932478719336658,-0.00018275775038054763,-1.2143827628516597,0.49881046788263284,0.00019343938149080786,1812,27385,0.0001699331864491943,5.543702755056785e-06,0.0001643894836941375,0.8571140779767846,0.48233995584988965,1.574590655865911e-05,False,False,False
XRPUSDT,DOGEUSDT,down,2080,26935,0.00036570282673363243,0.00018013669108408518,0.00018556613564954725,1.1037948564233655,0.48701923076923076,0.00019343938149080786,2336,26861,0.00046037647942942734,-2.2921939695244882e-05,0.0004832984191246722,2.456727768816968,0.5184075342465754,1.574590655865911e-05,True,False,False
XRPUSDT,ETHUSDT,down,2463,26552,0.00038677825354259296,0.0001755050020894992,0.00021127325145309375,1.1654617777811482,0.5196914332115307,0.00019343938149080786,2157,27040,5.133725907494808e-05,1.290675909646847e-05,3.843049997847961e-05,0.1760343028758932,0.5062586926286509,1.574590655865911e-05,True,False,False
XRPUSDT,SOLUSDT,down,2376,26639,0.00045523146360066757,0.0001700894814535307,0.0002851419821471369,1.6354539621071313,0.5130471380471381,0.00019343938149080786,2458,26739,4.433638664874754e-05,1.3117708044823964e-05,3.121867860392358e-05,0.18909007448232074,0.5012205044751831,1.574590655865911e-05,True,False,False
ADAUSDT,AVAXUSDT,up,1980,23961,0.0004757708888488487,-8.730645681513306e-05,0.0005630773456639817,2.5975495308910115,0.5237373737373737,-4.432842418668068e-05,2168,25308,0.00014813375104958158,3.430893077655256e-05,0.00011382482027302903,0.3580431604530755,0.5309040590405905,4.3290303987788806e-05,True,False,False
ADAUSDT,BTCUSDT,up,1788,24153,-0.0001010416374750593,-4.0130054404060653e-05,-6.091158307099864e-05,-0.3546437523624746,0.48713646532438476,-4.432842418668068e-05,1864,25612,-0.00010087372068948873,5.3782328897926446e-05,-0.00015465604958741518,-0.5629652189278138,0.5085836909871244,4.3290303987788806e-05,True,False,False
ADAUSDT,DOGEUSDT,up,2004,23937,-6.84301856735093e-05,-4.23106303938242e-05,-2.6119555279685106e-05,-0.13028181800769556,0.5229540918163673,-4.432842418668068e-05,2372,25104,-0.00034840524195256875,8.030041532345354e-05,-0.0004287056572760223,-1.7795226490279805,0.4936762225969646,4.3290303987788806e-05,True,False,False
ADAUSDT,ETHUSDT,up,1906,24035,2.7192926309264563e-05,-5.0000140186067855e-05,7.719306649533241e-05,0.40346862686989954,0.5026232948583421,-4.432842418668068e-05,2050,25426,-0.00018066990988302545,6.134734947017572e-05,-0.00024201725935320116,-1.2554899389030871,0.5034146341463415,4.3290303987788806e-05,False,False,False
ADAUSDT,SOLUSDT,up,2097,23844,5.984083246078507e-05,-5.3489761679959294e-05,0.00011333059414074436,0.6180106851779414,0.49690033381020504,-4.432842418668068e-05,1812,25664,0.0001244238040394013,3.7561894461077385e-05,8.686190957832391e-05,0.2944989693847517,0.5204194260485652,4.3290303987788806e-05,True,False,False
ADAUSDT,XRPUSDT,up,1686,24255,0.00010430812097690966,-5.466036461734703e-05,0.0001589684855942567,0.7838890860612149,0.5005931198102017,-4.432842418668068e-05,1968,25508,3.282208813044389e-05,4.409795056169718e-05,-1.1275862431253287e-05,-0.03432831010090345,0.5096544715447154,4.3290303987788806e-05,False,False,False
AVAXUSDT,ADAUSDT,up,1794,20214,0.0006954642027485023,-4.5582695197731255e-05,0.0007410468979462335,2.7247885052249363,0.5273132664437012,1.4824344738452997e-05,2026,22392,-0.00020554019517952964,9.023907969476485e-05,-0.00029577927487429447,-1.1122852507415042,0.5074037512339585,6.569780641704676e-05,False,False,False
AVAXUSDT,BTCUSDT,up,1439,20569,-0.0006150127466281549,5.8887525956623496e-05,-0.0006739002725847784,-2.77256278594301,0.4718554551772064,1.4824344738452997e-05,1690,22728,2.4759011965958766e-05,6.874191776086664e-05,-4.398290579490787e-05,-0.15854900187275064,0.5088757396449705,6.569780641704676e-05,True,False,False
AVAXUSDT,DOGEUSDT,up,1771,20237,-0.0002930671825797613,4.1768847129151106e-05,-0.0003348360297089124,-1.2741126859729228,0.5059288537549407,1.4824344738452997e-05,2301,22117,-0.0002494650676625905,9.84866011567151e-05,-0.0003479516688193056,-1.5433709421999882,0.4906562364189483,6.569780641704676e-05,True,False,False
AVAXUSDT,ETHUSDT,up,1629,20379,0.00021620272752477708,-1.272882091073544e-06,0.00021747560961585063,0.8020373315377297,0.4978514426028238,1.4824344738452997e-05,1894,22524,-0.0003212053687233532,9.823175303913509e-05,-0.00041943712176248826,-1.9139471901172465,0.4720168954593453,6.569780641704676e-05,False,False,False
AVAXUSDT,SOLUSDT,up,1888,20120,0.00020840983426572134,-3.341132608837381e-06,0.0002117509668745587,0.8491148259464779,0.513771186440678,1.4824344738452997e-05,1702,22716,4.2188736370510666e-05,6.745922731945931e-05,-2.5270490948948643e-05,-0.0898288213091518,0.5041128084606346,6.569780641704676e-05,False,False,False
AVAXUSDT,XRPUSDT,up,1516,20492,0.00037034881245046666,-1.1477387305828324e-05,0.000381826199756295,1.425336454213559,0.5164907651715039,1.4824344738452997e-05,1847,22571,-2.2446845982418567e-05,7.291074217451484e-05,-9.535758815693341e-05,-0.3493341649549033,0.4975636166756903,6.569780641704676e-05,False,False,False
BTCUSDT,ADAUSDT,up,2090,27094,0.0001509470137239235,2.2086522615614018e-05,0.00012886049110830947,1.0070169085720289,0.539712918660287,3.13148129944643e-05,2150,27064,-7.044087523346804e-06,3.3930083676345626e-05,-4.097417119969243e-05,-0.3672713274941042,0.5251162790697674,3.091459561995694e-05,False,False,False
BTCUSDT,AVAXUSDT,up,2027,27157,0.00016560116504355486,2.1291672161400768e-05,0.0001443094928821541,0.9589923673381114,0.5500740009866798,3.13148129944643e-05,2202,27012,8.062688129947736e-05,2.686208365985388e-05,5.376479763962348e-05,0.4492976612008449,0.547683923705722,3.091459561995694e-05,True,False,False
BTCUSDT,DOGEUSDT,up,2116,27068,-0.0002025056402323742,4.9593373620590735e-05,-0.00025209901385296493,-1.9872886868143445,0.5226843100189036,3.13148129944643e-05,2401,26813,-3.323631516784524e-05,3.6659060498989976e-05,-6.989537566683521e-05,-0.6934596185086007,0.5243648479800084,3.091459561995694e-05,True,False,False
BTCUSDT,ETHUSDT,up,2047,27137,9.09935966321357e-05,2.6813118993420957e-05,6.418047763871475e-05,0.5075419571596789,0.5236932095749878,3.13148129944643e-05,2104,27110,-0.00018392010508216992,4.7587860477104693e-05,-0.00023150796555927462,-2.2271804024085604,0.5057034220532319,3.091459561995694e-05,False,False,False
BTCUSDT,SOLUSDT,up,2234,26950,-5.377069122687837e-07,3.395520369842132e-05,-3.4492910610690105e-05,-0.28717804724381885,0.5116383169203222,3.13148129944643e-05,1836,27378,0.00014823108087826353,2.3047217910326917e-05,0.00012518386296793662,1.0585203110147072,0.5266884531590414,3.091459561995694e-05,False,False,False
BTCUSDT,XRPUSDT,up,1847,27337,7.479674390360135e-05,2.8376995150912468e-05,4.641974875268888e-05,0.35313092180439026,0.531672983216026,3.13148129944643e-05,1994,27220,0.0001495169066808188,2.2226388116086314e-05,0.0001272905185647325,1.0601521861182377,0.5280842527582749,3.091459561995694e-05,True,False,False
DOGEUSDT,ADAUSDT,up,2033,25034,0.0003243611377911833,-2.798909398154577e-05,0.0003523502317727291,1.6386142292771797,0.5479586817511067,-1.524098925057862e-06,2149,27020,2.970774011534922e-05,9.927021198081332e-05,-6.95624718654641e-05,-0.26694687676974677,0.5309446254071661,9.414525905000036e-05,False,False,False
DOGEUSDT,AVAXUSDT,up,1993,25074,0.00018126202649844912,-1.6052803877161596e-05,0.00019731483037561072,0.7930477729005697,0.5308580030105369,-1.524098925057862e-06,2200,26969,0.00016393332025755697,8.845228805898758e-05,7.548103219856939e-05,0.2798229388308895,0.5372727272727272,9.414525905000036e-05,True,False,False
DOGEUSDT,BTCUSDT,up,1885,25182,2.1744725482964014e-05,-3.2658880605165887e-06,2.5010613543480604e-05,0.13411299797626552,0.5023872679045093,-1.524098925057862e-06,1962,27207,-5.932805558721131e-06,0.00010136226800954431,-0.00010729507356826543,-0.44865698549875754,0.5254841997961264,9.414525905000036e-05,False,False,False
DOGEUSDT,ETHUSDT,up,1990,25077,-4.6981485038289504e-05,2.083198533383371e-06,-4.9064683571672875e-05,-0.23363768069830906,0.5130653266331658,-1.524098925057862e-06,2103,27066,-0.00010252651962356431,0.00010942645134108539,-0.0002119529709646497,-0.9978273102029784,0.4969091773656681,9.414525905000036e-05,True,False,False
DOGEUSDT,SOLUSDT,up,2155,24912,6.829181627445379e-05,-7.5634894699738705e-06,7.585530574442766e-05,0.3676320665492336,0.5132250580046404,-1.524098925057862e-06,1836,27333,0.0004643994673056985,6.927470966436902e-05,0.00039512475764132946,1.4391987240837842,0.5315904139433552,9.414525905000036e-05,True,False,False
DOGEUSDT,XRPUSDT,up,1747,25320,8.079671051677357e-05,-7.203974679200046e-06,8.80006851959736e-05,0.39219954710720606,0.5300515168860904,-1.524098925057862e-06,1994,27175,0.00031321747144898507,7.80705583499608e-05,0.00023514691309902428,0.8775299667760711,0.5325977933801405,9.414525905000036e-05,True,False,False
ETHUSDT,ADAUSDT,up,2090,27094,7.690304710410454e-05,4.442513293206768e-05,3.2477914172036865e-05,0.20842412588340406,0.5354066985645933,4.675102522303385e-05,2150,27064,-0.00011863797310460598,6.0631089638438907e-05,-0.00017926906274304488,-1.1388232493414385,0.5274418604651163,4.7437809536517e-05,False,False,False
ETHUSDT,AVAXUSDT,up,2027,27157,0.00027246188246552285,2.990395420522903e-05,0.00024255792826029381,1.3299140351038168,0.5505673408978786,4.675102522303385e-05,2202,27012,-7.118365959488088e-07,5.136293617592504e-05,-5.2074772771873845e-05,-0.29596247840266593,0.5472297910990009,4.7437809536517e-05,False,False,False
ETHUSDT,BTCUSDT,up,2016,27168,-0.0001692007065562527,6.277571203351094e-05,-0.00023197641858976366,-1.8421220612740485,0.5153769841269841,4.675102522303385e-05,1962,27252,0.0001220799475189655,4.206397001202104e-05,8.001597750694446e-05,0.5667977288479751,0.5219164118246687,4.7437809536517e-05,False,False,False
ETHUSDT,DOGEUSDT,up,2116,27068,-0.000278256460567092,7.215799433534012e-05,-0.00035041445490243214,-2.237353945391557,0.5236294896030246,4.675102522303385e-05,2401,26813,-0.00010302454280962839,6.0911128746717104e-05,-0.0001639356715563455,-1.131282254028989,0.5139525197834236,4.7437809536517e-05,True,False,False
ETHUSDT,SOLUSDT,up,2234,26950,1.2867033183908584e-05,4.955981328297468e-05,-3.6692780099066094e-05,-0.23984987291269103,0.5165622202327663,4.675102522303385e-05,1836,27378,0.00017242249867557562,3.905619330233952e-05,0.00013336630537323608,0.7504764962689394,0.528322440087146,4.7437809536517e-05,False,False,False
ETHUSDT,XRPUSDT,up,1847,27337,0.00013535380055209074,4.0764657807707784e-05,9.458914274438295e-05,0.5972767876704888,0.5224688684353005,4.675102522303385e-05,1994,27220,0.00021331635995400325,3.528638302907881e-05,0.00017802997692492443,1.0351807908453947,0.5391173520561685,4.7437809536517e-05,True,False,False
SOLUSDT,ADAUSDT,up,2064,25926,0.00044959999376379295,-6.798609730279232e-05,0.0005175860910665853,2.098037706122398,0.5295542635658915,-2.9818977189843767e-05,2150,27064,-0.00014988903171587054,6.924301569299012e-05,-0.00021913204740886067,-1.0290391336501687,0.5153488372093024,5.311602514294389e-05,False,False,False
SOLUSDT,AVAXUSDT,up,2014,25976,0.0004106752519999868,-6.397186360762626e-05,0.000474647115607613,1.6603426906711183,0.5233366434955313,-2.9818977189843767e-05,2202,27012,0.00014939033245667046,4.526780862047884e-05,0.00010412252383619162,0.4754730454685951,0.5367847411444142,5.311602514294389e-05,True,False,False
SOLUSDT,BTCUSDT,up,1931,26059,-9.330992444044239e-05,-2.5114229534872104e-05,-6.81956949055703e-05,-0.32603913872852247,0.476954945624029,-2.9818977189843767e-05,1962,27252,4.8636793094136344e-05,5.34385061821249e-05,-4.801713087988557e-06,-0.02488728018179795,0.5239551478083588,5.311602514294389e-05,True,False,False
SOLUSDT,DOGEUSDT,up,2078,25912,-0.00030685984431943266,-7.601822130593745e-06,-0.00029925802218883893,-1.281481383310155,0.5057747834456208,-2.9818977189843767e-05,2401,26813,-8.244316477882742e-05,6.525482404654188e-05,-0.00014769798882536932,-0.8057579790688557,0.5127030403998334,5.311602514294389e-05,True,False,False
SOLUSDT,ETHUSDT,up,2014,25976,0.00011798057043154323,-4.127833540163438e-05,0.0001592589058331776,0.6811178856971956,0.5009930486593843,-2.9818977189843767e-05,2104,27110,-0.0001454300680511962,6.852513543731758e-05,-0.0002139552034885138,-1.1930104458077222,0.5019011406844106,5.311602514294389e-05,False,False,False
SOLUSDT,XRPUSDT,up,1803,26187,3.487636880561793e-05,-3.427331364800306e-05,6.9149682453621e-05,0.27431272572608173,0.49417637271214643,-2.9818977189843767e-05,1994,27220,0.00021884913092008417,4.0975253176756625e-05,0.00017787387774332756,0.8398942781058091,0.5245737211634904,5.311602514294389e-05,True,False,False
XRPUSDT,ADAUSDT,up,2088,26927,0.00039816701815987405,0.00017756418910528366,0.0002206028290545904,0.9953319816059971,0.5493295019157088,0.00019343938149080786,2150,27047,-0.00010089753457773609,2.501804019430262e-05,-0.0001259155747720387,-0.5707429290915123,0.5386046511627907,1.574590655865911e-05,False,False,False
XRPUSDT,AVAXUSDT,up,2025,26990,0.0004079694023021488,0.00017734366855479583,0.00023062573374735295,0.9657191918790101,0.5496296296296296,0.00019343938149080786,2202,26995,0.00040505598604298216,-1.6010374049767594e-05,0.0004210663600927498,1.7531865045176218,0.5622161671207992,1.574590655865911e-05,True,False,False
XRPUSDT,BTCUSDT,up,1988,27027,0.00020261772408750322,0.0001927642586476425,9.853465439860714e-06,0.05384367394704926,0.5100603621730382,0.00019343938149080786,1961,27236,-8.2542102404293e-05,2.2822672074019256e-05,-0.00010536477447831225,-0.4914646237724302,0.5150433452320244,1.574590655865911e-05,False,False,False
XRPUSDT,DOGEUSDT,up,2113,26902,-0.00014185003479018826,0.00021977446946202728,-0.00036162450425221556,-1.601622677558091,0.5295787979176526,0.00019343938149080786,2401,26796,-3.292230619206812e-05,2.0106720815059154e-05,-5.302902700712727e-05,-0.2751167344008393,0.5185339441899208,1.574590655865911e-05,True,False,False
XRPUSDT,ETHUSDT,up,2045,26970,0.0001667775461313131,0.00019546101490979813,-2.868346877848502e-05,-0.12278688390456757,0.5295843520782396,0.00019343938149080786,2104,27093,-0.0002031295736644782,3.274343397863774e-05,-0.00023587300764311595,-1.3259531322452653,0.5052281368821293,1.574590655865911e-05,True,False,False
XRPUSDT,SOLUSDT,up,2227,26788,0.00024679358435422043,0.00018900382042701737,5.7789763927203056e-05,0.28547910450018726,0.513695554557701,0.00019343938149080786,1836,27361,0.00032194245283587733,-4.8007422833046996e-06,0.00032674319511918204,1.4293932284461686,0.5392156862745098,1.574590655865911e-05,True,False,False
