bucket_start,year,funding_pre,d_oi_event,basket4,basket5,fwd_avax,fwd_ada,fwd_xrp,fwd_sol,fwd_doge
2023-01-15 23:00:00+00:00,2023,0.00029155,-0.000216014101226,-0.003332231639035975,-0.00261936005588986,-0.0035629453681709,-0.0014273479874393,-0.000519345624513,-0.0078192875760207,0.0002321262766946
2023-01-15 23:15:00+00:00,2023,0.00029155,0.002892701043752,-0.000425511510840475,-0.00172481160830318,-0.0011890606420926,0.002,-0.002076304178562,-0.0004366812227073,-0.006922011998154
2023-01-23 20:30:00+00:00,2023,0.00024277,-0.0011156712980154,-0.00018172478748425003,0.00030792932685756,0.000564015792442,-0.0015970188980569,-0.0009330534173082,0.0012391573729861,0.0022665457842248
2023-01-23 20:45:00+00:00,2023,0.00024277,0.0001846556598092,0.0004313139238995,0.0006842258140772001,0.0005627462014632,0.000532056397978,0.0018634987188446,-0.0012330456226878,0.001695873374788
2023-02-03 20:15:00+00:00,2023,0.00026226,0.0016547150497117,-0.0005851813365644,-9.586870880037997e-05,-0.0028208744710859,-0.000248508946322,0.0019526482792286,-0.0012239902080783,0.0018613818022557
2023-02-03 21:15:00+00:00,2023,0.00026226,0.0017968206721101,-0.000561254009952725,-0.0007520335109924799,-0.0009429514380009,0.0,-0.0004867364322218,-0.0008153281695882,-0.0015151515151515
2023-02-04 17:00:00+00:00,2023,0.00013731,0.0097260267696162,0.001148104056648875,0.00447025393801826,-0.0009420631182288,0.0017356806347632,0.0033922946450206,0.0004065040650405,0.0177588534634958
2023-02-04 21:30:00+00:00,2023,0.00013731,0.00161499862696,0.00012110862943074996,5.555177902255997e-05,-0.0018788163457021,0.0004965243296921,0.0002413709872073,0.0016253555465257,-0.0002066756226102
2023-02-16 17:30:00+00:00,2023,0.00015425,0.0076748260472883,0.0014201570992163999,0.0015358591903657597,0.0049950049950051,0.0024467824810374,-0.0005001250312577,-0.0012610340479192,0.0019986675549632
2023-02-16 18:30:00+00:00,2023,0.00015425,0.0015243259511472,-0.006954416130699875,-0.00647434041316812,-0.0133004926108374,-0.0065869724323005,-0.0024931438544003,-0.0054370556252613,-0.0045540375430411
2023-02-16 20:30:00+00:00,2023,0.00015425,0.0031649937661664,-0.005674872192260525,-0.00549390116096344,-0.0076026355803345,-0.0054821829055569,-0.0040424456796361,-0.0055722246035146,-0.0047700170357751
2023-02-19 17:15:00+00:00,2023,0.00011716,-0.0006071152942785,-0.00966794998766125,-0.00942578856155754,-0.0126008064516128,-0.0089042790007419,-0.0046059365404298,-0.0125607779578605,-0.0084571428571427
2023-04-17 21:45:00+00:00,2023,0.00029736,0.0020944499185668,0.0024883986078757,0.00225224225995206,0.0029197080291969,0.0032310177705976,0.0013687915526008,0.0024340770791075,0.0013076168682575
2023-04-18 21:45:00+00:00,2023,0.00016293,-0.0001515297607665,-0.0003297474874269333,-0.000835231513485725,,0.0004528985507246,0.00057317539167,-0.0020153164046754,-0.0023516835916621
2023-10-29 22:15:00+00:00,2023,0.00012121,0.0013807165911057,0.0018188002091504998,0.00147165787950735,-0.0008802816901408,,0.0005386963548215,0.0057979859627708,0.0004302308905779
2023-11-04 23:00:00+00:00,2023,0.000188,0.0073969432388787,-0.002264944277545675,-0.0020145310261459196,-0.0040749796251018,-0.0012165450121652,0.0,-0.0037682524729157,-0.0010128780205469
2023-11-05 17:00:00+00:00,2023,0.0001587,0.0065755847137018,-0.0023013658937848496,-0.0013050509601964196,-0.0024057738572574,-0.0011448196908987,-0.0010721396844846,-0.0045827303424987,0.0026802087741573
2023-11-06 23:30:00+00:00,2023,0.00019251,0.0072271591469412,-0.001468008093289575,-0.00183091907967368,-0.0038284839203676,0.0038652678078408,-0.0085410249229908,0.0026322086623593,-0.0032825630252101
2023-11-06 23:45:00+00:00,2023,0.00019251,0.0086005881789987,-0.004098561406683674,-0.005400100925792099,-0.0091743119266054,0.0030353200883002,-0.0104924454392836,0.0002371916508541,-0.0106062590022258
2023-11-09 23:30:00+00:00,2023,0.00027145,-0.0004283008061272,0.006839869394354875,0.0075207959389233,0.0053846153846153,0.0089747076420994,-0.0044970769000149,0.0174972314507197,0.010244502117197
2023-11-11 17:30:00+00:00,2023,0.00037359,0.0079180736777801,-0.0003670007393820751,0.0022601288648786398,-0.0032071840923669,-0.0007706139224248,0.0026785714285713,-0.0001687763713079,0.0127686472819215
2023-11-11 18:00:00+00:00,2023,0.00037359,0.0047303150927524,0.0039818692808518755,0.0024614909308605204,0.0186615186615186,0.003598971722365,-0.0005936479667556,-0.0057393652937205,-0.0036200224691049
2023-11-11 18:45:00+00:00,2023,0.00037359,-0.0007604690326122,0.0058910491220007,0.00586327070938,0.0095057034220531,0.0069195284469503,-0.0008883624518803,0.0080273270708797,0.0057521570588972
2023-11-11 23:45:00+00:00,2023,0.00037359,-0.0009041017313622,-0.0093912493756434,-0.0103668662351306,-0.0196545562835019,-0.0114464099895942,-0.0096589194083911,0.0031948881789136,-0.0142693336730794
2023-11-16 21:00:00+00:00,2023,0.00035663,0.0031651605187261,0.004956434963113475,0.0052829381377487205,0.0167753960857408,0.0068212824010913,-0.0027655767040833,-0.0010053619302949,0.0065889508362897
2023-11-16 21:15:00+00:00,2023,0.00035663,0.002478526972184,-0.003054658961473775,-0.0024437271691790203,0.0088289962825278,0.0,-0.0019553527782303,-0.0190922793501926,0.0
2023-11-16 23:00:00+00:00,2023,0.00035663,0.0052735070644083,0.00028224494148240014,0.0004307664886714001,-0.0069476609541453,0.0035335689045934,0.0,0.0045430718154815,0.0010248526774274
2023-11-16 23:30:00+00:00,2023,0.00035663,5.7932990631615056e-05,0.01370220840983225,0.0161319740480603,0.0354477611940298,0.0008125677139763,0.0009802319882372,0.0175682727430857,0.0258510366009725
2023-11-16 23:45:00+00:00,2023,0.00035663,0.0019608273838567,0.0237933350081443,0.01810349901192632,0.0617227084292952,0.0040474905558554,0.0060467396633436,0.023356401384083,-0.0046558449729456
2023-11-17 16:30:00+00:00,2023,0.0001306,-0.0008237434427238,0.0193268402505531,0.016692241431211702,0.026750972762646,0.0150543629774182,0.0116279069767439,0.0238741182854043,0.0061538461538461
2023-11-17 19:45:00+00:00,2023,0.0001306,0.0019701143948991,0.005251498679941225,0.00412883131640504,0.009910335063709,0.0013743815283122,0.0032954358213874,0.0064258423063563,-0.0003618381377397
2023-11-17 20:45:00+00:00,2023,0.0001306,0.0031214715332748,-0.0015593204056509,-0.00235548956551796,-0.0037365716954694,-0.0002758620689654,-0.0003286230693394,-0.0018962247888294,-0.0055401662049862
2023-11-17 22:00:00+00:00,2023,0.0001306,0.0087365870057203,0.00059271691462465,0.0022409158022023,0.0064635272391504,0.0005480953685941,0.0001628134158253,-0.0048035683650712,0.0088337113525129
2023-12-06 16:15:00+00:00,2023,0.00014636,0.0037448755625362,0.0028016532870656,0.00198387139685718,0.0079847908745247,-0.0042562724014336,-0.0006377551020407,0.008115849777212,-0.0012872561639765
2023-12-06 17:00:00+00:00,2023,0.00014636,0.0027570533210021,0.007269920807429625,0.0061359366459436595,0.0136105860113422,0.0062992125984251,0.000318928400574,0.0088509562193772,0.0015999999999998
2023-12-06 17:15:00+00:00,2023,0.00014636,0.0022589268801602,0.006628182833586326,0.0020414605639460202,0.0217554388597147,0.0049393803322854,-0.0022296544035675,0.0020475665459127,-0.0163054285146152
2023-12-06 18:00:00+00:00,2023,0.00014636,0.0037867186736932,-0.0031833759137275004,-0.0048400018776325205,-0.006581352833638,-0.002233139794551,0.0015954052329292,-0.0055144162596502,-0.0114665057332526
2023-12-06 21:15:00+00:00,2023,0.00014636,3.778040894242274e-05,-0.00015974910400602506,0.00128328185396056,-0.0052611800075159,0.0033564555829044,0.0022064617809298,-0.0009407337723424,0.0070554056858269
2023-12-06 21:30:00+00:00,2023,0.00014636,0.0063155150514451,0.004481543033156624,0.00470266846687708,0.0045283018867925,0.0121375590020227,0.0021988377571853,-0.000938526513374,0.0055871702017589
2023-12-06 23:15:00+00:00,2023,0.00014636,0.0070669890206735,-0.00364807654374475,-0.00304479032226814,-0.0041809198023564,-0.0047191011235955,0.0056568196103079,-0.011349104859335,-0.0006316454363617
2023-12-07 19:30:00+00:00,2023,0.00024177,0.0040095890788944,0.011618843978453799,0.010145957973658578,0.0094768764215313,0.0189605175105955,0.007191994996873,0.0108459869848154,0.0042544139544777
2023-12-07 20:00:00+00:00,2023,0.00024177,0.0007211677725549,-0.00589330819630495,-0.006981115525482839,-0.0067592940292903,-0.0067863397548161,-0.0051226327227568,-0.0049049662783566,-0.0113323448421944
2023-12-07 20:45:00+00:00,2023,0.00024177,0.0182148039315348,0.005123130279547724,0.006422834364604499,-0.0138732658417698,0.0057331863285556,0.0051441932969604,0.0234884073344447,0.0116216507048316
2023-12-07 21:00:00+00:00,2023,0.00024177,0.0030978284085334,0.009572589121478901,0.01011664959755726,-0.0060240963855421,0.0050560562761046,0.0052910052910053,0.0339673913043478,0.0122928915018707
2023-12-07 21:15:00+00:00,2023,0.00024177,-0.0002804516359451,0.006997472967133675,0.007555216965346121,0.0053231939163498,0.0043850032887524,0.0015508684863523,0.0167308261770802,0.0097861929581959
2023-12-07 21:30:00+00:00,2023,0.00024177,-0.0010546577424708,0.0051477389249583,0.00508968005232142,0.0102272727272727,0.0041557305336832,-0.0012383900928792,0.0074463425317565,0.0048574445617739
2023-12-09 17:15:00+00:00,2023,0.00047806,0.004001106151579,-0.011832520919546124,-0.01087375931985006,-0.0097392397109644,-0.0251755437574926,-0.0034503450345033,-0.0089649551752242,-0.0070387129210658
2023-12-12 17:30:00+00:00,2023,0.00017383,0.0037061875817105,0.01535523193644645,0.0137635720388776,0.0202906498491912,0.020979020979021,0.0088713652045342,0.0112798917130394,0.0073969324486022
2023-12-12 20:30:00+00:00,2023,0.00017383,0.0013345593732461,0.011260182408982425,0.0108304693896005,0.0139973082099598,0.0121865065347934,0.0050381927515033,0.0138187221396732,0.0091116173120728
2023-12-17 17:15:00+00:00,2023,0.00010706,0.0040863164459585,-0.004572249057767876,-0.005465967177212941,-0.0028255238992229,-0.0108677753993082,-0.002573588547531,-0.0020221083850094,-0.0090408396549932
2023-12-21 19:30:00+00:00,2023,0.00024984,0.0093372839850061,0.006929950828595049,0.01395688050406072,-0.001100352112676,0.0065316786414106,0.0102206359506815,0.0120678408349641,0.0420645992059234
2023-12-21 21:30:00+00:00,2023,0.00024984,0.0072430168038606,0.004718024714773126,0.002720483008024321,0.0039395929087326,0.0025715204114433,-0.0009621552277101,0.0133231407666267,-0.0052696838189709
2023-12-21 23:15:00+00:00,2023,0.00024984,0.004960096608743,0.0001136264860507999,0.00011195825348581993,-0.0060540540540541,0.0076154212279866,0.0014441591784339,-0.0025510204081632,0.0001052853232259
2023-12-22 20:00:00+00:00,2023,0.00033018,0.0041339592691462,-0.00065259537391355,0.00020333441134492,-0.0050884955752212,-0.0001612383102225,0.0012913640032281,0.0013479883865614,0.0036270535523788
2023-12-25 16:30:00+00:00,2023,0.00041768,0.0047648882755209,0.00471012493867335,0.00545667534903632,0.0052312199204853,0.0043661060802069,0.0014236001265421,0.0078195736274591,0.0084428769904882
2023-12-25 17:00:00+00:00,2023,0.00041768,0.0012035592068071,0.0029410384264485752,0.0018441406182254,0.0008326394671107,0.001610046691354,-0.0003159058600537,0.0096373734073833,-0.0025434506146673
2023-12-25 18:30:00+00:00,2023,0.00041768,0.0071238901106716,-0.001808232124553425,-0.00205949915203628,-0.0018703241895261,-0.0012797952327627,0.0020417779173864,-0.0061245869933113,-0.0030645672619677
2023-12-25 22:30:00+00:00,2023,0.00041768,0.0047243934754133,-0.0009990492493864998,-0.0014958828447277,0.0029063732613661,-0.0102929532858273,0.0038910505836575,-0.0005006675567423,-0.0034832172260925
2023-12-26 16:15:00+00:00,2023,0.00044854,-0.0007340278576908,-0.0009755789041065496,-0.00036804723442049965,-0.0052921719955898,-0.0045676998368678,0.0051529790660225,0.0008045771500089,0.0020620794443237
2023-12-26 18:45:00+00:00,2023,0.00044854,0.0052099992736172,0.000451565383476025,0.00067115822819752,0.000230202578269,0.0021933524548674,-0.0014539579967689,0.0008366644975366,0.0015495296070835
2023-12-26 19:15:00+00:00,2023,0.00044854,-0.0008313808424248,-0.007263534576116875,-0.0065622919110869,-0.0103567318757192,-0.0065656565656565,-0.0027503640187672,-0.0093813858443246,-0.003757321250967
2023-12-26 21:45:00+00:00,2023,0.00044854,-0.0004350685308821,0.008315952144031875,0.00735644505772136,0.0091199270405837,0.0059780803719695,0.0033942136738323,0.014771587489742,0.0035184167124793
2023-12-27 16:00:00+00:00,2023,0.0004619,0.0010777583541898,0.0005309950516104497,0.0015398383914544996,-0.0030190431955411,0.0157683024939661,0.0025252525252523,-0.0131505316172355,0.0055752117508307
2023-12-27 18:15:00+00:00,2023,0.0004619,8.307647011118746e-05,0.007008886490928275,0.00635753800920916,0.0049342105263157,0.0097350781998084,-0.0020353843745108,0.0154016416120998,0.0037521440823327
2023-12-27 18:45:00+00:00,2023,0.0004619,0.0007181293042302,-0.0014817962236536,-0.00154856845387748,0.0021042787000233,-0.003003003003003,0.0007844367743961,-0.0058128973660308,-0.001815657374773
2023-12-27 19:45:00+00:00,2023,0.0004619,0.0001688017644738,-0.0009460700409800501,-0.00015728429830868008,0.0023320895522387,-0.0051829747133659,-0.0020341104678454,0.0011007154650524,0.0029978586723768
2023-12-27 23:00:00+00:00,2023,0.0004619,-0.0007764966392794,-0.002008969865220925,-0.00094350644238014,0.0035435861091424,-0.0070577164366373,0.0003150102378326,-0.0048367593712214,0.003318347248983
2023-12-28 21:00:00+00:00,2023,0.00046646,-0.0009404362145366,-0.004346878804534951,-0.00476122802186992,-0.002755511022044,-0.0091684092005791,-0.0042741807820168,-0.0011894142134999,-0.0064186248912098
2023-12-30 19:45:00+00:00,2023,0.0002636,-8.313679841742694e-05,0.0029597065028921753,0.00250023015429516,0.001001001001001,0.0031280869278891,0.0006402048655569,0.0070695332171217,0.0006623247599071
2023-12-31 23:45:00+00:00,2023,0.00032113,0.0001290800848161,0.002884650021402175,0.00293306898417922,0.0049286640726331,0.0023569023569025,0.0008122157244963,0.0034408179315768,0.0031267448352874
2024-01-01 16:30:00+00:00,2024,0.00041893,0.0021317798244844,-0.00102574357948015,-0.0009082757053201801,0.000748316288351,-0.0019837989750371,0.000965717044906,-0.0038332086761405,-0.0004384042086803
2024-01-02 22:15:00+00:00,2024,0.00069049,-0.0002231516163441,-0.0005775040549737,-0.00011104908736566002,-0.0014698677119059,0.0004936646371564,0.0014367816091953,-0.0027705947543406,0.0017547707830665
2024-02-13 16:45:00+00:00,2024,0.00013418,-0.0002521997400432,0.0068103996961544,0.00611971102883696,0.0084811102544335,0.0052258305337811,0.0040415704387992,0.0094930875576038,0.0033569563595672
2024-02-14 16:45:00+00:00,2024,0.00038729,0.0013557094020808,0.003665713642991025,0.00834121037831528,0.0033873699491895,0.0001754078231888,0.0060195635816404,0.0050805132179454,0.0270431973196123
2024-02-14 18:15:00+00:00,2024,0.00038729,0.0097159625554796,0.0023418004540362,0.0024130298060442,0.0014475271411338,0.0065014935863643,0.0016775396085741,-0.0002593585199274,0.0026979472140762
2024-02-14 18:30:00+00:00,2024,0.00038729,0.0022626865668844,0.00020173541682597497,0.0008877238536107,-0.0019240019240018,0.0010493179433368,0.0029772981019724,-0.0012956724540035,0.0036316776007496
2024-02-14 23:45:00+00:00,2024,0.00038729,0.0006275649201588,0.007262144174815551,0.00740035861470624,0.0085267645665561,0.0071081830790569,0.0052063964298996,0.0082072326237496,0.007953216374269
2024-02-15 18:00:00+00:00,2024,0.0001237,-0.0006437880109911,-0.003392946848283125,-0.00264378584842186,-0.0047539814594723,-0.0081166142123572,0.0025449918196691,-0.0032461835409721,0.0003528581510232
2024-02-18 16:00:00+00:00,2024,0.00015904,-0.0001185062933986,-4.441917263720008e-05,-0.00017846054058714007,-0.0009935419771485,-0.0035472428248951,-0.0008930166101088,0.0052561247216036,-0.0007146260123869
2024-02-18 17:30:00+00:00,2024,0.00015904,0.000196511169209,-0.0023459174270073,-0.00147474765643204,-0.0046994805837249,0.0037120723047125,-0.0028495102404274,-0.0055467511885894,0.002009931425869
2024-02-18 17:45:00+00:00,2024,0.00015904,0.0009260593776212,-0.001758343130645025,-0.00124177462230168,-0.0042162698412698,0.0016189088554314,-0.0021398002853066,-0.0022962112514351,0.0008244994110717
2024-02-19 17:30:00+00:00,2024,0.00043884,0.000511423318549,-0.002541425408646125,-0.0023055271161576,-0.0007579585649317,0.0022414345180914,-0.0007125044531527,-0.0109366731345915,-0.0013619339462035
2024-02-19 19:30:00+00:00,2024,0.00043884,0.0062889631124165,-0.000247054066200875,0.00038636393482006,-0.000253936008126,0.0011277589817946,-0.0021303035682583,0.0002682643297862,0.0029200359389038
2024-02-20 18:15:00+00:00,2024,0.00012405,-0.0009110828441117,0.0027237816789692,0.00272385537989214,0.0031838684001062,0.0008282259400362,0.0023444544634805,0.0045385779122539,0.0027241501835839
2024-02-20 23:00:00+00:00,2024,0.00012405,0.0014197958355699,-0.006635152686282101,-0.005470234237955741,-0.0043927648578812,-0.0105028644175683,-0.0042402826855122,-0.0074046987841667,-0.0008105604446503
2024-02-25 18:45:00+00:00,2024,0.00020772,0.0003219876289966,0.002625127828358225,0.00249439659180636,0.0029866956285635,0.0034158838599487,0.0012867647058822,0.0028111671190385,0.0019714716455989
2024-02-26 19:30:00+00:00,2024,0.00017343,-0.0006216653514622,0.0006169339125750499,0.0010607621045353398,-0.0010253781081773,0.0019461563412259,0.0032822757111596,-0.001735318293908,0.0028360748723765
2024-02-26 19:45:00+00:00,2024,0.00017343,0.0050287758504128,-0.0008454112062661501,-0.00209492837955916,-0.002051282051282,0.0040472721385784,-0.000363504180298,-0.005014130732063,-0.0070929970727312
2024-02-26 23:00:00+00:00,2024,0.00017343,0.0088974295970831,0.0021759769066963504,0.0015619506323203203,0.0046035805626598,0.0037380139769218,0.002181818181818,-0.0018195050946142,-0.0008941544651838
2024-02-27 16:15:00+00:00,2024,0.00044313,0.0030232986032359,-0.0002642537743593749,-0.0016029920914203799,-0.0002575328354365,0.0017889087656528,0.001418691257315,-0.0040070822849688,-0.0069579453596644
2024-02-27 17:45:00+00:00,2024,0.00044313,0.0007732005108673,0.0042047209513728,0.00353082624950918,0.0059217301750771,0.0104746317512274,-0.00069698553755,0.0011195074167367,0.0008352474420547
2024-02-27 19:15:00+00:00,2024,0.00044313,0.0079524056674824,0.0012365271252118499,0.0012730246598288799,-0.0017884517118037,-0.0009567852017222,0.0028716216216215,0.0048197237927518,0.001419014798297
2024-02-27 21:00:00+00:00,2024,0.00044313,0.0007242957814792,0.0011673884602752002,0.00198719453525856,0.0007647208768799,0.0052918537524053,0.0017268174753928,-0.0031138382635772,0.005266418835192
2024-02-27 21:30:00+00:00,2024,0.00044313,0.001000501317856,0.0033801857044600753,0.004347702749495121,0.0005094243504839,-0.0003190301483489,0.0124116531632478,0.0009186954524575,0.0082177709296353
2024-02-28 18:00:00+00:00,2024,0.00060162,0.0037155744069943,-0.0075897635383268495,-0.007794352041996899,-0.0116489774786435,-0.0060035696900858,-0.0047770700636943,-0.0079294369208838,-0.0086127060566771
2024-02-28 18:30:00+00:00,2024,0.00060162,0.0074601289978362,0.0099647067536312,0.01503388590734212,0.0117862755369304,0.0096310806398955,0.0056888888888888,0.0127525819488101,0.0353106025221858
2024-02-28 20:00:00+00:00,2024,0.00060162,0.0005955394520549,0.00544003166103685,0.006341544824344181,0.0059958289885297,0.0032509752925877,0.0069247159090908,0.0055886064539392,0.0099475974775735
2024-02-28 20:15:00+00:00,2024,0.00060162,0.0026276477048989,0.015905771892670773,0.01739033077834826,0.0177638453500521,0.0166775670372791,0.0140794867225091,0.0151021884608428,0.0233285663210582
2024-02-28 21:30:00+00:00,2024,0.00060162,0.00395512634909,0.013286475436699977,0.009582607874216081,0.0172456885778555,0.0142081736909323,0.00629811056683,0.0153939289111821,-0.0052328623757195
2024-02-29 20:15:00+00:00,2024,0.0007485,0.0038008431894407,-0.007187407299517525,-0.00765886027866892,-0.0061364172763747,-0.0047142015321154,-0.0081873260193221,-0.0097116843702579,-0.0095446721952745
2024-02-29 21:30:00+00:00,2024,0.0007485,0.0094475693831102,-9.83630391903e-05,0.00122473741460624,-0.0012192148256522,-0.0021208907741252,0.0015236160487557,0.0014230373942605,0.0065171392297924
2024-02-29 21:45:00+00:00,2024,0.0007485,0.0036679335847451,-0.025448567032753104,-0.02796556347506478,-0.02640503875969,-0.02188679245283,-0.0222035323801513,-0.0312989045383411,-0.0380335492443115
2024-02-29 22:15:00+00:00,2024,0.0007485,-0.0002984868580995,0.0009505842746501498,0.0021071525025930598,-0.0007464543418761,0.0007716049382715,0.0049888181661792,-0.001211631663974,0.0067334254143647
2024-02-29 22:30:00+00:00,2024,0.0007485,0.0186999056442327,0.017068858467929226,0.01899050561341186,0.0175835217282089,0.0213695211355482,0.0131487889273356,0.0161736020806242,0.0266770941953424
2024-02-29 22:45:00+00:00,2024,0.0007485,0.0047018988995781,0.0148988357633652,0.01553765890395232,0.0171812749003985,0.0161912104857364,0.0077028414926394,0.0185200161746865,0.0180929514663008
2024-03-01 16:00:00+00:00,2024,0.00053525,0.0035283559513092,-0.0031035318596939997,-0.0006228692514313398,-0.0047996160307176,0.0,-0.0020338983050847,-0.0055806131029737,0.0092997811816193
2024-03-01 18:00:00+00:00,2024,0.00053525,-0.0004412877297085,0.004392896246327899,0.006499837223961839,0.0050335570469799,0.0015981403457794,0.003032345013477,0.0079075425790753,0.0149276011344976
2024-03-01 19:00:00+00:00,2024,0.00053525,-0.0001364959430197,-0.0010254095706204,0.0024379306017618995,0.0014292520247738,0.0004339022273647,0.0015131136516475,-0.0074779061862676,0.0162912912912911
2024-03-01 20:30:00+00:00,2024,0.00053525,0.0050472350724632,0.0016091514321004,-0.00325486657891364,0.0038131553860818,0.0015847860538826,0.0013449899125757,-0.0003063256241385,-0.0227109386229698
2024-03-01 21:30:00+00:00,2024,0.00053525,0.0010808947617957,0.006309106315056925,0.01021349601765212,0.0069031183051653,0.0061968583369362,0.0065348525469168,0.0056015960712094,0.0258310548280329
2024-03-01 23:30:00+00:00,2024,0.00053525,0.0022374306668369,0.016168793180390273,0.017747868768911157,0.0058602906704172,0.0450716090985676,0.006827643630308,0.0069156293222683,0.0240641711229947
2024-03-01 23:45:00+00:00,2024,0.00053525,0.0006209107360855,0.017324550846055924,0.0210076240269237,0.0056245605812044,0.0430854760250172,0.0081490104772992,0.0124391563007029,0.0357399167503948
2024-03-02 18:45:00+00:00,2024,0.00070534,0.0015636254598139,0.001481073380751775,-0.0006112543943952598,-0.001630561378989,-0.0017506059789927,0.0053720966977404,0.0039333641832484,-0.0089805654949834
2024-03-03 23:45:00+00:00,2024,0.00062328,0.0010681082730714,0.013634953096653975,0.01339672396015596,0.0150305307656177,0.0162110179969776,0.0068569606123425,0.0164413030116781,0.0124438074141639
2024-03-05 22:15:00+00:00,2024,0.00078334,0.0013105449637724,0.012967061042796876,0.0177540219080412,0.009367681498829,0.0126808891541099,0.0123753867308353,0.0174442867874133,0.0369018653690185
2024-03-06 16:15:00+00:00,2024,0.00036982,-0.000423053728594,-0.000640023202091275,-0.00202745009004116,0.0027390438247012,-0.002906976744186,0.0,-0.0023921598888803,-0.0075771576418407
2024-03-06 16:30:00+00:00,2024,0.00036982,0.0046608039189137,0.0035878531942943248,0.0036972984065725993,0.005502751375688,0.0033486814566763,0.0056553559547571,-0.0001553760099441,0.0041350792556857
2024-03-06 16:45:00+00:00,2024,0.00036982,0.0019691195885787,-0.0016917772665018,-0.00329010710184202,0.0019865905140301,-0.0043037623212551,-0.0018199867637327,-0.0026299504950495,-0.0096834264432029
2024-03-06 17:30:00+00:00,2024,0.00036982,-9.157108088320154e-05,-0.0002446691524182,-0.00157254238119984,-0.0019598236158745,0.0034736695845489,0.0008235875473563,-0.0033161101257035,-0.0068840352963264
2024-03-06 18:15:00+00:00,2024,0.00036982,0.0006401783115459,0.00175320712309515,0.00057852918731992,0.0002446782481038,0.0019361084220717,-0.0021290533901082,0.0069610952123133,-0.004120182555781
2024-03-06 19:15:00+00:00,2024,0.00036982,0.0004683302928991,-0.004430544634553325,-0.003669553005109,-0.0060901339829476,-0.0015105740181268,-0.0016321201240411,-0.0084893504130978,-0.0006255864873317
2024-03-07 16:15:00+00:00,2024,0.0005384,0.0013290928971581,-4.500593696950056e-06,-0.0016468688970317203,-0.0016010978956999,-0.0025578890683899,0.0008042464211033,0.0033367381681987,-0.0082163421103708
2024-03-07 16:45:00+00:00,2024,0.0005384,0.0018013373079333,0.001142246400938975,0.0035621989472352,0.0006872852233676,0.0058037521932783,0.0016072002571521,-0.0035292520700421,0.0132420091324201
2024-03-07 23:30:00+00:00,2024,0.0005384,-0.0011273731004547,0.0012170093038744749,-0.00149677958420136,0.0025351463470846,-0.0009387153010594,0.0006358289620091,0.0026357772074636,-0.0123519351365047
2024-03-08 16:15:00+00:00,2024,0.0005871,-0.0007282400300473,0.01787728862263965,0.01838471843423662,0.0172413793103447,0.0156008432888263,0.0137999014292753,0.0248670304621123,0.0204144376806245
2024-03-08 20:00:00+00:00,2024,0.0005871,0.0023975759994021,-0.00508008801002105,-0.00352555483789272,-0.0028169014084508,-0.0041413583655438,-0.0008038585209002,-0.0125582337451894,0.0026925778506206
2024-03-08 20:15:00+00:00,2024,0.0005871,0.0070227280253212,0.000401814176776175,-0.00113053929089758,0.0018814675446847,0.0018010529232472,0.0032211306168465,-0.0052963943776737,-0.0072599531615926
2024-03-08 20:45:00+00:00,2024,0.0005871,0.0021748543612014,-0.002095332050798975,-0.0028557891131562796,0.0014084507042251,0.000276586917439,-0.0011237758869803,-0.0089425899378797,-0.0058976173625855
2024-03-09 16:30:00+00:00,2024,0.00060312,0.0031211851431482,-0.0044276674081955,-0.0004417121780097396,-0.0032710280373832,-0.0005445881552077,-0.0043457267020762,-0.0095493267381149,0.0155021087427333
2024-03-09 23:00:00+00:00,2024,0.00060312,0.0057082806126349,-0.0028287129537385002,-0.0029618443992657003,-0.0032467532467532,-0.0024170807036391,-0.0024096385542169,-0.0032413793103448,-0.0034943701813745
2024-03-10 22:30:00+00:00,2024,0.00051308,0.0007762616669284,0.00828251471298635,0.0072594905249459205,0.007272727272727,0.0058131291648944,0.0033206043499915,0.0167235980643325,0.0031673937727842
2024-03-11 16:15:00+00:00,2024,0.00082056,0.0022729842633435,-0.0024798447642651747,-0.0007004162519509798,0.0079792969592409,-0.0092616749282545,-0.0132840317721171,0.00464703068407,0.0064172977973058
2024-03-12 17:00:00+00:00,2024,0.00047181,-0.000352465949,0.015050853490692524,0.01166309448561126,0.0296842503308754,0.0094026548672567,0.0108356835386671,0.0102808252259709,-0.0018879415347138
2024-03-12 18:15:00+00:00,2024,0.00047181,-0.0001909505986762,0.012492076490163598,0.011911486038886959,0.0314431115957833,0.0063815342837745,0.0055385512315988,0.0066051088494978,0.0095891242337804
2024-03-12 18:30:00+00:00,2024,0.00047181,-0.0008414852604717,0.004631105791995126,0.006119640124434601,0.0072425366543014,0.0054185857491195,0.0037840197933343,0.0020792809712253,0.0120737774541925
2024-03-15 19:45:00+00:00,2024,0.00017954,0.000379296597889,-0.010204694879878125,-0.01014736953046566,-0.0063999999999999,-0.0113983875451765,-0.0033280507131536,-0.0196923412611825,-0.0099180681328158
2024-03-15 23:15:00+00:00,2024,0.00017954,-0.0007340532431371,0.00240277461041135,0.00344997179822864,0.0069013112491373,0.0017903869990361,-0.001259842519685,0.002179242713157,0.0076387605494978
2024-03-16 17:30:00+00:00,2024,0.00018354,-0.0006679199033164,-0.005921643692883875,-0.00658463905101994,-0.0105704392199744,-0.0066011441983275,-0.0044226044226044,-0.0020923869306292,-0.0092366204835642
2024-03-16 18:15:00+00:00,2024,0.00018354,0.0117175982934454,-0.006885276835732801,-0.00648227003186462,-0.0100315809028422,-0.0075780089153045,-0.0039603960396038,-0.0059711214851807,-0.0048702428163919
2024-03-16 18:30:00+00:00,2024,0.00018354,0.0096117169231684,0.014550051295746875,0.016760671268010598,0.0175339366515836,0.0134770889487871,0.0149427195749627,0.0122464600076541,0.0256031511570655
2024-03-16 18:45:00+00:00,2024,0.00018354,0.0184893469015143,0.013598276265982201,0.015618885293006663,0.0142615875398761,0.0131756250935768,0.0177269715043073,0.0092289209261686,0.0237013214011045
2024-03-16 20:00:00+00:00,2024,0.00018354,0.002492125415441,0.018960897206001977,0.018067674420497983,0.0215419501133786,0.0139975918121613,0.0102141680395386,0.0300898788589294,0.014494783278482
2024-03-17 16:15:00+00:00,2024,0.00021395,-0.0005227527787774,-0.0044089069508589,-0.00544125207658352,-0.0075431034482759,-0.0058659627511364,-0.0011286681715574,-0.0030978934324659,-0.009570632579482
2024-03-18 16:15:00+00:00,2024,0.00034633,0.0072810785948298,-0.0185919087583346,-0.01929006140733016,-0.0214804512440116,-0.0173192771084338,-0.0101772816808929,-0.0253906250000001,-0.0220826720033124
2024-03-18 17:30:00+00:00,2024,0.00034633,0.0025468614878643,0.009498314304359375,0.008897077807188,0.0141229337185042,0.0064615384615385,0.0058245964386753,0.0115841885987195,0.0064921318185025
2024-03-19 16:15:00+00:00,2024,0.00010485,0.0005124613632869,0.0075546084459993754,0.00658108039764142,0.0099611683268614,0.0038616251005629,0.0044620723847299,0.0119335679718433,0.0026869682042096
2024-03-19 22:15:00+00:00,2024,0.00010485,-0.000292331077023,0.0034422191631950745,0.004090840007172959,-0.0033149171270717,-0.0028774542992553,0.0022222222222223,0.017739025856885,0.0066853233830845
2024-03-19 22:30:00+00:00,2024,0.00010485,0.0002900196308179,-0.005634296287318475,-0.00654698241363178,-0.0057814248414769,-0.0071709066074782,-0.010960780955643,0.0013759272553242,-0.010197726918885
2024-03-19 22:45:00+00:00,2024,0.00010485,0.0003470810978818,-0.013306960469489974,-0.01408958381960744,-0.0149667405764966,-0.0134102868782887,-0.014156575132185,-0.0106942392909896,-0.0172200772200773
2024-03-19 23:00:00+00:00,2024,0.00010485,-0.0009378287191953,0.01279306492071145,0.012656787760399241,0.012380416432189,0.0116938950988823,0.0126406926406925,0.014457255511082,0.0121116791191504
2024-03-19 23:15:00+00:00,2024,0.00010485,0.0063380215475425,0.01010233847656205,0.01050192263950376,0.00600262614894,0.0089470061940812,0.0112456747404845,0.0142140468227425,0.0121002592912706
2024-03-19 23:30:00+00:00,2024,0.00010485,0.0040227818127602,0.0011598912766432748,0.0009123717982203579,-0.0072262367982212,-0.0008499065102839,-0.0034199726402188,0.016135681055297,-7.77061154713099e-05
2024-03-20 18:00:00+00:00,2024,0.00015808,-0.0002848083615731,-0.0012690165065119751,0.0011320035019012399,-0.009548292324642,0.0013101867016049,0.0045693010661702,-0.001407261469181,0.0107360835355541
2024-03-20 18:30:00+00:00,2024,0.00015808,0.0030535137741654,0.028337027265103024,0.028082499222049678,0.03540971449759,0.0253516519463525,0.0163409703504042,0.0362457722660654,0.0270643870498363
2024-03-20 19:00:00+00:00,2024,0.00015808,0.0005865039436629,-0.0022765129355578504,0.0062683270886862595,-0.0118173679498657,0.0060615728186315,0.0049726504226752,-0.0083229070336724,0.0404476871856627
2024-03-24 19:30:00+00:00,2024,0.00017401,0.0013345468358196,0.0029399800865939,0.00443794395466196,0.0040808755332963,0.0033138709168376,0.0015875535799332,0.0027776203163085,0.0104297994269342
2024-03-25 16:15:00+00:00,2024,0.00024876,0.0036938543384075,0.008845794028874,0.008915053740182099,0.0072689511941848,0.0057584482497345,0.009124652025982,0.0132311246455947,0.0091920925854145
2024-03-26 16:00:00+00:00,2024,0.00034912,-1.492041946560274e-05,-0.011808857446240925,-0.012931484590122522,-0.0136549033516581,-0.0095541401273885,-0.0087025316455696,-0.0153238546603475,-0.0174219931656489
2024-03-26 18:15:00+00:00,2024,0.00034912,0.0019362253265933,-0.000633161130082575,-0.0014572587290199,0.0001786352268668,-0.0018129626831848,0.0001579279848389,-0.0010562450488512,-0.0047536491247692
2024-03-26 18:30:00+00:00,2024,0.00034912,-0.0001815450941339,-0.008277716606156,-0.00994435834624028,-0.0078222222222221,-0.0082856282012653,-0.0050401638053236,-0.011962852195813,-0.0166109253065774
2024-03-26 19:15:00+00:00,2024,0.00034912,0.0004928010628184,-0.001834337189785275,-0.00198827360124796,-0.002690100430416,-0.0022772126916653,-0.0030077568466043,0.0006377212095445,-0.0026040192470987
2024-03-27 22:00:00+00:00,2024,0.0004896,0.0008832516734798,0.001570326760020225,0.0068769211302384,0.0011061946902652,-0.001381003529231,0.0009779951100243,0.0055781207690224,0.0281032986111111
2024-03-27 22:30:00+00:00,2024,0.0004896,0.0102794580657237,-0.001646267487189675,-0.00115870264410532,-0.0018416206261508,-0.0052243392747388,-0.0004885197850512,0.0009694097371821,0.0007915567282321
2024-03-27 23:15:00+00:00,2024,0.0004896,0.0036531167964544,0.00149070017530785,0.0034973928540009197,-0.0011078286558344,0.002320903605137,0.0006542361792607,0.0040954895726681,0.0115241635687732
2024-03-28 22:00:00+00:00,2024,0.00064918,0.0022652593608962,0.00508104699188805,0.0029532202814375593,0.0044207036286609,0.0037019898195278,0.0011207172590457,0.0110807772603178,-0.0055580865603644
2024-03-29 16:00:00+00:00,2024,0.00044307,-0.0008836623020922,0.00043258198618465,0.0026105025589605,-0.0022484541877458,-0.0010736196319018,0.0049449672994097,0.0001074344649765,0.0113221848500639
2024-03-29 22:00:00+00:00,2024,0.00044307,0.0011433075632949,0.008484794304006924,0.005807951333345479,0.0128812275052092,0.0080135614116196,0.0022378516624039,0.010806536636795,-0.0048994205493003
2024-03-29 23:15:00+00:00,2024,0.00044307,0.0006471175414417,-0.002529942174581975,-0.00131723995874686,-0.0029912133108993,-0.0028519963974782,-0.0011097019657577,-0.0031668570241927,0.0035335689045936
2024-03-30 23:30:00+00:00,2024,0.00062265,0.0009724752220487,0.0029957348429666,0.0039348189086838405,0.0009448223733936,-0.0012428149759204,0.0040309577555628,0.0082499742188304,0.0076911551715528
2024-03-31 19:30:00+00:00,2024,0.00033863,0.0016848779044158,0.001711346708774675,-2.5723828524120036e-05,0.0037057624606262,0.00371114890985,0.0004774789113481,-0.0010490034467256,-0.0069740059777193
2024-04-01 17:45:00+00:00,2024,0.00025674,0.0023014499555553,-0.00251688548159115,-0.0039535349744698,-0.0045089198196431,0.0004906771344455,-0.0001644736842104,-0.0058848255569566,-0.0097001329459844
2024-04-01 21:15:00+00:00,2024,0.00025674,0.0020832368559702,-0.00305663576141075,-0.00241590837392672,-0.0054232035638195,0.0003227888960619,-0.0021176087310635,-0.0050085196468219,0.0001470011760094
2024-04-02 23:00:00+00:00,2024,0.00010331,-0.0004224483840177,-0.00589387874567205,-0.00707249688677824,-0.0067681895093062,-0.0044535799931482,-0.0032340425531914,-0.0091197029270424,-0.011786969451203
2024-04-03 20:30:00+00:00,2024,0.00013286,0.0054462737991456,-0.0010721127538600751,-0.00206600901335876,0.0004426737494467,-0.0021004726063363,-0.0017556179775281,-0.0008750341810226,-0.0060415940513535
2024-04-06 16:00:00+00:00,2024,0.00015982,-0.0010646389326423,0.003994688823403825,0.00378746703505444,0.0104799832320268,0.0013719773623734,0.0001688618709896,0.0039579328282255,0.0029585798816569
2024-04-08 19:45:00+00:00,2024,0.00023751,-0.0007472493697261,-0.0021688510529206,-0.00199346593550418,-0.0020012007204323,-0.0030904359141183,-0.0046429715017611,0.0010592039246293,-0.0012919254658385
2024-04-09 17:15:00+00:00,2024,0.00021067,0.0077656732484128,-0.0015607914448786502,-9.988029731656019e-05,-0.00169133192389,-0.0004977600796415,0.0043625787687833,-0.0084166525447664,0.0057437642929318
2024-04-10 17:30:00+00:00,2024,0.00013627,0.0021626439422595,-0.002482794874228125,-0.00437047739337072,-0.0048636075280185,0.0003445305770886,0.0011391375101708,-0.0065512400561534,-0.0119212074699411
2024-04-10 20:00:00+00:00,2024,0.00013627,0.0049802049297911,0.00047825628327967493,-0.0003886289477352201,0.0012714558169104,-0.0001715560130381,-0.0040446529687752,0.0048577782980216,-0.0038561698717948
2024-04-11 16:30:00+00:00,2024,0.00024163,0.002259025205934,0.00795073840070815,0.00851709425367302,0.0087241003271536,0.0055392072009692,0.0090969235858417,0.0084427224888681,0.0107825176655325
2024-04-12 16:30:00+00:00,2024,0.00012902,0.0017252680739241,-0.00196867721473875,-0.00388970874502648,-0.0025137111517367,-0.0041115480872362,0.0025359256128485,-0.0037853752328306,-0.0115738348661774
2024-05-27 18:15:00+00:00,2024,0.00014857,-0.0011197628246704,-0.0037078042994547256,-0.0029073228644989606,-0.0041526083571243,-0.0048884165781083,-0.0020457504184488,-0.0037444418441375,0.0002946028753241
2024-05-29 16:30:00+00:00,2024,0.00018983,-0.0006688982332995,0.003078286452855975,0.00345886291274038,0.001907876805669,0.0066269052352552,0.0018964536317087,0.001881910138791,0.004981168752278
2024-06-06 17:45:00+00:00,2024,0.00019389,0.0009491235649823,-0.0020488112644601003,-0.0022784482109563,,-0.0010902747492368,-0.0041833048108005,-0.000872854233343,-0.0029673590504449
2024-11-10 20:15:00+00:00,2024,0.0003804,0.0203838337285449,-0.022419625482958425,-0.02404612338677958,-0.0229007633587786,-0.0329893419049229,-0.0176092109718929,-0.0161791856962393,-0.0305521150020642
2024-11-10 20:30:00+00:00,2024,0.0003804,-0.0001754649145356,-0.02216369586510905,-0.02415678180914536,-0.0224935732647815,-0.0330010312822275,-0.022894242268922,-0.0102659366445052,-0.0321291255852906
2024-11-10 20:45:00+00:00,2024,0.0003804,0.0212487070992171,0.012882319011154825,0.015369930473161719,0.0188802083333334,0.0132960111966411,0.0020682523267838,0.017284804187861,0.0253203763211893
2024-11-10 21:00:00+00:00,2024,0.0003804,0.0176959684309945,0.024757685499305675,0.02887596157545244,0.0276134122287967,0.031461073586918,0.0194089875852421,0.0205472685962659,0.0453490658800395
2024-11-16 16:00:00+00:00,2024,0.00034555,0.0019077334113843,0.0194539286600123,0.01670521943074204,0.0069484655471916,0.0233613669737016,0.0468537183328794,0.0006521637862766,0.005710382513661
2024-11-16 20:30:00+00:00,2024,0.00034555,-0.0001320730055721,0.003564069126204175,0.00201767387792078,0.0019960079840319,0.0098905446393249,0.0016292231178185,0.0007405007636414,-0.0041679071152128
2024-11-16 21:00:00+00:00,2024,0.00034555,0.0010350052975522,-0.008625627079259575,-0.00657437039557236,0.0017074558907228,-0.0122747453643249,-0.0267100419484632,0.002774823105027,0.0016306563391765
2024-11-16 21:45:00+00:00,2024,0.00034555,0.0001489653957666,0.0029589862718118,0.00259996117140386,0.0042649985783338,-0.0033288948069239,0.0124207188160676,-0.0015208775002303,0.0011638607697721
2024-11-16 23:15:00+00:00,2024,0.00034555,0.0151175553031517,-0.0023028682279513,-0.0010705407718266202,0.0014249073810201,0.006105006105006,-0.0169268549377302,0.0001854685398989,0.0038587690526721
2024-11-16 23:45:00+00:00,2024,0.00034555,-0.0005246999177963,0.009931026043049827,0.008900313544689422,0.0008537279453615,0.0235976267529665,0.0041930591488981,0.0110796903249732,0.0047774635512478
2024-11-17 16:45:00+00:00,2024,0.00034675,0.0034604072868811,-0.0034814105726271244,-0.0023603612631989197,-0.0088227185001378,-0.0014864864864865,-0.0014749262536873,-0.0021415110501969,0.0021238359745139
2024-11-17 19:30:00+00:00,2024,0.00034675,0.0004076659956191,0.00652908827647925,0.00846814127238766,0.010529311326124,0.0043259838124476,0.0059810920316418,0.0052799659357036,0.0162243532560213
2024-11-17 21:15:00+00:00,2024,0.00034675,0.000520708589091,-0.0126025904876488,-0.014405980410803381,-0.0172413793103448,-0.013869431213225,-0.0072600414859513,-0.0120395099410741,-0.0216195401034217
2024-11-17 22:00:00+00:00,2024,0.00034675,0.0043421422525165,-0.0008076584124595248,0.00033744318173464013,-0.0083261556129773,-0.0012789540997584,0.0128546943439344,-0.0064802182810368,0.0049178495585113
2024-11-17 23:00:00+00:00,2024,0.00034675,0.0020764417716685,0.005251389609859225,0.0081319731319911,0.0087361677344204,0.0035760263195536,0.0004729026766292,0.0082204617088337,0.0196543072205186
2024-11-17 23:15:00+00:00,2024,0.00034675,0.0008239000026599,-0.004251849228081075,-0.0017477695233873603,0.0,-0.0056609114067365,-0.0118099165807479,0.0004634310751601,0.0082685492953875
2024-11-17 23:30:00+00:00,2024,0.00034675,0.0038338476110992,0.0082989687319607,0.00516275666704496,0.0023094688221707,0.0086944127708095,0.0207978823974286,0.001394110937434,-0.007382091592618
2024-11-17 23:45:00+00:00,2024,0.00034675,0.0023585608841176,0.0071655117050079,0.0035855043945207206,0.0008643042350908,0.0093936806148591,0.0214360239021151,-0.0030319619320334,-0.010734524847428
2024-11-20 16:00:00+00:00,2024,0.00014273,0.0042019726733648,-0.014637272136694725,-0.01464449003029652,-0.0127425427164783,-0.0160748560460651,-0.0184852835606603,-0.0112464062235752,-0.0146733616047037
2024-11-20 19:00:00+00:00,2024,0.00014273,0.0067871810316157,0.0086490131448253,0.00866794498433702,0.0054545454545453,0.0164995557811904,0.0062123319425126,0.0064296194010529,0.0087436723423839
2024-11-20 20:15:00+00:00,2024,0.00014273,0.0007508075774214,0.00149106102158515,0.0018737179893205398,0.0026801667659321,0.0014934660858743,-0.0006410256410257,0.0024316368755599,0.0034043458602621
2024-11-20 20:30:00+00:00,2024,0.00014273,-0.0002248537596395,0.000581279313861875,0.0004650234510895,-0.0002966478789676,-0.0009932952570151,0.0011880826174373,0.0024269777739929,0.0
2024-11-20 20:45:00+00:00,2024,0.00014273,1.0943799368057228e-05,0.0015207754794409755,0.0007607134733823804,0.0005940005940003,-0.0055921461414191,-0.0003665353248418,0.0114477827900245,-0.002279534550852
2024-11-20 21:00:00+00:00,2024,0.00014273,-0.0005519576685202,0.00852347837763185,0.00674463015973262,0.0065281899109792,0.0103156848123291,0.0080328617069831,0.009217177080236,-0.0003707627118643
2024-11-22 16:15:00+00:00,2024,0.00037518,0.0006142522417293,0.00553957407536055,0.007868651891735901,0.0107224917028339,0.0044675324675325,0.0075949367088605,-0.0006266645777847,0.0171849631572373
2024-11-22 17:00:00+00:00,2024,0.00037518,0.004850271816666,0.0027861835460815747,0.0006435750525925398,0.0165478615071281,0.0007223196780519,-0.0053402711214568,-0.0007851758793969,-0.0079268589213636
2024-11-22 23:45:00+00:00,2024,0.00037518,8.904791680564017e-05,0.031881859199213075,0.02483198880085118,-0.0037062775075284,0.0589680589680587,0.0713703653402146,0.0008952899961074,-0.0033674927925964
2024-11-23 17:15:00+00:00,2024,0.00056339,0.0009404123543412,0.00381824899135725,0.00360758601898786,-0.0094117647058823,0.0057776093957189,0.0163345533414667,0.0025725979341257,0.0027649341295103
2024-11-23 19:45:00+00:00,2024,0.00056339,0.0003897171840565,-0.024994664011604377,-0.023318601905245543,-0.0274201239866475,-0.0324334458192725,-0.0345037960954448,-0.0056212901450527,-0.0166143534798102
2024-11-23 20:15:00+00:00,2024,0.00056339,0.0003776547809244,0.016754420653072873,0.01777609165937064,0.0115224319686197,0.0180197636117032,0.0275925015797233,0.0098829854522453,0.0218627756845617
2024-11-24 16:00:00+00:00,2024,0.00024673,0.0046062647365805,0.007057366748293901,0.0072418574045532815,-0.0002523340903357,0.0094523785061131,0.0104521868050406,0.0085772357723576,0.0079798200295908
2024-11-24 17:00:00+00:00,2024,0.00024673,-0.0002352264983264,0.004033485815622775,0.0036176999644943197,0.0094726062467997,0.0009339005914703,0.0011273957158963,0.0046000407083248,0.0019545565599805
2024-11-24 18:00:00+00:00,2024,0.00024673,0.0015540923746326,0.0188674305695773,0.019403601279285122,0.0128398791540784,0.02588066139468,0.0286791337127652,0.0080700480167856,0.0215482841181164
2024-11-24 18:15:00+00:00,2024,0.00024673,0.0022675369802855,0.009155927988475476,0.009184067844801722,0.0042425754928874,0.0059777102330293,0.0212112346401405,0.0051921915878447,0.0092966272701067
2024-11-24 18:30:00+00:00,2024,0.00024673,0.0097159903126582,-0.009755910953266125,-0.01073559997473408,-0.0089485458612975,-0.0163179497447191,-0.0074728749011999,-0.006284273305848,-0.0146543560606059
2024-11-24 20:00:00+00:00,2024,0.00024673,0.0001328093357988,0.00575534168407495,0.0057825325642877,0.0064468137862634,0.0065267597148308,0.0060412224591328,0.0040065707760728,0.0058912960851387
2024-11-24 23:00:00+00:00,2024,0.00024673,7.906267175328274e-05,-0.0048329889939885,-0.00608117952141068,0.0064562410329986,-0.0096871064612999,-0.0114178949553663,-0.0046831955922864,-0.0110739416310994
2024-11-25 16:00:00+00:00,2024,0.00017976,0.0023954631924265,0.003980502360251275,0.0014589831146862204,-0.0117701361643203,-0.0041983206717313,0.0350975712480694,-0.0032071049710127,-0.008627093867574
2024-11-25 16:45:00+00:00,2024,0.00017976,-0.0007567832053282,-0.019303306253654652,-0.020702631021292682,-0.0280612244897959,-0.0094876660341556,-0.0269076578106951,-0.012756676679972,-0.0262999300918448
2024-11-25 17:45:00+00:00,2024,0.00017976,-0.0003971790097315,0.0055654665616006,0.0052655233328404005,-0.0045324427480917,0.0085945399393327,0.014406838078169,0.0037929309769924,0.0040657504177996
2024-11-25 21:30:00+00:00,2024,0.00017976,-0.0009911132079923,0.007102403192627275,0.00852144131429758,0.0117449664429529,0.001864125932063,0.0105589187667183,0.0042416016287749,0.0141975938009788
2024-11-25 21:45:00+00:00,2024,0.00017976,0.0030912577690183,-0.018030140286931125,-0.01769966151396336,-0.0212514757969303,-0.0170807453416148,-0.0122523279423089,-0.0215360120668705,-0.0163777464220923
2024-11-27 21:15:00+00:00,2024,0.0001656,-0.0006425456616701,0.00339978794131045,0.0032141630039696,0.0095127610208816,0.0024745125210332,0.001945003353454,-0.000333125130127,0.0024716632546062
2024-12-01 16:00:00+00:00,2024,0.00011173,0.0070612100925704,0.00105983245262435,0.00256843311201186,0.001107419712071,-0.0011213905242501,0.0045461753977904,-0.0002928747751139,0.0086028357495619
2024-12-02 17:30:00+00:00,2024,0.00011197,3.237602306427334e-05,0.0073082537299426,0.007103737584055201,0.0056746532156368,0.0137395459976106,0.008248041090241,0.001570774616282,0.0062856730005056
2024-12-02 18:00:00+00:00,2024,0.00011197,-0.0010533329976446,0.0094936251937357,0.009681823379189219,0.0106583072100312,0.0106911356174761,0.0139813334324918,0.0026437245149437,0.0104346161210033
2024-12-03 22:45:00+00:00,2024,0.00012244,0.0062534779406508,-0.021763076894451523,-0.019140017433809237,-0.0114629881484359,-0.0298592931937172,-0.0324276613707881,-0.0133023648648649,-0.0086477795912401
2024-12-03 23:00:00+00:00,2024,0.00012244,0.0024049821218019,-0.005840015282448875,-0.00531663790354858,-0.0033106134371957,-0.0032357089521281,-0.0171541932472383,0.0003404545067666,-0.0032231283879474
2024-12-04 16:15:00+00:00,2024,0.00032802,-0.0003077327642273,-0.0182033901083858,-0.01653310690457026,-0.0136041744316063,-0.0181553481202362,-0.027379346982142,-0.0136746908995587,-0.0098519740893081
2024-12-04 16:30:00+00:00,2024,0.00032802,-0.0003627385282626,-0.013241164111640148,-0.010900715244832378,-0.0145305514157972,-0.0056121567950266,-0.0252375051631555,-0.0075844430725813,-0.0015389197776013
2024-12-04 16:45:00+00:00,2024,0.00032802,0.001066194707483,0.0086142403251148,0.008587867472151239,0.0062346495371243,0.0136066288704752,0.0081929330700389,0.0064227498228208,0.008482376060297
2024-12-04 17:00:00+00:00,2024,0.00032802,0.0008773892697189,0.006698094695176025,0.0071980819809704995,0.0085066162570888,0.0059043153599027,0.0012288656298995,0.0111525815338131,0.0091980311241484
2024-12-04 17:15:00+00:00,2024,0.00032802,0.0015978729963916,0.006543031113251226,0.00661570849772448,0.0135185880585806,0.0043886068324585,0.0001666944490748,0.008098235112891,0.0069064180356175
2024-12-04 22:00:00+00:00,2024,0.00032802,0.0021323134148563,-0.003817851830542374,-0.0013611396400260195,-0.0046546266989387,-0.0018336389398232,-0.0131296449215524,0.0043465032381448,0.0084657091220394
2024-12-04 23:30:00+00:00,2024,0.00032802,0.0061470433792387,0.0025475329045253252,0.0039052950315832196,-0.003415559772296,-0.0034710463934981,0.0170767377838954,0.0,0.0093363435398148
2024-12-04 23:45:00+00:00,2024,0.00032802,0.003118522233751,-0.013511838957466275,-0.011877086824336,-0.0134571645185747,-0.0174374526156178,-0.0158649359463817,-0.0072878027492909,-0.0053380782918149
2024-12-07 17:15:00+00:00,2024,0.00038653,0.0092762160722859,-0.005136766057813125,-0.004880016703623461,-0.0015390534821084,-0.0049039980051533,-0.0104659954634087,-0.0036380172805821,-0.0038530192868648
