window_day,start_ts,end_ts,beta,half_life,L,fee_bps,slippage_bps,pnl,n_entries,n_filtered_out,mode
1,2025-05-09 00:00:00+00:00,2025-05-11 23:59:00+00:00,0.5547239804883022,65.70313808701862,131,5.0,0,-0.02986834035958446,5,0,baseline
1,2025-05-09 00:00:00+00:00,2025-05-11 23:59:00+00:00,0.5547239804883022,65.70313808701862,131,5.0,5,-0.03764196026202598,5,0,baseline
1,2025-05-09 00:00:00+00:00,2025-05-11 23:59:00+00:00,0.5547239804883022,65.70313808701862,131,5.0,10,-0.04541558016446748,5,0,baseline
2,2025-05-10 00:00:00+00:00,2025-05-12 23:59:00+00:00,0.5256171381375594,71.3987749308024,143,5.0,0,0.00834557715619609,3,0,baseline
2,2025-05-10 00:00:00+00:00,2025-05-12 23:59:00+00:00,0.5256171381375594,71.3987749308024,143,5.0,5,0.0037687257417834113,3,0,baseline
2,2025-05-10 00:00:00+00:00,2025-05-12 23:59:00+00:00,0.5256171381375594,71.3987749308024,143,5.0,10,-0.0008081256726292637,3,0,baseline
3,2025-05-11 00:00:00+00:00,2025-05-13 23:59:00+00:00,0.6077623312272014,143.81639289292335,288,5.0,0,0.010145097393399844,2,0,baseline
3,2025-05-11 00:00:00+00:00,2025-05-13 23:59:00+00:00,0.6077623312272014,143.81639289292335,288,5.0,5,0.006929572730945444,2,0,baseline
3,2025-05-11 00:00:00+00:00,2025-05-13 23:59:00+00:00,0.6077623312272014,143.81639289292335,288,5.0,10,0.0037140480684910407,2,0,baseline
6,2025-05-14 00:00:00+00:00,2025-05-16 23:59:00+00:00,1.3911772147067296,140.33318522054927,281,5.0,0,-0.022720204500711876,1,0,baseline
6,2025-05-14 00:00:00+00:00,2025-05-16 23:59:00+00:00,1.3911772147067296,140.33318522054927,281,5.0,5,-0.02511138171541862,1,0,baseline
6,2025-05-14 00:00:00+00:00,2025-05-16 23:59:00+00:00,1.3911772147067296,140.33318522054927,281,5.0,10,-0.02750255893012536,1,0,baseline
11,2025-05-19 00:00:00+00:00,2025-05-21 23:59:00+00:00,0.8623627484332843,94.62193366407324,189,5.0,0,-0.0008797241298881772,2,0,baseline
11,2025-05-19 00:00:00+00:00,2025-05-21 23:59:00+00:00,0.8623627484332843,94.62193366407324,189,5.0,5,-0.004604449626754744,2,0,baseline
11,2025-05-19 00:00:00+00:00,2025-05-21 23:59:00+00:00,0.8623627484332843,94.62193366407324,189,5.0,10,-0.008329175123621317,2,0,baseline
17,2025-05-25 00:00:00+00:00,2025-05-27 23:59:00+00:00,1.3166973179245147,148.99913170783822,298,5.0,0,0.01469681608006313,3,0,baseline
17,2025-05-25 00:00:00+00:00,2025-05-27 23:59:00+00:00,1.3166973179245147,148.99913170783822,298,5.0,5,0.007746724126289588,3,0,baseline
17,2025-05-25 00:00:00+00:00,2025-05-27 23:59:00+00:00,1.3166973179245147,148.99913170783822,298,5.0,10,0.0007966321725160403,3,0,baseline
23,2025-05-31 00:00:00+00:00,2025-06-02 23:59:00+00:00,1.051450888241483,152.6447004422173,305,5.0,0,-0.01095302412803031,2,0,baseline
23,2025-05-31 00:00:00+00:00,2025-06-02 23:59:00+00:00,1.051450888241483,152.6447004422173,305,5.0,5,-0.015055925904513275,2,0,baseline
23,2025-05-31 00:00:00+00:00,2025-06-02 23:59:00+00:00,1.051450888241483,152.6447004422173,305,5.0,10,-0.01915882768099623,2,0,baseline
25,2025-06-02 00:00:00+00:00,2025-06-04 23:59:00+00:00,1.3288496313026812,91.71681161985774,183,5.0,0,0.0018089137531507047,3,0,baseline
25,2025-06-02 00:00:00+00:00,2025-06-04 23:59:00+00:00,1.3288496313026812,91.71681161985774,183,5.0,5,-0.005177635140757343,3,0,baseline
25,2025-06-02 00:00:00+00:00,2025-06-04 23:59:00+00:00,1.3288496313026812,91.71681161985774,183,5.0,10,-0.012164184034665364,3,0,baseline
36,2025-06-13 00:00:00+00:00,2025-06-15 23:59:00+00:00,0.4392558451112993,64.73292934289236,129,5.0,0,-0.010890753094337183,3,0,baseline
36,2025-06-13 00:00:00+00:00,2025-06-15 23:59:00+00:00,0.4392558451112993,64.73292934289236,129,5.0,5,-0.015208520629671088,3,0,baseline
36,2025-06-13 00:00:00+00:00,2025-06-15 23:59:00+00:00,0.4392558451112993,64.73292934289236,129,5.0,10,-0.019526288165004985,3,0,baseline
42,2025-06-19 00:00:00+00:00,2025-06-21 23:59:00+00:00,0.8114940572102292,113.51525759010453,227,5.0,0,0.0005169033662413637,2,0,baseline
42,2025-06-19 00:00:00+00:00,2025-06-21 23:59:00+00:00,0.8114940572102292,113.51525759010453,227,5.0,5,-0.003106084748179091,2,0,baseline
42,2025-06-19 00:00:00+00:00,2025-06-21 23:59:00+00:00,0.8114940572102292,113.51525759010453,227,5.0,10,-0.006729072862599547,2,0,baseline
43,2025-06-20 00:00:00+00:00,2025-06-22 23:59:00+00:00,0.8627622053280426,60.036908717198585,120,5.0,0,-6.038486923524305e-05,3,0,baseline
43,2025-06-20 00:00:00+00:00,2025-06-22 23:59:00+00:00,0.8627622053280426,60.036908717198585,120,5.0,5,-0.005648671485219374,3,0,baseline
43,2025-06-20 00:00:00+00:00,2025-06-22 23:59:00+00:00,0.8627622053280426,60.036908717198585,120,5.0,10,-0.011236958101203495,3,0,baseline
50,2025-06-27 00:00:00+00:00,2025-06-29 23:59:00+00:00,1.3345276117717333,76.10610910810799,152,5.0,0,-0.005288065959803908,3,0,baseline
50,2025-06-27 00:00:00+00:00,2025-06-29 23:59:00+00:00,1.3345276117717333,76.10610910810799,152,5.0,5,-0.012291648795119103,3,0,baseline
50,2025-06-27 00:00:00+00:00,2025-06-29 23:59:00+00:00,1.3345276117717333,76.10610910810799,152,5.0,10,-0.019295231630434312,3,0,baseline
51,2025-06-28 00:00:00+00:00,2025-06-30 23:59:00+00:00,1.1956201273171594,87.27589282399468,175,5.0,0,-0.007678652800544112,4,0,baseline
51,2025-06-28 00:00:00+00:00,2025-06-30 23:59:00+00:00,1.1956201273171594,87.27589282399468,175,5.0,5,-0.016461133309812744,4,0,baseline
51,2025-06-28 00:00:00+00:00,2025-06-30 23:59:00+00:00,1.1956201273171594,87.27589282399468,175,5.0,10,-0.025243613819081374,4,0,baseline
53,2025-06-30 00:00:00+00:00,2025-07-02 23:59:00+00:00,1.095268444924281,69.80425978057681,140,5.0,0,0.003681779753334047,2,0,baseline
53,2025-06-30 00:00:00+00:00,2025-07-02 23:59:00+00:00,1.095268444924281,69.80425978057681,140,5.0,5,-0.0005087571365145157,2,0,baseline
53,2025-06-30 00:00:00+00:00,2025-07-02 23:59:00+00:00,1.095268444924281,69.80425978057681,140,5.0,10,-0.004699294026363077,2,0,baseline
55,2025-07-02 00:00:00+00:00,2025-07-04 23:59:00+00:00,0.9916447958853708,93.73851640425288,187,5.0,0,-0.0019792050314815773,6,0,baseline
55,2025-07-02 00:00:00+00:00,2025-07-04 23:59:00+00:00,0.9916447958853708,93.73851640425288,187,5.0,5,-0.013929073806793812,6,0,baseline
55,2025-07-02 00:00:00+00:00,2025-07-04 23:59:00+00:00,0.9916447958853708,93.73851640425288,187,5.0,10,-0.025878942582106004,6,0,baseline
56,2025-07-03 00:00:00+00:00,2025-07-05 23:59:00+00:00,0.9721501905810008,104.9160177207681,210,5.0,0,-0.00966091734293543,4,0,baseline
56,2025-07-03 00:00:00+00:00,2025-07-05 23:59:00+00:00,0.9721501905810008,104.9160177207681,210,5.0,5,-0.017549518105259457,4,0,baseline
56,2025-07-03 00:00:00+00:00,2025-07-05 23:59:00+00:00,0.9721501905810008,104.9160177207681,210,5.0,10,-0.02543811886758345,4,0,baseline
58,2025-07-05 00:00:00+00:00,2025-07-07 23:59:00+00:00,0.5154145644317247,50.35942624124334,101,5.0,0,-0.003323506795552356,5,0,baseline
58,2025-07-05 00:00:00+00:00,2025-07-07 23:59:00+00:00,0.5154145644317247,50.35942624124334,101,5.0,5,-0.01090057961771101,5,0,baseline
58,2025-07-05 00:00:00+00:00,2025-07-07 23:59:00+00:00,0.5154145644317247,50.35942624124334,101,5.0,10,-0.018477652439869638,5,0,baseline
60,2025-07-07 00:00:00+00:00,2025-07-09 23:59:00+00:00,1.0220263103760132,81.2658536308176,163,5.0,0,0.004357118201297416,4,0,baseline
60,2025-07-07 00:00:00+00:00,2025-07-09 23:59:00+00:00,1.0220263103760132,81.2658536308176,163,5.0,5,-0.003730987040206634,4,0,baseline
60,2025-07-07 00:00:00+00:00,2025-07-09 23:59:00+00:00,1.0220263103760132,81.2658536308176,163,5.0,10,-0.011819092281710675,4,0,baseline
69,2025-07-16 00:00:00+00:00,2025-07-18 23:59:00+00:00,0.5241442850842182,180.218864604814,360,5.0,0,-0.022918250431264046,1,0,baseline
69,2025-07-16 00:00:00+00:00,2025-07-18 23:59:00+00:00,0.5241442850842182,180.218864604814,360,5.0,5,-0.024442394716348275,1,0,baseline
69,2025-07-16 00:00:00+00:00,2025-07-18 23:59:00+00:00,0.5241442850842182,180.218864604814,360,5.0,10,-0.02596653900143249,1,0,baseline
74,2025-07-21 00:00:00+00:00,2025-07-23 23:59:00+00:00,0.5614137128569823,166.67636611264726,333,5.0,0,-0.0016899940646060074,3,0,baseline
74,2025-07-21 00:00:00+00:00,2025-07-23 23:59:00+00:00,0.5614137128569823,166.67636611264726,333,5.0,5,-0.006374235203176962,3,0,baseline
74,2025-07-21 00:00:00+00:00,2025-07-23 23:59:00+00:00,0.5614137128569823,166.67636611264726,333,5.0,10,-0.011058476341747923,3,0,baseline
75,2025-07-22 00:00:00+00:00,2025-07-24 23:59:00+00:00,0.607340510945674,176.41965577717272,353,5.0,0,-0.0009427948259554556,3,0,baseline
75,2025-07-22 00:00:00+00:00,2025-07-24 23:59:00+00:00,0.607340510945674,176.41965577717272,353,5.0,5,-0.005764816358792475,3,0,baseline
75,2025-07-22 00:00:00+00:00,2025-07-24 23:59:00+00:00,0.607340510945674,176.41965577717272,353,5.0,10,-0.01058683789162949,3,0,baseline
83,2025-07-30 00:00:00+00:00,2025-08-01 23:59:00+00:00,1.0532551527338825,141.70939683163613,283,5.0,0,0.0026442937116208094,2,0,baseline
83,2025-07-30 00:00:00+00:00,2025-08-01 23:59:00+00:00,1.0532551527338825,141.70939683163613,283,5.0,5,-0.0014622165938469563,2,0,baseline
83,2025-07-30 00:00:00+00:00,2025-08-01 23:59:00+00:00,1.0532551527338825,141.70939683163613,283,5.0,10,-0.00556872689931472,2,0,baseline
85,2025-08-01 00:00:00+00:00,2025-08-03 23:59:00+00:00,0.7172644075330799,74.81838856599227,150,5.0,0,0.00019636848250601403,4,0,baseline
85,2025-08-01 00:00:00+00:00,2025-08-03 23:59:00+00:00,0.7172644075330799,74.81838856599227,150,5.0,5,-0.006672689147626311,4,0,baseline
85,2025-08-01 00:00:00+00:00,2025-08-03 23:59:00+00:00,0.7172644075330799,74.81838856599227,150,5.0,10,-0.013541746777758634,4,0,baseline
86,2025-08-02 00:00:00+00:00,2025-08-04 23:59:00+00:00,1.061282114215171,100.00561492524106,200,5.0,0,-0.014659525078122569,3,0,baseline
86,2025-08-02 00:00:00+00:00,2025-08-04 23:59:00+00:00,1.061282114215171,100.00561492524106,200,5.0,5,-0.02084337142076809,3,0,baseline
86,2025-08-02 00:00:00+00:00,2025-08-04 23:59:00+00:00,1.061282114215171,100.00561492524106,200,5.0,10,-0.027027217763413578,3,0,baseline
87,2025-08-03 00:00:00+00:00,2025-08-05 23:59:00+00:00,1.2134218768373293,100.94603260880504,202,5.0,0,-0.016531891817118283,4,0,baseline
87,2025-08-03 00:00:00+00:00,2025-08-05 23:59:00+00:00,1.2134218768373293,100.94603260880504,202,5.0,5,-0.025385579324467594,4,0,baseline
87,2025-08-03 00:00:00+00:00,2025-08-05 23:59:00+00:00,1.2134218768373293,100.94603260880504,202,5.0,10,-0.03423926683181691,4,0,baseline
88,2025-08-04 00:00:00+00:00,2025-08-06 23:59:00+00:00,0.9362129955190976,143.72700657733424,287,5.0,0,-0.0026089132466614764,2,0,baseline
88,2025-08-04 00:00:00+00:00,2025-08-06 23:59:00+00:00,0.9362129955190976,143.72700657733424,287,5.0,5,-0.006481339237699673,2,0,baseline
88,2025-08-04 00:00:00+00:00,2025-08-06 23:59:00+00:00,0.9362129955190976,143.72700657733424,287,5.0,10,-0.010353765228737866,2,0,baseline
89,2025-08-05 00:00:00+00:00,2025-08-07 23:59:00+00:00,0.5722410344437652,194.72625872378623,389,5.0,0,-0.004588117388755673,1,0,baseline
89,2025-08-05 00:00:00+00:00,2025-08-07 23:59:00+00:00,0.5722410344437652,194.72625872378623,389,5.0,5,-0.00616035842319943,1,0,baseline
89,2025-08-05 00:00:00+00:00,2025-08-07 23:59:00+00:00,0.5722410344437652,194.72625872378623,389,5.0,10,-0.007732599457643194,1,0,baseline
90,2025-08-06 00:00:00+00:00,2025-08-08 23:59:00+00:00,0.5850557034013804,69.62677421020749,139,5.0,0,0.0013468443602615947,4,0,baseline
90,2025-08-06 00:00:00+00:00,2025-08-08 23:59:00+00:00,0.5850557034013804,69.62677421020749,139,5.0,5,-0.0049933784533439255,4,0,baseline
90,2025-08-06 00:00:00+00:00,2025-08-08 23:59:00+00:00,0.5850557034013804,69.62677421020749,139,5.0,10,-0.011333601266949454,4,0,baseline
102,2025-08-18 00:00:00+00:00,2025-08-20 23:59:00+00:00,0.9723282390906958,95.60794590453602,191,5.0,0,0.004838673108759655,3,0,baseline
102,2025-08-18 00:00:00+00:00,2025-08-20 23:59:00+00:00,0.9723282390906958,95.60794590453602,191,5.0,5,-0.0010783116085124299,3,0,baseline
102,2025-08-18 00:00:00+00:00,2025-08-20 23:59:00+00:00,0.9723282390906958,95.60794590453602,191,5.0,10,-0.0069952963257845216,3,0,baseline
103,2025-08-19 00:00:00+00:00,2025-08-21 23:59:00+00:00,0.7794946297785126,88.96890654407974,178,5.0,0,-0.03943143840404365,4,0,baseline
103,2025-08-19 00:00:00+00:00,2025-08-21 23:59:00+00:00,0.7794946297785126,88.96890654407974,178,5.0,5,-0.0465494169231577,4,0,baseline
103,2025-08-19 00:00:00+00:00,2025-08-21 23:59:00+00:00,0.7794946297785126,88.96890654407974,178,5.0,10,-0.053667395442271774,4,0,baseline
104,2025-08-20 00:00:00+00:00,2025-08-22 23:59:00+00:00,0.8458030591679293,86.5372420431757,173,5.0,0,-0.003978307616819266,4,0,baseline
104,2025-08-20 00:00:00+00:00,2025-08-22 23:59:00+00:00,0.8458030591679293,86.5372420431757,173,5.0,5,-0.011361519853490985,4,0,baseline
104,2025-08-20 00:00:00+00:00,2025-08-22 23:59:00+00:00,0.8458030591679293,86.5372420431757,173,5.0,10,-0.018744732090162693,4,0,baseline
107,2025-08-23 00:00:00+00:00,2025-08-25 23:59:00+00:00,0.8135656984928765,235.082082544001,470,5.0,0,-0.005667495020828141,2,0,baseline
107,2025-08-23 00:00:00+00:00,2025-08-25 23:59:00+00:00,0.8135656984928765,235.082082544001,470,5.0,5,-0.009294626417813886,2,0,baseline
107,2025-08-23 00:00:00+00:00,2025-08-25 23:59:00+00:00,0.8135656984928765,235.082082544001,470,5.0,10,-0.012921757814799636,2,0,baseline
108,2025-08-24 00:00:00+00:00,2025-08-26 23:59:00+00:00,0.9078922307031688,75.71810854104923,151,5.0,0,-0.0012155926330457124,1,0,baseline
108,2025-08-24 00:00:00+00:00,2025-08-26 23:59:00+00:00,0.9078922307031688,75.71810854104923,151,5.0,5,-0.0031234848637488833,1,0,baseline
108,2025-08-24 00:00:00+00:00,2025-08-26 23:59:00+00:00,0.9078922307031688,75.71810854104923,151,5.0,10,-0.005031377094452051,1,0,baseline
114,2025-08-30 00:00:00+00:00,2025-09-01 23:59:00+00:00,0.8655012875709502,145.0896447882179,290,5.0,0,-0.006349276641386235,1,0,baseline
114,2025-08-30 00:00:00+00:00,2025-09-01 23:59:00+00:00,0.8655012875709502,145.0896447882179,290,5.0,5,-0.008214777928957187,1,0,baseline
114,2025-08-30 00:00:00+00:00,2025-09-01 23:59:00+00:00,0.8655012875709502,145.0896447882179,290,5.0,10,-0.010080279216528126,1,0,baseline
117,2025-09-02 00:00:00+00:00,2025-09-04 23:59:00+00:00,1.4382217808346756,205.0173687061825,410,5.0,0,0.001865840057408637,3,0,baseline
117,2025-09-02 00:00:00+00:00,2025-09-04 23:59:00+00:00,1.4382217808346756,205.0173687061825,410,5.0,5,-0.005448825285095396,3,0,baseline
117,2025-09-02 00:00:00+00:00,2025-09-04 23:59:00+00:00,1.4382217808346756,205.0173687061825,410,5.0,10,-0.012763490627599416,3,0,baseline
120,2025-09-05 00:00:00+00:00,2025-09-07 23:59:00+00:00,0.2854846809931892,186.78201151332863,374,5.0,0,-0.007224771539543751,2,0,baseline
120,2025-09-05 00:00:00+00:00,2025-09-07 23:59:00+00:00,0.2854846809931892,186.78201151332863,374,5.0,5,-0.009795740901530132,2,0,baseline
120,2025-09-05 00:00:00+00:00,2025-09-07 23:59:00+00:00,0.2854846809931892,186.78201151332863,374,5.0,10,-0.012366710263516515,2,0,baseline
127,2025-09-12 00:00:00+00:00,2025-09-14 23:59:00+00:00,0.4536786077684411,291.3472136247528,500,5.0,0,-0.00024380648715524166,1,0,baseline
127,2025-09-12 00:00:00+00:00,2025-09-14 23:59:00+00:00,0.4536786077684411,291.3472136247528,500,5.0,5,-0.0016974850949236838,1,0,baseline
127,2025-09-12 00:00:00+00:00,2025-09-14 23:59:00+00:00,0.4536786077684411,291.3472136247528,500,5.0,10,-0.003151163702692128,1,0,baseline
141,2025-09-26 00:00:00+00:00,2025-09-28 23:59:00+00:00,1.1018130593450906,107.51934615264148,215,5.0,0,0.0012807982252053467,3,0,baseline
141,2025-09-26 00:00:00+00:00,2025-09-28 23:59:00+00:00,1.1018130593450906,107.51934615264148,215,5.0,5,-0.005024640952829926,3,0,baseline
141,2025-09-26 00:00:00+00:00,2025-09-28 23:59:00+00:00,1.1018130593450906,107.51934615264148,215,5.0,10,-0.011330080130865196,3,0,baseline
159,2025-10-14 00:00:00+00:00,2025-10-16 23:59:00+00:00,1.037544319881782,87.52392214720139,175,5.0,0,-0.0003771317336346533,3,0,baseline
159,2025-10-14 00:00:00+00:00,2025-10-16 23:59:00+00:00,1.037544319881782,87.52392214720139,175,5.0,5,-0.006489764693279999,3,0,baseline
159,2025-10-14 00:00:00+00:00,2025-10-16 23:59:00+00:00,1.037544319881782,87.52392214720139,175,5.0,10,-0.01260239765292534,3,0,baseline
162,2025-10-17 00:00:00+00:00,2025-10-19 23:59:00+00:00,0.6535983998827515,216.16899257743228,432,5.0,0,0.0,0,0,baseline
162,2025-10-17 00:00:00+00:00,2025-10-19 23:59:00+00:00,0.6535983998827515,216.16899257743228,432,5.0,5,0.0,0,0,baseline
162,2025-10-17 00:00:00+00:00,2025-10-19 23:59:00+00:00,0.6535983998827515,216.16899257743228,432,5.0,10,0.0,0,0,baseline
171,2025-10-26 00:00:00+00:00,2025-10-28 23:59:00+00:00,1.0713664178421034,102.29303267954212,205,5.0,0,-0.005663488774813031,4,0,baseline
171,2025-10-26 00:00:00+00:00,2025-10-28 23:59:00+00:00,1.0713664178421034,102.29303267954212,205,5.0,5,-0.01394895444618146,4,0,baseline
171,2025-10-26 00:00:00+00:00,2025-10-28 23:59:00+00:00,1.0713664178421034,102.29303267954212,205,5.0,10,-0.022234420117549846,4,0,baseline
177,2025-11-01 00:00:00+00:00,2025-11-03 23:59:00+00:00,0.9721273024539112,139.43450496355985,279,5.0,0,0.001534188487548505,2,0,baseline
177,2025-11-01 00:00:00+00:00,2025-11-03 23:59:00+00:00,0.9721273024539112,139.43450496355985,279,5.0,5,-0.0024100661173593226,2,0,baseline
177,2025-11-01 00:00:00+00:00,2025-11-03 23:59:00+00:00,0.9721273024539112,139.43450496355985,279,5.0,10,-0.0063543207222671455,2,0,baseline
178,2025-11-02 00:00:00+00:00,2025-11-04 23:59:00+00:00,1.0488878733072229,76.2138501194341,152,5.0,0,-0.0014870175594256815,3,0,baseline
178,2025-11-02 00:00:00+00:00,2025-11-04 23:59:00+00:00,1.0488878733072229,76.2138501194341,152,5.0,5,-0.007633681179347347,3,0,baseline
178,2025-11-02 00:00:00+00:00,2025-11-04 23:59:00+00:00,1.0488878733072229,76.2138501194341,152,5.0,10,-0.013780344799269015,3,0,baseline
179,2025-11-03 00:00:00+00:00,2025-11-05 23:59:00+00:00,1.0733757065245442,78.48027562027698,157,5.0,0,-0.024168771787934938,5,0,baseline
179,2025-11-03 00:00:00+00:00,2025-11-05 23:59:00+00:00,1.0733757065245442,78.48027562027698,157,5.0,5,-0.03453565032055765,5,0,baseline
179,2025-11-03 00:00:00+00:00,2025-11-05 23:59:00+00:00,1.0733757065245442,78.48027562027698,157,5.0,10,-0.04490252885318034,5,0,baseline
180,2025-11-04 00:00:00+00:00,2025-11-06 23:59:00+00:00,1.0805828170926928,80.34572900434972,161,5.0,0,0.0,0,0,baseline
180,2025-11-04 00:00:00+00:00,2025-11-06 23:59:00+00:00,1.0805828170926928,80.34572900434972,161,5.0,5,0.0,0,0,baseline
180,2025-11-04 00:00:00+00:00,2025-11-06 23:59:00+00:00,1.0805828170926928,80.34572900434972,161,5.0,10,0.0,0,0,baseline
181,2025-11-05 00:00:00+00:00,2025-11-07 23:59:00+00:00,0.9431228276137772,85.0233240434137,170,5.0,0,-0.0037243206911218166,2,0,baseline
181,2025-11-05 00:00:00+00:00,2025-11-07 23:59:00+00:00,0.9431228276137772,85.0233240434137,170,5.0,5,-0.0076105663463493746,2,0,baseline
181,2025-11-05 00:00:00+00:00,2025-11-07 23:59:00+00:00,0.9431228276137772,85.0233240434137,170,5.0,10,-0.011496812001576925,2,0,baseline
182,2025-11-06 00:00:00+00:00,2025-11-08 23:59:00+00:00,0.902226381555665,68.6925599259758,137,5.0,0,0.0013897524548802094,2,0,baseline
182,2025-11-06 00:00:00+00:00,2025-11-08 23:59:00+00:00,0.902226381555665,68.6925599259758,137,5.0,5,-0.0024147003082311243,2,0,baseline
182,2025-11-06 00:00:00+00:00,2025-11-08 23:59:00+00:00,0.902226381555665,68.6925599259758,137,5.0,10,-0.006219153071342451,2,0,baseline
184,2025-11-08 00:00:00+00:00,2025-11-10 23:59:00+00:00,1.2308033719371432,61.4885202730221,123,5.0,0,-0.004824790703004673,2,0,baseline
184,2025-11-08 00:00:00+00:00,2025-11-10 23:59:00+00:00,1.2308033719371432,61.4885202730221,123,5.0,5,-0.009286397446878956,2,0,baseline
184,2025-11-08 00:00:00+00:00,2025-11-10 23:59:00+00:00,1.2308033719371432,61.4885202730221,123,5.0,10,-0.013748004190753244,2,0,baseline
186,2025-11-10 00:00:00+00:00,2025-11-12 23:59:00+00:00,1.033235868310637,71.6756977671546,143,5.0,0,-0.010204808322870202,2,0,baseline
186,2025-11-10 00:00:00+00:00,2025-11-12 23:59:00+00:00,1.033235868310637,71.6756977671546,143,5.0,5,-0.014271280059491477,2,0,baseline
186,2025-11-10 00:00:00+00:00,2025-11-12 23:59:00+00:00,1.033235868310637,71.6756977671546,143,5.0,10,-0.01833775179611276,2,0,baseline
187,2025-11-11 00:00:00+00:00,2025-11-13 23:59:00+00:00,1.0956700246772575,96.51883510861074,193,5.0,0,0.0037062199916092064,1,0,baseline
187,2025-11-11 00:00:00+00:00,2025-11-13 23:59:00+00:00,1.0956700246772575,96.51883510861074,193,5.0,5,0.0016105499669319479,1,0,baseline
187,2025-11-11 00:00:00+00:00,2025-11-13 23:59:00+00:00,1.0956700246772575,96.51883510861074,193,5.0,10,-0.0004851200577453102,1,0,baseline
190,2025-11-14 00:00:00+00:00,2025-11-16 23:59:00+00:00,1.140052200850871,69.54749283630366,139,5.0,0,-0.02161362074934381,3,0,baseline
190,2025-11-14 00:00:00+00:00,2025-11-16 23:59:00+00:00,1.140052200850871,69.54749283630366,139,5.0,5,-0.02803377735189641,3,0,baseline
190,2025-11-14 00:00:00+00:00,2025-11-16 23:59:00+00:00,1.140052200850871,69.54749283630366,139,5.0,10,-0.034453933954449,3,0,baseline
191,2025-11-15 00:00:00+00:00,2025-11-17 23:59:00+00:00,1.120522985703584,61.07912137495472,122,5.0,0,0.012160483843805196,5,0,baseline
191,2025-11-15 00:00:00+00:00,2025-11-17 23:59:00+00:00,1.120522985703584,61.07912137495472,122,5.0,5,0.0015578689152872735,5,0,baseline
191,2025-11-15 00:00:00+00:00,2025-11-17 23:59:00+00:00,1.120522985703584,61.07912137495472,122,5.0,10,-0.009044746013230645,5,0,baseline
194,2025-11-18 00:00:00+00:00,2025-11-20 23:59:00+00:00,0.687985329228681,174.1800271553412,348,5.0,0,0.0,0,0,baseline
194,2025-11-18 00:00:00+00:00,2025-11-20 23:59:00+00:00,0.687985329228681,174.1800271553412,348,5.0,5,0.0,0,0,baseline
194,2025-11-18 00:00:00+00:00,2025-11-20 23:59:00+00:00,0.687985329228681,174.1800271553412,348,5.0,10,0.0,0,0,baseline
195,2025-11-19 00:00:00+00:00,2025-11-21 23:59:00+00:00,0.6808251824423319,65.33322348380769,131,5.0,0,0.0005232265405274549,4,0,baseline
195,2025-11-19 00:00:00+00:00,2025-11-21 23:59:00+00:00,0.6808251824423319,65.33322348380769,131,5.0,5,-0.006200074189241874,4,0,baseline
195,2025-11-19 00:00:00+00:00,2025-11-21 23:59:00+00:00,0.6808251824423319,65.33322348380769,131,5.0,10,-0.012923374919011195,4,0,baseline
196,2025-11-20 00:00:00+00:00,2025-11-22 23:59:00+00:00,0.633356577058378,82.75843807198383,166,5.0,0,0.0010089214554951595,1,0,baseline
196,2025-11-20 00:00:00+00:00,2025-11-22 23:59:00+00:00,0.633356577058378,82.75843807198383,166,5.0,5,-0.0006244351215632178,1,0,baseline
196,2025-11-20 00:00:00+00:00,2025-11-22 23:59:00+00:00,0.633356577058378,82.75843807198383,166,5.0,10,-0.002257791698621596,1,0,baseline
197,2025-11-21 00:00:00+00:00,2025-11-23 23:59:00+00:00,0.4437816271564072,157.71694765913955,315,5.0,0,0.003689300934980605,3,0,baseline
197,2025-11-21 00:00:00+00:00,2025-11-23 23:59:00+00:00,0.4437816271564072,157.71694765913955,315,5.0,5,-0.0006420439464886166,3,0,baseline
197,2025-11-21 00:00:00+00:00,2025-11-23 23:59:00+00:00,0.4437816271564072,157.71694765913955,315,5.0,10,-0.004973388827957838,3,0,baseline
206,2025-11-30 00:00:00+00:00,2025-12-02 23:59:00+00:00,0.9373155693304892,107.28968472389626,215,5.0,0,-0.0033870459651936698,2,0,baseline
206,2025-11-30 00:00:00+00:00,2025-12-02 23:59:00+00:00,0.9373155693304892,107.28968472389626,215,5.0,5,-0.007261677103854642,2,0,baseline
206,2025-11-30 00:00:00+00:00,2025-12-02 23:59:00+00:00,0.9373155693304892,107.28968472389626,215,5.0,10,-0.011136308242515616,2,0,baseline
210,2025-12-04 00:00:00+00:00,2025-12-06 23:59:00+00:00,1.3544443770228085,98.725178154902,197,5.0,0,-0.007975369715198893,2,0,baseline
210,2025-12-04 00:00:00+00:00,2025-12-06 23:59:00+00:00,1.3544443770228085,98.725178154902,197,5.0,5,-0.012684258469244505,2,0,baseline
210,2025-12-04 00:00:00+00:00,2025-12-06 23:59:00+00:00,1.3544443770228085,98.725178154902,197,5.0,10,-0.017393147223290134,2,0,baseline
216,2025-12-10 00:00:00+00:00,2025-12-12 23:59:00+00:00,1.4328107429193313,74.44169203709126,149,5.0,0,0.0009665650986378177,5,0,baseline
216,2025-12-10 00:00:00+00:00,2025-12-12 23:59:00+00:00,1.4328107429193313,74.44169203709126,149,5.0,5,-0.011197488615958835,5,0,baseline
216,2025-12-10 00:00:00+00:00,2025-12-12 23:59:00+00:00,1.4328107429193313,74.44169203709126,149,5.0,10,-0.023361542330555495,5,0,baseline
217,2025-12-11 00:00:00+00:00,2025-12-13 23:59:00+00:00,1.1864801157691622,94.93543178579256,190,5.0,0,-0.004175873154274636,4,0,baseline
217,2025-12-11 00:00:00+00:00,2025-12-13 23:59:00+00:00,1.1864801157691622,94.93543178579256,190,5.0,5,-0.012921793617351282,4,0,baseline
217,2025-12-11 00:00:00+00:00,2025-12-13 23:59:00+00:00,1.1864801157691622,94.93543178579256,190,5.0,10,-0.02166771408042794,4,0,baseline
222,2025-12-16 00:00:00+00:00,2025-12-18 23:59:00+00:00,0.933840273775445,73.90316050817067,148,5.0,0,-0.001028567151028821,5,0,baseline
222,2025-12-16 00:00:00+00:00,2025-12-18 23:59:00+00:00,0.933840273775445,73.90316050817067,148,5.0,5,-0.010697768519906052,5,0,baseline
222,2025-12-16 00:00:00+00:00,2025-12-18 23:59:00+00:00,0.933840273775445,73.90316050817067,148,5.0,10,-0.020366969888783244,5,0,baseline
223,2025-12-17 00:00:00+00:00,2025-12-19 23:59:00+00:00,0.9347487629938191,36.36863844063937,73,5.0,0,-0.00012286584662890782,12,0,baseline
223,2025-12-17 00:00:00+00:00,2025-12-19 23:59:00+00:00,0.9347487629938191,36.36863844063937,73,5.0,5,-0.023339851002554736,12,0,baseline
223,2025-12-17 00:00:00+00:00,2025-12-19 23:59:00+00:00,0.9347487629938191,36.36863844063937,73,5.0,10,-0.046556836158480545,12,0,baseline
224,2025-12-18 00:00:00+00:00,2025-12-20 23:59:00+00:00,0.904079451381148,42.30819824047478,85,5.0,0,-0.002272963288594642,5,0,baseline
224,2025-12-18 00:00:00+00:00,2025-12-20 23:59:00+00:00,0.904079451381148,42.30819824047478,85,5.0,5,-0.011793360545500377,5,0,baseline
224,2025-12-18 00:00:00+00:00,2025-12-20 23:59:00+00:00,0.904079451381148,42.30819824047478,85,5.0,10,-0.021313757802406123,5,0,baseline
225,2025-12-19 00:00:00+00:00,2025-12-21 23:59:00+00:00,0.9152690878870042,43.81784452889799,88,5.0,0,-0.010278598181629664,6,0,baseline
225,2025-12-19 00:00:00+00:00,2025-12-21 23:59:00+00:00,0.9152690878870042,43.81784452889799,88,5.0,5,-0.021770212708951714,6,0,baseline
225,2025-12-19 00:00:00+00:00,2025-12-21 23:59:00+00:00,0.9152690878870042,43.81784452889799,88,5.0,10,-0.03326182723627372,6,0,baseline
228,2025-12-22 00:00:00+00:00,2025-12-24 23:59:00+00:00,0.6316568050377231,79.0152365857574,158,5.0,0,0.0024865667220963636,1,0,baseline
228,2025-12-22 00:00:00+00:00,2025-12-24 23:59:00+00:00,0.6316568050377231,79.0152365857574,158,5.0,5,0.0008549099170586404,1,0,baseline
228,2025-12-22 00:00:00+00:00,2025-12-24 23:59:00+00:00,0.6316568050377231,79.0152365857574,158,5.0,10,-0.0007767468879790829,1,0,baseline
232,2025-12-26 00:00:00+00:00,2025-12-28 23:59:00+00:00,0.4920155411248688,289.99979333272364,500,5.0,0,0.002145500560981725,1,0,baseline
232,2025-12-26 00:00:00+00:00,2025-12-28 23:59:00+00:00,0.4920155411248688,289.99979333272364,500,5.0,5,0.000653485019856856,1,0,baseline
232,2025-12-26 00:00:00+00:00,2025-12-28 23:59:00+00:00,0.4920155411248688,289.99979333272364,500,5.0,10,-0.0008385305212680126,1,0,baseline
240,2026-01-03 00:00:00+00:00,2026-01-05 23:59:00+00:00,0.3060845742419644,137.75816640901138,276,5.0,0,-0.005966407289497144,3,0,baseline
240,2026-01-03 00:00:00+00:00,2026-01-05 23:59:00+00:00,0.3060845742419644,137.75816640901138,276,5.0,5,-0.009884661012223024,3,0,baseline
240,2026-01-03 00:00:00+00:00,2026-01-05 23:59:00+00:00,0.3060845742419644,137.75816640901138,276,5.0,10,-0.013802914734948919,3,0,baseline
245,2026-01-08 00:00:00+00:00,2026-01-10 23:59:00+00:00,0.5415580171269703,58.952337106124766,118,5.0,0,-0.002412092980313459,3,0,baseline
245,2026-01-08 00:00:00+00:00,2026-01-10 23:59:00+00:00,0.5415580171269703,58.952337106124766,118,5.0,5,-0.007036767031694363,3,0,baseline
245,2026-01-08 00:00:00+00:00,2026-01-10 23:59:00+00:00,0.5415580171269703,58.952337106124766,118,5.0,10,-0.011661441083075265,3,0,baseline
246,2026-01-09 00:00:00+00:00,2026-01-11 23:59:00+00:00,0.5099813035225402,84.12469089440712,168,5.0,0,-0.036810580205542384,2,0,baseline
246,2026-01-09 00:00:00+00:00,2026-01-11 23:59:00+00:00,0.5099813035225402,84.12469089440712,168,5.0,5,-0.03983054281258747,2,0,baseline
246,2026-01-09 00:00:00+00:00,2026-01-11 23:59:00+00:00,0.5099813035225402,84.12469089440712,168,5.0,10,-0.042850505419632555,2,0,baseline
251,2026-01-14 00:00:00+00:00,2026-01-16 23:59:00+00:00,1.0848120516793784,73.87371378880133,148,5.0,0,-0.0033704216558302124,5,0,baseline
251,2026-01-14 00:00:00+00:00,2026-01-16 23:59:00+00:00,1.0848120516793784,73.87371378880133,148,5.0,5,-0.013794481914227103,5,0,baseline
251,2026-01-14 00:00:00+00:00,2026-01-16 23:59:00+00:00,1.0848120516793784,73.87371378880133,148,5.0,10,-0.024218542172624,5,0,baseline
254,2026-01-17 00:00:00+00:00,2026-01-19 23:59:00+00:00,1.010804516542848,57.83243606459083,116,5.0,0,0.0072596673370193005,7,0,baseline
254,2026-01-17 00:00:00+00:00,2026-01-19 23:59:00+00:00,1.010804516542848,57.83243606459083,116,5.0,5,-0.0068159642787806365,7,0,baseline
254,2026-01-17 00:00:00+00:00,2026-01-19 23:59:00+00:00,1.010804516542848,57.83243606459083,116,5.0,10,-0.020891595894580575,7,0,baseline
257,2026-01-20 00:00:00+00:00,2026-01-22 23:59:00+00:00,1.1285046251137505,62.91701633019445,126,5.0,0,-0.0019246535862197426,1,0,baseline
257,2026-01-20 00:00:00+00:00,2026-01-22 23:59:00+00:00,1.1285046251137505,62.91701633019445,126,5.0,5,-0.004053158211333492,1,0,baseline
257,2026-01-20 00:00:00+00:00,2026-01-22 23:59:00+00:00,1.1285046251137505,62.91701633019445,126,5.0,10,-0.006181662836447244,1,0,baseline
258,2026-01-21 00:00:00+00:00,2026-01-23 23:59:00+00:00,1.0694724663921882,42.45318222921241,85,5.0,0,-0.0015185695650319422,6,0,baseline
258,2026-01-21 00:00:00+00:00,2026-01-23 23:59:00+00:00,1.0694724663921882,42.45318222921241,85,5.0,5,-0.01393540436338508,6,0,baseline
258,2026-01-21 00:00:00+00:00,2026-01-23 23:59:00+00:00,1.0694724663921882,42.45318222921241,85,5.0,10,-0.0263522391617382,6,0,baseline
259,2026-01-22 00:00:00+00:00,2026-01-24 23:59:00+00:00,1.3572180750335576,36.55922857758614,73,5.0,0,0.005465907895945673,6,0,baseline
259,2026-01-22 00:00:00+00:00,2026-01-24 23:59:00+00:00,1.3572180750335576,36.55922857758614,73,5.0,5,-0.008677400554255674,6,0,baseline
259,2026-01-22 00:00:00+00:00,2026-01-24 23:59:00+00:00,1.3572180750335576,36.55922857758614,73,5.0,10,-0.022820709004457016,6,0,baseline
261,2026-01-24 00:00:00+00:00,2026-01-26 23:59:00+00:00,1.4350722276863848,60.88429382969812,122,5.0,0,0.003687397819430837,4,0,baseline
261,2026-01-24 00:00:00+00:00,2026-01-26 23:59:00+00:00,1.4350722276863848,60.88429382969812,122,5.0,5,-0.0060528910913147,4,0,baseline
261,2026-01-24 00:00:00+00:00,2026-01-26 23:59:00+00:00,1.4350722276863848,60.88429382969812,122,5.0,10,-0.015793180002060224,4,0,baseline
263,2026-01-26 00:00:00+00:00,2026-01-28 23:59:00+00:00,1.1283205342189575,46.84912918722607,94,5.0,0,-0.007685479276566997,5,0,baseline
263,2026-01-26 00:00:00+00:00,2026-01-28 23:59:00+00:00,1.1283205342189575,46.84912918722607,94,5.0,5,-0.018327081947661784,5,0,baseline
263,2026-01-26 00:00:00+00:00,2026-01-28 23:59:00+00:00,1.1283205342189575,46.84912918722607,94,5.0,10,-0.028968684618756565,5,0,baseline
264,2026-01-27 00:00:00+00:00,2026-01-29 23:59:00+00:00,1.2057436815548073,66.49774420581241,133,5.0,0,0.02653499420232741,4,0,baseline
264,2026-01-27 00:00:00+00:00,2026-01-29 23:59:00+00:00,1.2057436815548073,66.49774420581241,133,5.0,5,0.017712019476108176,4,0,baseline
264,2026-01-27 00:00:00+00:00,2026-01-29 23:59:00+00:00,1.2057436815548073,66.49774420581241,133,5.0,10,0.008889044749888945,4,0,baseline
271,2026-02-03 00:00:00+00:00,2026-02-05 23:59:00+00:00,0.9335795747407768,40.104178975152976,80,5.0,0,0.008341687768575379,6,0,baseline
271,2026-02-03 00:00:00+00:00,2026-02-05 23:59:00+00:00,0.9335795747407768,40.104178975152976,80,5.0,5,-0.0032597896798692762,6,0,baseline
271,2026-02-03 00:00:00+00:00,2026-02-05 23:59:00+00:00,0.9335795747407768,40.104178975152976,80,5.0,10,-0.014861267128313942,6,0,baseline
274,2026-02-06 00:00:00+00:00,2026-02-08 23:59:00+00:00,1.1162207967413451,55.02422710581423,110,5.0,0,-0.002776587029733124,3,0,baseline
274,2026-02-06 00:00:00+00:00,2026-02-08 23:59:00+00:00,1.1162207967413451,55.02422710581423,110,5.0,5,-0.009125249419957154,3,0,baseline
274,2026-02-06 00:00:00+00:00,2026-02-08 23:59:00+00:00,1.1162207967413451,55.02422710581423,110,5.0,10,-0.015473911810181196,3,0,baseline
277,2026-02-09 00:00:00+00:00,2026-02-11 23:59:00+00:00,0.8426605544520402,47.089516473320096,94,5.0,0,-0.00903651715073474,3,0,baseline
277,2026-02-09 00:00:00+00:00,2026-02-11 23:59:00+00:00,0.8426605544520402,47.089516473320096,94,5.0,5,-0.014564498814090861,3,0,baseline
277,2026-02-09 00:00:00+00:00,2026-02-11 23:59:00+00:00,0.8426605544520402,47.089516473320096,94,5.0,10,-0.02009248047744697,3,0,baseline
278,2026-02-10 00:00:00+00:00,2026-02-12 23:59:00+00:00,0.7504733678772721,43.97283511419069,88,5.0,0,0.008882148573009329,5,0,baseline
278,2026-02-10 00:00:00+00:00,2026-02-12 23:59:00+00:00,0.7504733678772721,43.97283511419069,88,5.0,5,0.000129781733622971,5,0,baseline
278,2026-02-10 00:00:00+00:00,2026-02-12 23:59:00+00:00,0.7504733678772721,43.97283511419069,88,5.0,10,-0.008622585105763388,5,0,baseline
279,2026-02-11 00:00:00+00:00,2026-02-13 23:59:00+00:00,0.9352746330202688,33.47638377304053,67,5.0,0,0.02145394407578184,6,0,baseline
279,2026-02-11 00:00:00+00:00,2026-02-13 23:59:00+00:00,0.9352746330202688,33.47638377304053,67,5.0,5,0.009842296277660239,6,0,baseline
279,2026-02-11 00:00:00+00:00,2026-02-13 23:59:00+00:00,0.9352746330202688,33.47638377304053,67,5.0,10,-0.0017693515204613717,6,0,baseline
283,2026-02-15 00:00:00+00:00,2026-02-17 23:59:00+00:00,0.3404382710429128,48.21080179812221,96,5.0,0,0.0005365895477790373,6,0,baseline
283,2026-02-15 00:00:00+00:00,2026-02-17 23:59:00+00:00,0.3404382710429128,48.21080179812221,96,5.0,5,-0.0075060400784784445,6,0,baseline
283,2026-02-15 00:00:00+00:00,2026-02-17 23:59:00+00:00,0.3404382710429128,48.21080179812221,96,5.0,10,-0.015548669704735915,6,0,baseline
301,2026-03-05 00:00:00+00:00,2026-03-07 23:59:00+00:00,0.870295925089021,101.24363752309726,202,5.0,0,-0.0076127337642508276,3,0,baseline
301,2026-03-05 00:00:00+00:00,2026-03-07 23:59:00+00:00,0.870295925089021,101.24363752309726,202,5.0,5,-0.013223621539517883,3,0,baseline
301,2026-03-05 00:00:00+00:00,2026-03-07 23:59:00+00:00,0.870295925089021,101.24363752309726,202,5.0,10,-0.01883450931478494,3,0,baseline
306,2026-03-10 00:00:00+00:00,2026-03-12 23:59:00+00:00,0.3682316572213056,109.34104733763732,219,5.0,0,-0.011173698293831417,4,0,baseline
306,2026-03-10 00:00:00+00:00,2026-03-12 23:59:00+00:00,0.3682316572213056,109.34104733763732,219,5.0,5,-0.016646624922716628,4,0,baseline
306,2026-03-10 00:00:00+00:00,2026-03-12 23:59:00+00:00,0.3682316572213056,109.34104733763732,219,5.0,10,-0.022119551551601856,4,0,baseline
307,2026-03-11 00:00:00+00:00,2026-03-13 23:59:00+00:00,0.6839296748585459,80.60317086234454,161,5.0,0,0.007305847723431545,4,0,baseline
307,2026-03-11 00:00:00+00:00,2026-03-13 23:59:00+00:00,0.6839296748585459,80.60317086234454,161,5.0,5,0.0005701290239973583,4,0,baseline
307,2026-03-11 00:00:00+00:00,2026-03-13 23:59:00+00:00,0.6839296748585459,80.60317086234454,161,5.0,10,-0.006165589675436824,4,0,baseline
310,2026-03-14 00:00:00+00:00,2026-03-16 23:59:00+00:00,1.0223183603608668,75.26922563761961,151,5.0,0,0.010162259465326165,6,0,baseline
310,2026-03-14 00:00:00+00:00,2026-03-16 23:59:00+00:00,1.0223183603608668,75.26922563761961,151,5.0,5,-0.0019716506968390376,6,0,baseline
310,2026-03-14 00:00:00+00:00,2026-03-16 23:59:00+00:00,1.0223183603608668,75.26922563761961,151,5.0,10,-0.01410556085900424,6,0,baseline
311,2026-03-15 00:00:00+00:00,2026-03-17 23:59:00+00:00,0.9707196520777304,79.25870443464946,159,5.0,0,0.0031279413974776454,3,0,baseline
311,2026-03-15 00:00:00+00:00,2026-03-17 23:59:00+00:00,0.9707196520777304,79.25870443464946,159,5.0,5,-0.0027842175587555478,3,0,baseline
311,2026-03-15 00:00:00+00:00,2026-03-17 23:59:00+00:00,0.9707196520777304,79.25870443464946,159,5.0,10,-0.00869637651498874,3,0,baseline
312,2026-03-16 00:00:00+00:00,2026-03-18 23:59:00+00:00,0.980653197643683,74.38292789325847,149,5.0,0,-0.008166484937956698,4,0,baseline
312,2026-03-16 00:00:00+00:00,2026-03-18 23:59:00+00:00,0.980653197643683,74.38292789325847,149,5.0,5,-0.016089097728531416,4,0,baseline
312,2026-03-16 00:00:00+00:00,2026-03-18 23:59:00+00:00,0.980653197643683,74.38292789325847,149,5.0,10,-0.024011710519106153,4,0,baseline
313,2026-03-17 00:00:00+00:00,2026-03-19 23:59:00+00:00,1.090244975575672,43.91808181022006,88,5.0,0,-0.0006415953983458586,5,0,baseline
313,2026-03-17 00:00:00+00:00,2026-03-19 23:59:00+00:00,1.090244975575672,43.91808181022006,88,5.0,5,-0.01109282027622422,5,0,baseline
313,2026-03-17 00:00:00+00:00,2026-03-19 23:59:00+00:00,1.090244975575672,43.91808181022006,88,5.0,10,-0.021544045154102576,5,0,baseline
317,2026-03-21 00:00:00+00:00,2026-03-23 23:59:00+00:00,1.24037830683862,50.70632487160573,101,5.0,0,-0.021461186426055923,3,0,baseline
317,2026-03-21 00:00:00+00:00,2026-03-23 23:59:00+00:00,1.24037830683862,50.70632487160573,101,5.0,5,-0.02818232134657179,3,0,baseline
317,2026-03-21 00:00:00+00:00,2026-03-23 23:59:00+00:00,1.24037830683862,50.70632487160573,101,5.0,10,-0.03490345626708767,3,0,baseline
318,2026-03-22 00:00:00+00:00,2026-03-24 23:59:00+00:00,1.2404248122860526,64.48543870606849,129,5.0,0,-0.02045052593331921,5,0,baseline
318,2026-03-22 00:00:00+00:00,2026-03-24 23:59:00+00:00,1.2404248122860526,64.48543870606849,129,5.0,5,-0.03165264999474948,5,0,baseline
318,2026-03-22 00:00:00+00:00,2026-03-24 23:59:00+00:00,1.2404248122860526,64.48543870606849,129,5.0,10,-0.04285477405617975,5,0,baseline
328,2026-04-01 00:00:00+00:00,2026-04-03 23:59:00+00:00,1.6378490465299955,63.37362436307971,127,5.0,0,-0.001496267451745896,6,0,baseline
328,2026-04-01 00:00:00+00:00,2026-04-03 23:59:00+00:00,1.6378490465299955,63.37362436307971,127,5.0,5,-0.017323361730925864,6,0,baseline
328,2026-04-01 00:00:00+00:00,2026-04-03 23:59:00+00:00,1.6378490465299955,63.37362436307971,127,5.0,10,-0.033150456010105835,6,0,baseline
329,2026-04-02 00:00:00+00:00,2026-04-04 23:59:00+00:00,1.501198541000683,38.43822429357144,77,5.0,0,-0.0561935008592915,7,0,baseline
329,2026-04-02 00:00:00+00:00,2026-04-04 23:59:00+00:00,1.501198541000683,38.43822429357144,77,5.0,5,-0.07370189064629629,7,0,baseline
329,2026-04-02 00:00:00+00:00,2026-04-04 23:59:00+00:00,1.501198541000683,38.43822429357144,77,5.0,10,-0.09121028043330107,7,0,baseline
1,2025-05-09 00:00:00+00:00,2025-05-11 23:59:00+00:00,0.5547239804883022,65.70313808701862,131,5.0,0,0.002309863279784756,1,18,filtered
1,2025-05-09 00:00:00+00:00,2025-05-11 23:59:00+00:00,0.5547239804883022,65.70313808701862,131,5.0,5,0.0007551392992964554,1,18,filtered
1,2025-05-09 00:00:00+00:00,2025-05-11 23:59:00+00:00,0.5547239804883022,65.70313808701862,131,5.0,10,-0.0007995846811918483,1,18,filtered
2,2025-05-10 00:00:00+00:00,2025-05-12 23:59:00+00:00,0.5256171381375594,71.3987749308024,143,5.0,0,0.0,0,14,filtered
2,2025-05-10 00:00:00+00:00,2025-05-12 23:59:00+00:00,0.5256171381375594,71.3987749308024,143,5.0,5,0.0,0,14,filtered
2,2025-05-10 00:00:00+00:00,2025-05-12 23:59:00+00:00,0.5256171381375594,71.3987749308024,143,5.0,10,0.0,0,14,filtered
3,2025-05-11 00:00:00+00:00,2025-05-13 23:59:00+00:00,0.6077623312272014,143.81639289292335,288,5.0,0,0.0,0,4,filtered
3,2025-05-11 00:00:00+00:00,2025-05-13 23:59:00+00:00,0.6077623312272014,143.81639289292335,288,5.0,5,0.0,0,4,filtered
3,2025-05-11 00:00:00+00:00,2025-05-13 23:59:00+00:00,0.6077623312272014,143.81639289292335,288,5.0,10,0.0,0,4,filtered
6,2025-05-14 00:00:00+00:00,2025-05-16 23:59:00+00:00,1.3911772147067296,140.33318522054927,281,5.0,0,0.0,0,25,filtered
6,2025-05-14 00:00:00+00:00,2025-05-16 23:59:00+00:00,1.3911772147067296,140.33318522054927,281,5.0,5,0.0,0,25,filtered
6,2025-05-14 00:00:00+00:00,2025-05-16 23:59:00+00:00,1.3911772147067296,140.33318522054927,281,5.0,10,0.0,0,25,filtered
11,2025-05-19 00:00:00+00:00,2025-05-21 23:59:00+00:00,0.8623627484332843,94.62193366407324,189,5.0,0,0.0,0,6,filtered
11,2025-05-19 00:00:00+00:00,2025-05-21 23:59:00+00:00,0.8623627484332843,94.62193366407324,189,5.0,5,0.0,0,6,filtered
11,2025-05-19 00:00:00+00:00,2025-05-21 23:59:00+00:00,0.8623627484332843,94.62193366407324,189,5.0,10,0.0,0,6,filtered
17,2025-05-25 00:00:00+00:00,2025-05-27 23:59:00+00:00,1.3166973179245147,148.99913170783822,298,5.0,0,0.0020862143812414025,1,19,filtered
17,2025-05-25 00:00:00+00:00,2025-05-27 23:59:00+00:00,1.3166973179245147,148.99913170783822,298,5.0,5,-0.00023048293668311145,1,19,filtered
17,2025-05-25 00:00:00+00:00,2025-05-27 23:59:00+00:00,1.3166973179245147,148.99913170783822,298,5.0,10,-0.0025471802546076245,1,19,filtered
23,2025-05-31 00:00:00+00:00,2025-06-02 23:59:00+00:00,1.051450888241483,152.6447004422173,305,5.0,0,-0.009956433528589471,1,9,filtered
23,2025-05-31 00:00:00+00:00,2025-06-02 23:59:00+00:00,1.051450888241483,152.6447004422173,305,5.0,5,-0.012007884416830955,1,9,filtered
23,2025-05-31 00:00:00+00:00,2025-06-02 23:59:00+00:00,1.051450888241483,152.6447004422173,305,5.0,10,-0.014059335305072439,1,9,filtered
25,2025-06-02 00:00:00+00:00,2025-06-04 23:59:00+00:00,1.3288496313026812,91.71681161985774,183,5.0,0,0.0,0,36,filtered
25,2025-06-02 00:00:00+00:00,2025-06-04 23:59:00+00:00,1.3288496313026812,91.71681161985774,183,5.0,5,0.0,0,36,filtered
25,2025-06-02 00:00:00+00:00,2025-06-04 23:59:00+00:00,1.3288496313026812,91.71681161985774,183,5.0,10,0.0,0,36,filtered
36,2025-06-13 00:00:00+00:00,2025-06-15 23:59:00+00:00,0.4392558451112993,64.73292934289236,129,5.0,0,-0.0053402922917596485,1,20,filtered
36,2025-06-13 00:00:00+00:00,2025-06-15 23:59:00+00:00,0.4392558451112993,64.73292934289236,129,5.0,5,-0.006779548136870945,1,20,filtered
36,2025-06-13 00:00:00+00:00,2025-06-15 23:59:00+00:00,0.4392558451112993,64.73292934289236,129,5.0,10,-0.008218803981982246,1,20,filtered
42,2025-06-19 00:00:00+00:00,2025-06-21 23:59:00+00:00,0.8114940572102292,113.51525759010453,227,5.0,0,0.00940462795945956,1,1,filtered
42,2025-06-19 00:00:00+00:00,2025-06-21 23:59:00+00:00,0.8114940572102292,113.51525759010453,227,5.0,5,0.00759313390224933,1,1,filtered
42,2025-06-19 00:00:00+00:00,2025-06-21 23:59:00+00:00,0.8114940572102292,113.51525759010453,227,5.0,10,0.0057816398450391,1,1,filtered
43,2025-06-20 00:00:00+00:00,2025-06-22 23:59:00+00:00,0.8627622053280426,60.036908717198585,120,5.0,0,0.0,0,5,filtered
43,2025-06-20 00:00:00+00:00,2025-06-22 23:59:00+00:00,0.8627622053280426,60.036908717198585,120,5.0,5,0.0,0,5,filtered
43,2025-06-20 00:00:00+00:00,2025-06-22 23:59:00+00:00,0.8627622053280426,60.036908717198585,120,5.0,10,0.0,0,5,filtered
50,2025-06-27 00:00:00+00:00,2025-06-29 23:59:00+00:00,1.3345276117717333,76.10610910810799,152,5.0,0,0.0,0,9,filtered
50,2025-06-27 00:00:00+00:00,2025-06-29 23:59:00+00:00,1.3345276117717333,76.10610910810799,152,5.0,5,0.0,0,9,filtered
50,2025-06-27 00:00:00+00:00,2025-06-29 23:59:00+00:00,1.3345276117717333,76.10610910810799,152,5.0,10,0.0,0,9,filtered
51,2025-06-28 00:00:00+00:00,2025-06-30 23:59:00+00:00,1.1956201273171594,87.27589282399468,175,5.0,0,-0.00042150586495631076,1,9,filtered
51,2025-06-28 00:00:00+00:00,2025-06-30 23:59:00+00:00,1.1956201273171594,87.27589282399468,175,5.0,5,-0.0026171259922734683,1,9,filtered
51,2025-06-28 00:00:00+00:00,2025-06-30 23:59:00+00:00,1.1956201273171594,87.27589282399468,175,5.0,10,-0.004812746119590629,1,9,filtered
53,2025-06-30 00:00:00+00:00,2025-07-02 23:59:00+00:00,1.095268444924281,69.80425978057681,140,5.0,0,0.0,0,16,filtered
53,2025-06-30 00:00:00+00:00,2025-07-02 23:59:00+00:00,1.095268444924281,69.80425978057681,140,5.0,5,0.0,0,16,filtered
53,2025-06-30 00:00:00+00:00,2025-07-02 23:59:00+00:00,1.095268444924281,69.80425978057681,140,5.0,10,0.0,0,16,filtered
55,2025-07-02 00:00:00+00:00,2025-07-04 23:59:00+00:00,0.9916447958853708,93.73851640425288,187,5.0,0,0.002821119300674443,1,37,filtered
55,2025-07-02 00:00:00+00:00,2025-07-04 23:59:00+00:00,0.9916447958853708,93.73851640425288,187,5.0,5,0.0008294745047890714,1,37,filtered
55,2025-07-02 00:00:00+00:00,2025-07-04 23:59:00+00:00,0.9916447958853708,93.73851640425288,187,5.0,10,-0.0011621702910963,1,37,filtered
56,2025-07-03 00:00:00+00:00,2025-07-05 23:59:00+00:00,0.9721501905810008,104.9160177207681,210,5.0,0,0.0,0,27,filtered
56,2025-07-03 00:00:00+00:00,2025-07-05 23:59:00+00:00,0.9721501905810008,104.9160177207681,210,5.0,5,0.0,0,27,filtered
56,2025-07-03 00:00:00+00:00,2025-07-05 23:59:00+00:00,0.9721501905810008,104.9160177207681,210,5.0,10,0.0,0,27,filtered
58,2025-07-05 00:00:00+00:00,2025-07-07 23:59:00+00:00,0.5154145644317247,50.35942624124334,101,5.0,0,-0.0017406969024838744,1,10,filtered
58,2025-07-05 00:00:00+00:00,2025-07-07 23:59:00+00:00,0.5154145644317247,50.35942624124334,101,5.0,5,-0.0032561114669155955,1,10,filtered
58,2025-07-05 00:00:00+00:00,2025-07-07 23:59:00+00:00,0.5154145644317247,50.35942624124334,101,5.0,10,-0.004771526031347318,1,10,filtered
60,2025-07-07 00:00:00+00:00,2025-07-09 23:59:00+00:00,1.0220263103760132,81.2658536308176,163,5.0,0,0.0,0,26,filtered
60,2025-07-07 00:00:00+00:00,2025-07-09 23:59:00+00:00,1.0220263103760132,81.2658536308176,163,5.0,5,0.0,0,26,filtered
60,2025-07-07 00:00:00+00:00,2025-07-09 23:59:00+00:00,1.0220263103760132,81.2658536308176,163,5.0,10,0.0,0,26,filtered
69,2025-07-16 00:00:00+00:00,2025-07-18 23:59:00+00:00,0.5241442850842182,180.218864604814,360,5.0,0,-0.022918250431264046,1,0,filtered
69,2025-07-16 00:00:00+00:00,2025-07-18 23:59:00+00:00,0.5241442850842182,180.218864604814,360,5.0,5,-0.024442394716348275,1,0,filtered
69,2025-07-16 00:00:00+00:00,2025-07-18 23:59:00+00:00,0.5241442850842182,180.218864604814,360,5.0,10,-0.02596653900143249,1,0,filtered
74,2025-07-21 00:00:00+00:00,2025-07-23 23:59:00+00:00,0.5614137128569823,166.67636611264726,333,5.0,0,0.0,0,17,filtered
74,2025-07-21 00:00:00+00:00,2025-07-23 23:59:00+00:00,0.5614137128569823,166.67636611264726,333,5.0,5,0.0,0,17,filtered
74,2025-07-21 00:00:00+00:00,2025-07-23 23:59:00+00:00,0.5614137128569823,166.67636611264726,333,5.0,10,0.0,0,17,filtered
75,2025-07-22 00:00:00+00:00,2025-07-24 23:59:00+00:00,0.607340510945674,176.41965577717272,353,5.0,0,0.0,0,87,filtered
75,2025-07-22 00:00:00+00:00,2025-07-24 23:59:00+00:00,0.607340510945674,176.41965577717272,353,5.0,5,0.0,0,87,filtered
75,2025-07-22 00:00:00+00:00,2025-07-24 23:59:00+00:00,0.607340510945674,176.41965577717272,353,5.0,10,0.0,0,87,filtered
83,2025-07-30 00:00:00+00:00,2025-08-01 23:59:00+00:00,1.0532551527338825,141.70939683163613,283,5.0,0,0.0,0,9,filtered
83,2025-07-30 00:00:00+00:00,2025-08-01 23:59:00+00:00,1.0532551527338825,141.70939683163613,283,5.0,5,0.0,0,9,filtered
83,2025-07-30 00:00:00+00:00,2025-08-01 23:59:00+00:00,1.0532551527338825,141.70939683163613,283,5.0,10,0.0,0,9,filtered
85,2025-08-01 00:00:00+00:00,2025-08-03 23:59:00+00:00,0.7172644075330799,74.81838856599227,150,5.0,0,0.0,0,20,filtered
85,2025-08-01 00:00:00+00:00,2025-08-03 23:59:00+00:00,0.7172644075330799,74.81838856599227,150,5.0,5,0.0,0,20,filtered
85,2025-08-01 00:00:00+00:00,2025-08-03 23:59:00+00:00,0.7172644075330799,74.81838856599227,150,5.0,10,0.0,0,20,filtered
86,2025-08-02 00:00:00+00:00,2025-08-04 23:59:00+00:00,1.061282114215171,100.00561492524106,200,5.0,0,0.0,0,20,filtered
86,2025-08-02 00:00:00+00:00,2025-08-04 23:59:00+00:00,1.061282114215171,100.00561492524106,200,5.0,5,0.0,0,20,filtered
86,2025-08-02 00:00:00+00:00,2025-08-04 23:59:00+00:00,1.061282114215171,100.00561492524106,200,5.0,10,0.0,0,20,filtered
87,2025-08-03 00:00:00+00:00,2025-08-05 23:59:00+00:00,1.2134218768373293,100.94603260880504,202,5.0,0,0.0,0,41,filtered
87,2025-08-03 00:00:00+00:00,2025-08-05 23:59:00+00:00,1.2134218768373293,100.94603260880504,202,5.0,5,0.0,0,41,filtered
87,2025-08-03 00:00:00+00:00,2025-08-05 23:59:00+00:00,1.2134218768373293,100.94603260880504,202,5.0,10,0.0,0,41,filtered
88,2025-08-04 00:00:00+00:00,2025-08-06 23:59:00+00:00,0.9362129955190976,143.72700657733424,287,5.0,0,-0.0033391300479278154,1,8,filtered
88,2025-08-04 00:00:00+00:00,2025-08-06 23:59:00+00:00,0.9362129955190976,143.72700657733424,287,5.0,5,-0.005275343043446916,1,8,filtered
88,2025-08-04 00:00:00+00:00,2025-08-06 23:59:00+00:00,0.9362129955190976,143.72700657733424,287,5.0,10,-0.007211556038966014,1,8,filtered
89,2025-08-05 00:00:00+00:00,2025-08-07 23:59:00+00:00,0.5722410344437652,194.72625872378623,389,5.0,0,0.0,0,3,filtered
89,2025-08-05 00:00:00+00:00,2025-08-07 23:59:00+00:00,0.5722410344437652,194.72625872378623,389,5.0,5,0.0,0,3,filtered
89,2025-08-05 00:00:00+00:00,2025-08-07 23:59:00+00:00,0.5722410344437652,194.72625872378623,389,5.0,10,0.0,0,3,filtered
90,2025-08-06 00:00:00+00:00,2025-08-08 23:59:00+00:00,0.5850557034013804,69.62677421020749,139,5.0,0,0.0,0,33,filtered
90,2025-08-06 00:00:00+00:00,2025-08-08 23:59:00+00:00,0.5850557034013804,69.62677421020749,139,5.0,5,0.0,0,33,filtered
90,2025-08-06 00:00:00+00:00,2025-08-08 23:59:00+00:00,0.5850557034013804,69.62677421020749,139,5.0,10,0.0,0,33,filtered
102,2025-08-18 00:00:00+00:00,2025-08-20 23:59:00+00:00,0.9723282390906958,95.60794590453602,191,5.0,0,0.0,0,31,filtered
102,2025-08-18 00:00:00+00:00,2025-08-20 23:59:00+00:00,0.9723282390906958,95.60794590453602,191,5.0,5,0.0,0,31,filtered
102,2025-08-18 00:00:00+00:00,2025-08-20 23:59:00+00:00,0.9723282390906958,95.60794590453602,191,5.0,10,0.0,0,31,filtered
103,2025-08-19 00:00:00+00:00,2025-08-21 23:59:00+00:00,0.7794946297785126,88.96890654407974,178,5.0,0,0.0,0,39,filtered
103,2025-08-19 00:00:00+00:00,2025-08-21 23:59:00+00:00,0.7794946297785126,88.96890654407974,178,5.0,5,0.0,0,39,filtered
103,2025-08-19 00:00:00+00:00,2025-08-21 23:59:00+00:00,0.7794946297785126,88.96890654407974,178,5.0,10,0.0,0,39,filtered
104,2025-08-20 00:00:00+00:00,2025-08-22 23:59:00+00:00,0.8458030591679293,86.5372420431757,173,5.0,0,-7.08228192880609e-06,2,32,filtered
104,2025-08-20 00:00:00+00:00,2025-08-22 23:59:00+00:00,0.8458030591679293,86.5372420431757,173,5.0,5,-0.0036986884002646646,2,32,filtered
104,2025-08-20 00:00:00+00:00,2025-08-22 23:59:00+00:00,0.8458030591679293,86.5372420431757,173,5.0,10,-0.007390294518600525,2,32,filtered
107,2025-08-23 00:00:00+00:00,2025-08-25 23:59:00+00:00,0.8135656984928765,235.082082544001,470,5.0,0,0.0,0,47,filtered
107,2025-08-23 00:00:00+00:00,2025-08-25 23:59:00+00:00,0.8135656984928765,235.082082544001,470,5.0,5,0.0,0,47,filtered
107,2025-08-23 00:00:00+00:00,2025-08-25 23:59:00+00:00,0.8135656984928765,235.082082544001,470,5.0,10,0.0,0,47,filtered
108,2025-08-24 00:00:00+00:00,2025-08-26 23:59:00+00:00,0.9078922307031688,75.71810854104923,151,5.0,0,0.0,0,18,filtered
108,2025-08-24 00:00:00+00:00,2025-08-26 23:59:00+00:00,0.9078922307031688,75.71810854104923,151,5.0,5,0.0,0,18,filtered
108,2025-08-24 00:00:00+00:00,2025-08-26 23:59:00+00:00,0.9078922307031688,75.71810854104923,151,5.0,10,0.0,0,18,filtered
114,2025-08-30 00:00:00+00:00,2025-09-01 23:59:00+00:00,0.8655012875709502,145.0896447882179,290,5.0,0,0.0,0,27,filtered
114,2025-08-30 00:00:00+00:00,2025-09-01 23:59:00+00:00,0.8655012875709502,145.0896447882179,290,5.0,5,0.0,0,27,filtered
114,2025-08-30 00:00:00+00:00,2025-09-01 23:59:00+00:00,0.8655012875709502,145.0896447882179,290,5.0,10,0.0,0,27,filtered
117,2025-09-02 00:00:00+00:00,2025-09-04 23:59:00+00:00,1.4382217808346756,205.0173687061825,410,5.0,0,0.003277982857829268,1,22,filtered
117,2025-09-02 00:00:00+00:00,2025-09-04 23:59:00+00:00,1.4382217808346756,205.0173687061825,410,5.0,5,0.0008397610769945922,1,22,filtered
117,2025-09-02 00:00:00+00:00,2025-09-04 23:59:00+00:00,1.4382217808346756,205.0173687061825,410,5.0,10,-0.001598460703840083,1,22,filtered
120,2025-09-05 00:00:00+00:00,2025-09-07 23:59:00+00:00,0.2854846809931892,186.78201151332863,374,5.0,0,0.0,0,56,filtered
120,2025-09-05 00:00:00+00:00,2025-09-07 23:59:00+00:00,0.2854846809931892,186.78201151332863,374,5.0,5,0.0,0,56,filtered
120,2025-09-05 00:00:00+00:00,2025-09-07 23:59:00+00:00,0.2854846809931892,186.78201151332863,374,5.0,10,0.0,0,56,filtered
127,2025-09-12 00:00:00+00:00,2025-09-14 23:59:00+00:00,0.4536786077684411,291.3472136247528,500,5.0,0,0.0,0,42,filtered
127,2025-09-12 00:00:00+00:00,2025-09-14 23:59:00+00:00,0.4536786077684411,291.3472136247528,500,5.0,5,0.0,0,42,filtered
127,2025-09-12 00:00:00+00:00,2025-09-14 23:59:00+00:00,0.4536786077684411,291.3472136247528,500,5.0,10,0.0,0,42,filtered
141,2025-09-26 00:00:00+00:00,2025-09-28 23:59:00+00:00,1.1018130593450906,107.51934615264148,215,5.0,0,0.0,0,32,filtered
141,2025-09-26 00:00:00+00:00,2025-09-28 23:59:00+00:00,1.1018130593450906,107.51934615264148,215,5.0,5,0.0,0,32,filtered
141,2025-09-26 00:00:00+00:00,2025-09-28 23:59:00+00:00,1.1018130593450906,107.51934615264148,215,5.0,10,0.0,0,32,filtered
159,2025-10-14 00:00:00+00:00,2025-10-16 23:59:00+00:00,1.037544319881782,87.52392214720139,175,5.0,0,0.0,0,10,filtered
159,2025-10-14 00:00:00+00:00,2025-10-16 23:59:00+00:00,1.037544319881782,87.52392214720139,175,5.0,5,0.0,0,10,filtered
159,2025-10-14 00:00:00+00:00,2025-10-16 23:59:00+00:00,1.037544319881782,87.52392214720139,175,5.0,10,0.0,0,10,filtered
162,2025-10-17 00:00:00+00:00,2025-10-19 23:59:00+00:00,0.6535983998827515,216.16899257743228,432,5.0,0,0.0,0,0,filtered
162,2025-10-17 00:00:00+00:00,2025-10-19 23:59:00+00:00,0.6535983998827515,216.16899257743228,432,5.0,5,0.0,0,0,filtered
162,2025-10-17 00:00:00+00:00,2025-10-19 23:59:00+00:00,0.6535983998827515,216.16899257743228,432,5.0,10,0.0,0,0,filtered
171,2025-10-26 00:00:00+00:00,2025-10-28 23:59:00+00:00,1.0713664178421034,102.29303267954212,205,5.0,0,0.004234904263846692,1,18,filtered
171,2025-10-26 00:00:00+00:00,2025-10-28 23:59:00+00:00,1.0713664178421034,102.29303267954212,205,5.0,5,0.0021635378460045894,1,18,filtered
171,2025-10-26 00:00:00+00:00,2025-10-28 23:59:00+00:00,1.0713664178421034,102.29303267954212,205,5.0,10,9.21714281624849e-05,1,18,filtered
177,2025-11-01 00:00:00+00:00,2025-11-03 23:59:00+00:00,0.9721273024539112,139.43450496355985,279,5.0,0,0.0,0,5,filtered
177,2025-11-01 00:00:00+00:00,2025-11-03 23:59:00+00:00,0.9721273024539112,139.43450496355985,279,5.0,5,0.0,0,5,filtered
177,2025-11-01 00:00:00+00:00,2025-11-03 23:59:00+00:00,0.9721273024539112,139.43450496355985,279,5.0,10,0.0,0,5,filtered
178,2025-11-02 00:00:00+00:00,2025-11-04 23:59:00+00:00,1.0488878733072229,76.2138501194341,152,5.0,0,0.00111467060188534,1,12,filtered
178,2025-11-02 00:00:00+00:00,2025-11-04 23:59:00+00:00,1.0488878733072229,76.2138501194341,152,5.0,5,-0.0009342172714218828,1,12,filtered
178,2025-11-02 00:00:00+00:00,2025-11-04 23:59:00+00:00,1.0488878733072229,76.2138501194341,152,5.0,10,-0.002983105144729106,1,12,filtered
179,2025-11-03 00:00:00+00:00,2025-11-05 23:59:00+00:00,1.0733757065245442,78.48027562027698,157,5.0,0,0.0,0,30,filtered
179,2025-11-03 00:00:00+00:00,2025-11-05 23:59:00+00:00,1.0733757065245442,78.48027562027698,157,5.0,5,0.0,0,30,filtered
179,2025-11-03 00:00:00+00:00,2025-11-05 23:59:00+00:00,1.0733757065245442,78.48027562027698,157,5.0,10,0.0,0,30,filtered
180,2025-11-04 00:00:00+00:00,2025-11-06 23:59:00+00:00,1.0805828170926928,80.34572900434972,161,5.0,0,0.0,0,0,filtered
180,2025-11-04 00:00:00+00:00,2025-11-06 23:59:00+00:00,1.0805828170926928,80.34572900434972,161,5.0,5,0.0,0,0,filtered
180,2025-11-04 00:00:00+00:00,2025-11-06 23:59:00+00:00,1.0805828170926928,80.34572900434972,161,5.0,10,0.0,0,0,filtered
181,2025-11-05 00:00:00+00:00,2025-11-07 23:59:00+00:00,0.9431228276137772,85.0233240434137,170,5.0,0,0.0,0,17,filtered
181,2025-11-05 00:00:00+00:00,2025-11-07 23:59:00+00:00,0.9431228276137772,85.0233240434137,170,5.0,5,0.0,0,17,filtered
181,2025-11-05 00:00:00+00:00,2025-11-07 23:59:00+00:00,0.9431228276137772,85.0233240434137,170,5.0,10,0.0,0,17,filtered
182,2025-11-06 00:00:00+00:00,2025-11-08 23:59:00+00:00,0.902226381555665,68.6925599259758,137,5.0,0,0.0,0,13,filtered
182,2025-11-06 00:00:00+00:00,2025-11-08 23:59:00+00:00,0.902226381555665,68.6925599259758,137,5.0,5,0.0,0,13,filtered
182,2025-11-06 00:00:00+00:00,2025-11-08 23:59:00+00:00,0.902226381555665,68.6925599259758,137,5.0,10,0.0,0,13,filtered
184,2025-11-08 00:00:00+00:00,2025-11-10 23:59:00+00:00,1.2308033719371432,61.4885202730221,123,5.0,0,0.0,0,11,filtered
184,2025-11-08 00:00:00+00:00,2025-11-10 23:59:00+00:00,1.2308033719371432,61.4885202730221,123,5.0,5,0.0,0,11,filtered
184,2025-11-08 00:00:00+00:00,2025-11-10 23:59:00+00:00,1.2308033719371432,61.4885202730221,123,5.0,10,0.0,0,11,filtered
186,2025-11-10 00:00:00+00:00,2025-11-12 23:59:00+00:00,1.033235868310637,71.6756977671546,143,5.0,0,0.0,0,25,filtered
186,2025-11-10 00:00:00+00:00,2025-11-12 23:59:00+00:00,1.033235868310637,71.6756977671546,143,5.0,5,0.0,0,25,filtered
186,2025-11-10 00:00:00+00:00,2025-11-12 23:59:00+00:00,1.033235868310637,71.6756977671546,143,5.0,10,0.0,0,25,filtered
187,2025-11-11 00:00:00+00:00,2025-11-13 23:59:00+00:00,1.0956700246772575,96.51883510861074,193,5.0,0,0.0,0,3,filtered
187,2025-11-11 00:00:00+00:00,2025-11-13 23:59:00+00:00,1.0956700246772575,96.51883510861074,193,5.0,5,0.0,0,3,filtered
187,2025-11-11 00:00:00+00:00,2025-11-13 23:59:00+00:00,1.0956700246772575,96.51883510861074,193,5.0,10,0.0,0,3,filtered
190,2025-11-14 00:00:00+00:00,2025-11-16 23:59:00+00:00,1.140052200850871,69.54749283630366,139,5.0,0,0.0,0,27,filtered
190,2025-11-14 00:00:00+00:00,2025-11-16 23:59:00+00:00,1.140052200850871,69.54749283630366,139,5.0,5,0.0,0,27,filtered
190,2025-11-14 00:00:00+00:00,2025-11-16 23:59:00+00:00,1.140052200850871,69.54749283630366,139,5.0,10,0.0,0,27,filtered
191,2025-11-15 00:00:00+00:00,2025-11-17 23:59:00+00:00,1.120522985703584,61.07912137495472,122,5.0,0,0.0,0,11,filtered
191,2025-11-15 00:00:00+00:00,2025-11-17 23:59:00+00:00,1.120522985703584,61.07912137495472,122,5.0,5,0.0,0,11,filtered
191,2025-11-15 00:00:00+00:00,2025-11-17 23:59:00+00:00,1.120522985703584,61.07912137495472,122,5.0,10,0.0,0,11,filtered
194,2025-11-18 00:00:00+00:00,2025-11-20 23:59:00+00:00,0.687985329228681,174.1800271553412,348,5.0,0,0.0,0,0,filtered
194,2025-11-18 00:00:00+00:00,2025-11-20 23:59:00+00:00,0.687985329228681,174.1800271553412,348,5.0,5,0.0,0,0,filtered
194,2025-11-18 00:00:00+00:00,2025-11-20 23:59:00+00:00,0.687985329228681,174.1800271553412,348,5.0,10,0.0,0,0,filtered
195,2025-11-19 00:00:00+00:00,2025-11-21 23:59:00+00:00,0.6808251824423319,65.33322348380769,131,5.0,0,0.0,0,16,filtered
195,2025-11-19 00:00:00+00:00,2025-11-21 23:59:00+00:00,0.6808251824423319,65.33322348380769,131,5.0,5,0.0,0,16,filtered
195,2025-11-19 00:00:00+00:00,2025-11-21 23:59:00+00:00,0.6808251824423319,65.33322348380769,131,5.0,10,0.0,0,16,filtered
196,2025-11-20 00:00:00+00:00,2025-11-22 23:59:00+00:00,0.633356577058378,82.75843807198383,166,5.0,0,0.0,0,3,filtered
196,2025-11-20 00:00:00+00:00,2025-11-22 23:59:00+00:00,0.633356577058378,82.75843807198383,166,5.0,5,0.0,0,3,filtered
196,2025-11-20 00:00:00+00:00,2025-11-22 23:59:00+00:00,0.633356577058378,82.75843807198383,166,5.0,10,0.0,0,3,filtered
197,2025-11-21 00:00:00+00:00,2025-11-23 23:59:00+00:00,0.4437816271564072,157.71694765913955,315,5.0,0,-0.0005491414803999064,1,18,filtered
197,2025-11-21 00:00:00+00:00,2025-11-23 23:59:00+00:00,0.4437816271564072,157.71694765913955,315,5.0,5,-0.001992923107556314,1,18,filtered
197,2025-11-21 00:00:00+00:00,2025-11-23 23:59:00+00:00,0.4437816271564072,157.71694765913955,315,5.0,10,-0.0034367047347127213,1,18,filtered
206,2025-11-30 00:00:00+00:00,2025-12-02 23:59:00+00:00,0.9373155693304892,107.28968472389626,215,5.0,0,0.0,0,11,filtered
206,2025-11-30 00:00:00+00:00,2025-12-02 23:59:00+00:00,0.9373155693304892,107.28968472389626,215,5.0,5,0.0,0,11,filtered
206,2025-11-30 00:00:00+00:00,2025-12-02 23:59:00+00:00,0.9373155693304892,107.28968472389626,215,5.0,10,0.0,0,11,filtered
210,2025-12-04 00:00:00+00:00,2025-12-06 23:59:00+00:00,1.3544443770228085,98.725178154902,197,5.0,0,0.0,0,10,filtered
210,2025-12-04 00:00:00+00:00,2025-12-06 23:59:00+00:00,1.3544443770228085,98.725178154902,197,5.0,5,0.0,0,10,filtered
210,2025-12-04 00:00:00+00:00,2025-12-06 23:59:00+00:00,1.3544443770228085,98.725178154902,197,5.0,10,0.0,0,10,filtered
216,2025-12-10 00:00:00+00:00,2025-12-12 23:59:00+00:00,1.4328107429193313,74.44169203709126,149,5.0,0,0.0,0,26,filtered
216,2025-12-10 00:00:00+00:00,2025-12-12 23:59:00+00:00,1.4328107429193313,74.44169203709126,149,5.0,5,0.0,0,26,filtered
216,2025-12-10 00:00:00+00:00,2025-12-12 23:59:00+00:00,1.4328107429193313,74.44169203709126,149,5.0,10,0.0,0,26,filtered
217,2025-12-11 00:00:00+00:00,2025-12-13 23:59:00+00:00,1.1864801157691622,94.93543178579256,190,5.0,0,-0.0025769989537612727,1,13,filtered
217,2025-12-11 00:00:00+00:00,2025-12-13 23:59:00+00:00,1.1864801157691622,94.93543178579256,190,5.0,5,-0.004763479069530433,1,13,filtered
217,2025-12-11 00:00:00+00:00,2025-12-13 23:59:00+00:00,1.1864801157691622,94.93543178579256,190,5.0,10,-0.006949959185299597,1,13,filtered
222,2025-12-16 00:00:00+00:00,2025-12-18 23:59:00+00:00,0.933840273775445,73.90316050817067,148,5.0,0,0.0,0,13,filtered
222,2025-12-16 00:00:00+00:00,2025-12-18 23:59:00+00:00,0.933840273775445,73.90316050817067,148,5.0,5,0.0,0,13,filtered
222,2025-12-16 00:00:00+00:00,2025-12-18 23:59:00+00:00,0.933840273775445,73.90316050817067,148,5.0,10,0.0,0,13,filtered
223,2025-12-17 00:00:00+00:00,2025-12-19 23:59:00+00:00,0.9347487629938191,36.36863844063937,73,5.0,0,0.0,0,21,filtered
223,2025-12-17 00:00:00+00:00,2025-12-19 23:59:00+00:00,0.9347487629938191,36.36863844063937,73,5.0,5,0.0,0,21,filtered
223,2025-12-17 00:00:00+00:00,2025-12-19 23:59:00+00:00,0.9347487629938191,36.36863844063937,73,5.0,10,0.0,0,21,filtered
224,2025-12-18 00:00:00+00:00,2025-12-20 23:59:00+00:00,0.904079451381148,42.30819824047478,85,5.0,0,0.0,0,12,filtered
224,2025-12-18 00:00:00+00:00,2025-12-20 23:59:00+00:00,0.904079451381148,42.30819824047478,85,5.0,5,0.0,0,12,filtered
224,2025-12-18 00:00:00+00:00,2025-12-20 23:59:00+00:00,0.904079451381148,42.30819824047478,85,5.0,10,0.0,0,12,filtered
225,2025-12-19 00:00:00+00:00,2025-12-21 23:59:00+00:00,0.9152690878870042,43.81784452889799,88,5.0,0,-0.0020367224287693494,1,13,filtered
225,2025-12-19 00:00:00+00:00,2025-12-21 23:59:00+00:00,0.9152690878870042,43.81784452889799,88,5.0,5,-0.003951991516656353,1,13,filtered
225,2025-12-19 00:00:00+00:00,2025-12-21 23:59:00+00:00,0.9152690878870042,43.81784452889799,88,5.0,10,-0.005867260604543361,1,13,filtered
228,2025-12-22 00:00:00+00:00,2025-12-24 23:59:00+00:00,0.6316568050377231,79.0152365857574,158,5.0,0,0.0,0,3,filtered
228,2025-12-22 00:00:00+00:00,2025-12-24 23:59:00+00:00,0.6316568050377231,79.0152365857574,158,5.0,5,0.0,0,3,filtered
228,2025-12-22 00:00:00+00:00,2025-12-24 23:59:00+00:00,0.6316568050377231,79.0152365857574,158,5.0,10,0.0,0,3,filtered
232,2025-12-26 00:00:00+00:00,2025-12-28 23:59:00+00:00,0.4920155411248688,289.99979333272364,500,5.0,0,0.002145500560981725,1,0,filtered
232,2025-12-26 00:00:00+00:00,2025-12-28 23:59:00+00:00,0.4920155411248688,289.99979333272364,500,5.0,5,0.000653485019856856,1,0,filtered
232,2025-12-26 00:00:00+00:00,2025-12-28 23:59:00+00:00,0.4920155411248688,289.99979333272364,500,5.0,10,-0.0008385305212680126,1,0,filtered
240,2026-01-03 00:00:00+00:00,2026-01-05 23:59:00+00:00,0.3060845742419644,137.75816640901138,276,5.0,0,0.0,0,31,filtered
240,2026-01-03 00:00:00+00:00,2026-01-05 23:59:00+00:00,0.3060845742419644,137.75816640901138,276,5.0,5,0.0,0,31,filtered
240,2026-01-03 00:00:00+00:00,2026-01-05 23:59:00+00:00,0.3060845742419644,137.75816640901138,276,5.0,10,0.0,0,31,filtered
245,2026-01-08 00:00:00+00:00,2026-01-10 23:59:00+00:00,0.5415580171269703,58.952337106124766,118,5.0,0,0.0,0,14,filtered
245,2026-01-08 00:00:00+00:00,2026-01-10 23:59:00+00:00,0.5415580171269703,58.952337106124766,118,5.0,5,0.0,0,14,filtered
245,2026-01-08 00:00:00+00:00,2026-01-10 23:59:00+00:00,0.5415580171269703,58.952337106124766,118,5.0,10,0.0,0,14,filtered
246,2026-01-09 00:00:00+00:00,2026-01-11 23:59:00+00:00,0.5099813035225402,84.12469089440712,168,5.0,0,0.0,0,14,filtered
246,2026-01-09 00:00:00+00:00,2026-01-11 23:59:00+00:00,0.5099813035225402,84.12469089440712,168,5.0,5,0.0,0,14,filtered
246,2026-01-09 00:00:00+00:00,2026-01-11 23:59:00+00:00,0.5099813035225402,84.12469089440712,168,5.0,10,0.0,0,14,filtered
251,2026-01-14 00:00:00+00:00,2026-01-16 23:59:00+00:00,1.0848120516793784,73.87371378880133,148,5.0,0,-0.002471366584895206,1,16,filtered
251,2026-01-14 00:00:00+00:00,2026-01-16 23:59:00+00:00,1.0848120516793784,73.87371378880133,148,5.0,5,-0.004556178636574584,1,16,filtered
251,2026-01-14 00:00:00+00:00,2026-01-16 23:59:00+00:00,1.0848120516793784,73.87371378880133,148,5.0,10,-0.006640990688253964,1,16,filtered
254,2026-01-17 00:00:00+00:00,2026-01-19 23:59:00+00:00,1.010804516542848,57.83243606459083,116,5.0,0,0.0,0,22,filtered
254,2026-01-17 00:00:00+00:00,2026-01-19 23:59:00+00:00,1.010804516542848,57.83243606459083,116,5.0,5,0.0,0,22,filtered
254,2026-01-17 00:00:00+00:00,2026-01-19 23:59:00+00:00,1.010804516542848,57.83243606459083,116,5.0,10,0.0,0,22,filtered
257,2026-01-20 00:00:00+00:00,2026-01-22 23:59:00+00:00,1.1285046251137505,62.91701633019445,126,5.0,0,0.0,0,3,filtered
257,2026-01-20 00:00:00+00:00,2026-01-22 23:59:00+00:00,1.1285046251137505,62.91701633019445,126,5.0,5,0.0,0,3,filtered
257,2026-01-20 00:00:00+00:00,2026-01-22 23:59:00+00:00,1.1285046251137505,62.91701633019445,126,5.0,10,0.0,0,3,filtered
258,2026-01-21 00:00:00+00:00,2026-01-23 23:59:00+00:00,1.0694724663921882,42.45318222921241,85,5.0,0,0.0,0,16,filtered
258,2026-01-21 00:00:00+00:00,2026-01-23 23:59:00+00:00,1.0694724663921882,42.45318222921241,85,5.0,5,0.0,0,16,filtered
258,2026-01-21 00:00:00+00:00,2026-01-23 23:59:00+00:00,1.0694724663921882,42.45318222921241,85,5.0,10,0.0,0,16,filtered
259,2026-01-22 00:00:00+00:00,2026-01-24 23:59:00+00:00,1.3572180750335576,36.55922857758614,73,5.0,0,0.0,0,16,filtered
259,2026-01-22 00:00:00+00:00,2026-01-24 23:59:00+00:00,1.3572180750335576,36.55922857758614,73,5.0,5,0.0,0,16,filtered
259,2026-01-22 00:00:00+00:00,2026-01-24 23:59:00+00:00,1.3572180750335576,36.55922857758614,73,5.0,10,0.0,0,16,filtered
261,2026-01-24 00:00:00+00:00,2026-01-26 23:59:00+00:00,1.4350722276863848,60.88429382969812,122,5.0,0,0.0,0,10,filtered
261,2026-01-24 00:00:00+00:00,2026-01-26 23:59:00+00:00,1.4350722276863848,60.88429382969812,122,5.0,5,0.0,0,10,filtered
261,2026-01-24 00:00:00+00:00,2026-01-26 23:59:00+00:00,1.4350722276863848,60.88429382969812,122,5.0,10,0.0,0,10,filtered
263,2026-01-26 00:00:00+00:00,2026-01-28 23:59:00+00:00,1.1283205342189575,46.84912918722607,94,5.0,0,-0.005031806126007128,1,14,filtered
263,2026-01-26 00:00:00+00:00,2026-01-28 23:59:00+00:00,1.1283205342189575,46.84912918722607,94,5.0,5,-0.0071601266602260875,1,14,filtered
263,2026-01-26 00:00:00+00:00,2026-01-28 23:59:00+00:00,1.1283205342189575,46.84912918722607,94,5.0,10,-0.009288447194445042,1,14,filtered
264,2026-01-27 00:00:00+00:00,2026-01-29 23:59:00+00:00,1.2057436815548073,66.49774420581241,133,5.0,0,0.0,0,11,filtered
264,2026-01-27 00:00:00+00:00,2026-01-29 23:59:00+00:00,1.2057436815548073,66.49774420581241,133,5.0,5,0.0,0,11,filtered
264,2026-01-27 00:00:00+00:00,2026-01-29 23:59:00+00:00,1.2057436815548073,66.49774420581241,133,5.0,10,0.0,0,11,filtered
271,2026-02-03 00:00:00+00:00,2026-02-05 23:59:00+00:00,0.9335795747407768,40.104178975152976,80,5.0,0,0.0,0,15,filtered
271,2026-02-03 00:00:00+00:00,2026-02-05 23:59:00+00:00,0.9335795747407768,40.104178975152976,80,5.0,5,0.0,0,15,filtered
271,2026-02-03 00:00:00+00:00,2026-02-05 23:59:00+00:00,0.9335795747407768,40.104178975152976,80,5.0,10,0.0,0,15,filtered
274,2026-02-06 00:00:00+00:00,2026-02-08 23:59:00+00:00,1.1162207967413451,55.02422710581423,110,5.0,0,0.0,0,6,filtered
274,2026-02-06 00:00:00+00:00,2026-02-08 23:59:00+00:00,1.1162207967413451,55.02422710581423,110,5.0,5,0.0,0,6,filtered
274,2026-02-06 00:00:00+00:00,2026-02-08 23:59:00+00:00,1.1162207967413451,55.02422710581423,110,5.0,10,0.0,0,6,filtered
277,2026-02-09 00:00:00+00:00,2026-02-11 23:59:00+00:00,0.8426605544520402,47.089516473320096,94,5.0,0,0.00020863618179140224,1,4,filtered
277,2026-02-09 00:00:00+00:00,2026-02-11 23:59:00+00:00,0.8426605544520402,47.089516473320096,94,5.0,5,-0.0016340243726606376,1,4,filtered
277,2026-02-09 00:00:00+00:00,2026-02-11 23:59:00+00:00,0.8426605544520402,47.089516473320096,94,5.0,10,-0.003476684927112678,1,4,filtered
278,2026-02-10 00:00:00+00:00,2026-02-12 23:59:00+00:00,0.7504733678772721,43.97283511419069,88,5.0,0,0.006201627538898676,2,7,filtered
278,2026-02-10 00:00:00+00:00,2026-02-12 23:59:00+00:00,0.7504733678772721,43.97283511419069,88,5.0,5,0.002700680803144132,2,7,filtered
278,2026-02-10 00:00:00+00:00,2026-02-12 23:59:00+00:00,0.7504733678772721,43.97283511419069,88,5.0,10,-0.0008002659326104111,2,7,filtered
279,2026-02-11 00:00:00+00:00,2026-02-13 23:59:00+00:00,0.9352746330202688,33.47638377304053,67,5.0,0,0.0026476800082148922,1,15,filtered
279,2026-02-11 00:00:00+00:00,2026-02-13 23:59:00+00:00,0.9352746330202688,33.47638377304053,67,5.0,5,0.0007124053751946229,1,15,filtered
279,2026-02-11 00:00:00+00:00,2026-02-13 23:59:00+00:00,0.9352746330202688,33.47638377304053,67,5.0,10,-0.0012228692578256457,1,15,filtered
283,2026-02-15 00:00:00+00:00,2026-02-17 23:59:00+00:00,0.3404382710429128,48.21080179812221,96,5.0,0,0.0,0,19,filtered
283,2026-02-15 00:00:00+00:00,2026-02-17 23:59:00+00:00,0.3404382710429128,48.21080179812221,96,5.0,5,0.0,0,19,filtered
283,2026-02-15 00:00:00+00:00,2026-02-17 23:59:00+00:00,0.3404382710429128,48.21080179812221,96,5.0,10,0.0,0,19,filtered
301,2026-03-05 00:00:00+00:00,2026-03-07 23:59:00+00:00,0.870295925089021,101.24363752309726,202,5.0,0,-0.0007025473955794941,1,32,filtered
301,2026-03-05 00:00:00+00:00,2026-03-07 23:59:00+00:00,0.870295925089021,101.24363752309726,202,5.0,5,-0.002572843320668513,1,32,filtered
301,2026-03-05 00:00:00+00:00,2026-03-07 23:59:00+00:00,0.870295925089021,101.24363752309726,202,5.0,10,-0.004443139245757536,1,32,filtered
306,2026-03-10 00:00:00+00:00,2026-03-12 23:59:00+00:00,0.3682316572213056,109.34104733763732,219,5.0,0,0.0,0,24,filtered
306,2026-03-10 00:00:00+00:00,2026-03-12 23:59:00+00:00,0.3682316572213056,109.34104733763732,219,5.0,5,0.0,0,24,filtered
306,2026-03-10 00:00:00+00:00,2026-03-12 23:59:00+00:00,0.3682316572213056,109.34104733763732,219,5.0,10,0.0,0,24,filtered
307,2026-03-11 00:00:00+00:00,2026-03-13 23:59:00+00:00,0.6839296748585459,80.60317086234454,161,5.0,0,0.0015093836926353716,1,10,filtered
307,2026-03-11 00:00:00+00:00,2026-03-13 23:59:00+00:00,0.6839296748585459,80.60317086234454,161,5.0,5,-0.00017454598222317401,1,10,filtered
307,2026-03-11 00:00:00+00:00,2026-03-13 23:59:00+00:00,0.6839296748585459,80.60317086234454,161,5.0,10,-0.0018584756570817192,1,10,filtered
310,2026-03-14 00:00:00+00:00,2026-03-16 23:59:00+00:00,1.0223183603608668,75.26922563761961,151,5.0,0,0.0,0,26,filtered
310,2026-03-14 00:00:00+00:00,2026-03-16 23:59:00+00:00,1.0223183603608668,75.26922563761961,151,5.0,5,0.0,0,26,filtered
310,2026-03-14 00:00:00+00:00,2026-03-16 23:59:00+00:00,1.0223183603608668,75.26922563761961,151,5.0,10,0.0,0,26,filtered
311,2026-03-15 00:00:00+00:00,2026-03-17 23:59:00+00:00,0.9707196520777304,79.25870443464946,159,5.0,0,0.0,0,5,filtered
311,2026-03-15 00:00:00+00:00,2026-03-17 23:59:00+00:00,0.9707196520777304,79.25870443464946,159,5.0,5,0.0,0,5,filtered
311,2026-03-15 00:00:00+00:00,2026-03-17 23:59:00+00:00,0.9707196520777304,79.25870443464946,159,5.0,10,0.0,0,5,filtered
312,2026-03-16 00:00:00+00:00,2026-03-18 23:59:00+00:00,0.980653197643683,74.38292789325847,149,5.0,0,0.0,0,24,filtered
312,2026-03-16 00:00:00+00:00,2026-03-18 23:59:00+00:00,0.980653197643683,74.38292789325847,149,5.0,5,0.0,0,24,filtered
312,2026-03-16 00:00:00+00:00,2026-03-18 23:59:00+00:00,0.980653197643683,74.38292789325847,149,5.0,10,0.0,0,24,filtered
313,2026-03-17 00:00:00+00:00,2026-03-19 23:59:00+00:00,1.090244975575672,43.91808181022006,88,5.0,0,0.0,0,9,filtered
313,2026-03-17 00:00:00+00:00,2026-03-19 23:59:00+00:00,1.090244975575672,43.91808181022006,88,5.0,5,0.0,0,9,filtered
313,2026-03-17 00:00:00+00:00,2026-03-19 23:59:00+00:00,1.090244975575672,43.91808181022006,88,5.0,10,0.0,0,9,filtered
317,2026-03-21 00:00:00+00:00,2026-03-23 23:59:00+00:00,1.24037830683862,50.70632487160573,101,5.0,0,0.0,0,18,filtered
317,2026-03-21 00:00:00+00:00,2026-03-23 23:59:00+00:00,1.24037830683862,50.70632487160573,101,5.0,5,0.0,0,18,filtered
317,2026-03-21 00:00:00+00:00,2026-03-23 23:59:00+00:00,1.24037830683862,50.70632487160573,101,5.0,10,0.0,0,18,filtered
318,2026-03-22 00:00:00+00:00,2026-03-24 23:59:00+00:00,1.2404248122860526,64.48543870606849,129,5.0,0,0.0,0,28,filtered
318,2026-03-22 00:00:00+00:00,2026-03-24 23:59:00+00:00,1.2404248122860526,64.48543870606849,129,5.0,5,0.0,0,28,filtered
318,2026-03-22 00:00:00+00:00,2026-03-24 23:59:00+00:00,1.2404248122860526,64.48543870606849,129,5.0,10,0.0,0,28,filtered
328,2026-04-01 00:00:00+00:00,2026-04-03 23:59:00+00:00,1.6378490465299955,63.37362436307971,127,5.0,0,-0.004846466793762601,1,10,filtered
328,2026-04-01 00:00:00+00:00,2026-04-03 23:59:00+00:00,1.6378490465299955,63.37362436307971,127,5.0,5,-0.007484315840292597,1,10,filtered
328,2026-04-01 00:00:00+00:00,2026-04-03 23:59:00+00:00,1.6378490465299955,63.37362436307971,127,5.0,10,-0.010122164886822594,1,10,filtered
329,2026-04-02 00:00:00+00:00,2026-04-04 23:59:00+00:00,1.501198541000683,38.43822429357144,77,5.0,0,0.0,0,36,filtered
329,2026-04-02 00:00:00+00:00,2026-04-04 23:59:00+00:00,1.501198541000683,38.43822429357144,77,5.0,5,0.0,0,36,filtered
329,2026-04-02 00:00:00+00:00,2026-04-04 23:59:00+00:00,1.501198541000683,38.43822429357144,77,5.0,10,0.0,0,36,filtered
