window_day,start_idx,end_idx,start_ts,end_ts,coin_a,coin_b,hedge_beta,adf_pvalue,half_life,n_obs,passes_filter
0,0,4320,2025-05-08 00:00:00+00:00,2025-05-10 23:59:00+00:00,AVAXUSDT,DOGEUSDT,0.7385310244836183,0.1570881289956163,255.66044308565003,4320,False
1,1440,5760,2025-05-09 00:00:00+00:00,2025-05-11 23:59:00+00:00,AVAXUSDT,DOGEUSDT,0.5547239804883022,5.3586740682364846e-05,65.70313808701862,4320,True
2,2880,7200,2025-05-10 00:00:00+00:00,2025-05-12 23:59:00+00:00,AVAXUSDT,DOGEUSDT,0.5256171381375594,0.00014072535148193445,71.3987749308024,4320,True
3,4320,8640,2025-05-11 00:00:00+00:00,2025-05-13 23:59:00+00:00,AVAXUSDT,DOGEUSDT,0.6077623312272014,0.04495120995803207,143.81639289292335,4320,True
4,5760,10080,2025-05-12 00:00:00+00:00,2025-05-14 23:59:00+00:00,AVAXUSDT,DOGEUSDT,0.7296275995488191,0.2503039178367172,302.61862994072555,4320,False
5,7200,11520,2025-05-13 00:00:00+00:00,2025-05-15 23:59:00+00:00,AVAXUSDT,DOGEUSDT,1.1440009801780384,0.058309715737605836,151.17955257383565,4320,False
6,8640,12960,2025-05-14 00:00:00+00:00,2025-05-16 23:59:00+00:00,AVAXUSDT,DOGEUSDT,1.3911772147067296,0.046467902611401206,140.33318522054927,4320,True
7,10080,14400,2025-05-15 00:00:00+00:00,2025-05-17 23:59:00+00:00,AVAXUSDT,DOGEUSDT,1.0649555001919015,0.17412222904177743,153.51284132292685,4320,False
8,11520,15840,2025-05-16 00:00:00+00:00,2025-05-18 23:59:00+00:00,AVAXUSDT,DOGEUSDT,0.7406021624437749,0.8392675962019149,910.2889203050571,4320,False
9,12960,17280,2025-05-17 00:00:00+00:00,2025-05-19 23:59:00+00:00,AVAXUSDT,DOGEUSDT,0.4498696061527765,0.5740642415333881,692.0695149683959,4320,False
10,14400,18720,2025-05-18 00:00:00+00:00,2025-05-20 23:59:00+00:00,AVAXUSDT,DOGEUSDT,0.7863186284875265,0.455912149402518,538.1927863351527,4320,False
11,15840,20160,2025-05-19 00:00:00+00:00,2025-05-21 23:59:00+00:00,AVAXUSDT,DOGEUSDT,0.8623627484332843,0.0384182182109435,94.62193366407325,4320,True
12,17280,21600,2025-05-20 00:00:00+00:00,2025-05-22 23:59:00+00:00,AVAXUSDT,DOGEUSDT,1.2664986726613776,0.30559784816234925,317.81934146682096,4320,False
13,18720,23040,2025-05-21 00:00:00+00:00,2025-05-23 23:59:00+00:00,AVAXUSDT,DOGEUSDT,1.365971293525348,0.39804960503440856,346.7601988205626,4320,False
14,20160,24480,2025-05-22 00:00:00+00:00,2025-05-24 23:59:00+00:00,AVAXUSDT,DOGEUSDT,1.1334690484091734,0.14548635895367362,283.941255907319,4320,False
15,21600,25920,2025-05-23 00:00:00+00:00,2025-05-25 23:59:00+00:00,AVAXUSDT,DOGEUSDT,1.1271437486369482,0.4434731080839335,193.47950895984206,4320,False
16,23040,27360,2025-05-24 00:00:00+00:00,2025-05-26 23:59:00+00:00,AVAXUSDT,DOGEUSDT,1.0404372191952556,0.5105906421923059,415.3300128030954,4320,False
17,24480,28800,2025-05-25 00:00:00+00:00,2025-05-27 23:59:00+00:00,AVAXUSDT,DOGEUSDT,1.3166973179245147,0.03287909570139605,148.99913170783822,4320,True
18,25920,30240,2025-05-26 00:00:00+00:00,2025-05-28 23:59:00+00:00,AVAXUSDT,DOGEUSDT,0.529098514178088,0.15171731773536307,226.8037271739124,4320,False
19,27360,31680,2025-05-27 00:00:00+00:00,2025-05-29 23:59:00+00:00,AVAXUSDT,DOGEUSDT,0.748239165139239,0.25107895434982686,302.87787489464023,4320,False
20,28800,33120,2025-05-28 00:00:00+00:00,2025-05-30 23:59:00+00:00,AVAXUSDT,DOGEUSDT,0.9109987193492994,0.06647784727151727,189.83371060686713,4320,False
21,30240,34560,2025-05-29 00:00:00+00:00,2025-05-31 23:59:00+00:00,AVAXUSDT,DOGEUSDT,0.8564630364912267,0.13318827289000568,228.74969606441448,4320,False
22,31680,36000,2025-05-30 00:00:00+00:00,2025-06-01 23:59:00+00:00,AVAXUSDT,DOGEUSDT,0.7062132486743173,0.23345071242416288,229.3329994537173,4320,False
23,33120,37440,2025-05-31 00:00:00+00:00,2025-06-02 23:59:00+00:00,AVAXUSDT,DOGEUSDT,1.051450888241483,0.031599925912520394,152.6447004422173,4320,True
24,34560,38880,2025-06-01 00:00:00+00:00,2025-06-03 23:59:00+00:00,AVAXUSDT,DOGEUSDT,1.1783099663041705,0.09513520422569527,111.52207947838613,4320,False
25,36000,40320,2025-06-02 00:00:00+00:00,2025-06-04 23:59:00+00:00,AVAXUSDT,DOGEUSDT,1.3288496313026812,0.009308241824857172,91.71681161985774,4320,True
26,37440,41760,2025-06-03 00:00:00+00:00,2025-06-05 23:59:00+00:00,AVAXUSDT,DOGEUSDT,0.9956124746779373,0.4150317014806739,330.59550652228813,4320,False
27,38880,43200,2025-06-04 00:00:00+00:00,2025-06-06 23:59:00+00:00,AVAXUSDT,DOGEUSDT,0.8755948613611793,0.29599481031488234,312.2736497237588,4320,False
28,40320,44640,2025-06-05 00:00:00+00:00,2025-06-07 23:59:00+00:00,AVAXUSDT,DOGEUSDT,0.8204450026965291,0.6188282480376223,758.7215264097714,4320,False
29,41760,46080,2025-06-06 00:00:00+00:00,2025-06-08 23:59:00+00:00,AVAXUSDT,DOGEUSDT,1.4227472145554874,0.225356423557322,243.34682600784797,4320,False
30,43200,47520,2025-06-07 00:00:00+00:00,2025-06-09 23:59:00+00:00,AVAXUSDT,DOGEUSDT,1.2776371833024243,0.18127914288500735,212.50586181530596,4320,False
31,44640,48960,2025-06-08 00:00:00+00:00,2025-06-10 23:59:00+00:00,AVAXUSDT,DOGEUSDT,1.1824865207388804,0.14253555967088138,186.49000892489997,4320,False
32,46080,50400,2025-06-09 00:00:00+00:00,2025-06-11 23:59:00+00:00,AVAXUSDT,DOGEUSDT,0.8421601513165928,0.178971345416907,221.69326479823496,4320,False
33,47520,51840,2025-06-10 00:00:00+00:00,2025-06-12 23:59:00+00:00,AVAXUSDT,DOGEUSDT,0.9357662901708466,0.43525398688822653,302.48465697862235,4320,False
34,48960,53280,2025-06-11 00:00:00+00:00,2025-06-13 23:59:00+00:00,AVAXUSDT,DOGEUSDT,1.1511566569568936,0.3577870054623674,222.32883839545687,4320,False
35,50400,54720,2025-06-12 00:00:00+00:00,2025-06-14 23:59:00+00:00,AVAXUSDT,DOGEUSDT,1.3187759249333033,0.7808706376506189,427.5628211829698,4320,False
36,51840,56160,2025-06-13 00:00:00+00:00,2025-06-15 23:59:00+00:00,AVAXUSDT,DOGEUSDT,0.43925584511129934,1.6238232682905822e-07,64.73292934289236,4320,True
37,53280,57600,2025-06-14 00:00:00+00:00,2025-06-16 23:59:00+00:00,AVAXUSDT,DOGEUSDT,1.0940543974288808,0.7880367938672844,664.6918380202202,4320,False
38,54720,59040,2025-06-15 00:00:00+00:00,2025-06-17 23:59:00+00:00,AVAXUSDT,DOGEUSDT,0.905385456858717,0.06562669690742956,276.73668014299164,4320,False
39,56160,60480,2025-06-16 00:00:00+00:00,2025-06-18 23:59:00+00:00,AVAXUSDT,DOGEUSDT,1.1504056161648264,0.8479047007362006,232.52074755694017,4320,False
40,57600,61920,2025-06-17 00:00:00+00:00,2025-06-19 23:59:00+00:00,AVAXUSDT,DOGEUSDT,1.2286922627648194,0.8218454871687182,1260.7952296893873,4320,False
41,59040,63360,2025-06-18 00:00:00+00:00,2025-06-20 23:59:00+00:00,AVAXUSDT,DOGEUSDT,0.9083375523145705,0.41406157886184336,560.6345160520385,4320,False
42,60480,64800,2025-06-19 00:00:00+00:00,2025-06-21 23:59:00+00:00,AVAXUSDT,DOGEUSDT,0.8114940572102292,0.030633693403957257,113.51525759010451,4320,True
43,61920,66240,2025-06-20 00:00:00+00:00,2025-06-22 23:59:00+00:00,AVAXUSDT,DOGEUSDT,0.8627622053280426,0.0004792988619730155,60.036908717198585,4320,True
44,63360,67680,2025-06-21 00:00:00+00:00,2025-06-23 23:59:00+00:00,AVAXUSDT,DOGEUSDT,0.8240794917669936,0.4639228415777759,304.59427594423346,4320,False
45,64800,69120,2025-06-22 00:00:00+00:00,2025-06-24 23:59:00+00:00,AVAXUSDT,DOGEUSDT,1.13340218139151,0.08023971274916175,155.6843696487414,4320,False
46,66240,70560,2025-06-23 00:00:00+00:00,2025-06-25 23:59:00+00:00,AVAXUSDT,DOGEUSDT,0.9050264878985201,0.6725419865414612,490.2618277729418,4320,False
47,67680,72000,2025-06-24 00:00:00+00:00,2025-06-26 23:59:00+00:00,AVAXUSDT,DOGEUSDT,1.0471295229488362,0.6357975589441687,561.6998858670398,4320,False
48,69120,73440,2025-06-25 00:00:00+00:00,2025-06-27 23:59:00+00:00,AVAXUSDT,DOGEUSDT,0.8781582207374834,0.08834845170866001,210.7600157219042,4320,False
49,70560,74880,2025-06-26 00:00:00+00:00,2025-06-28 23:59:00+00:00,AVAXUSDT,DOGEUSDT,0.8332988155326078,0.4790464226659592,225.92781603283905,4320,False
50,72000,76320,2025-06-27 00:00:00+00:00,2025-06-29 23:59:00+00:00,AVAXUSDT,DOGEUSDT,1.3345276117717333,0.012555429820246853,76.10610910810799,4320,True
51,73440,77760,2025-06-28 00:00:00+00:00,2025-06-30 23:59:00+00:00,AVAXUSDT,DOGEUSDT,1.1956201273171594,0.04464541652954305,87.27589282399468,4320,True
52,74880,79200,2025-06-29 00:00:00+00:00,2025-07-01 23:59:00+00:00,AVAXUSDT,DOGEUSDT,1.2151681236893452,0.06054381202653434,110.24318972024469,4320,False
53,76320,80640,2025-06-30 00:00:00+00:00,2025-07-02 23:59:00+00:00,AVAXUSDT,DOGEUSDT,1.0952684449242813,0.0025737822596995346,69.80425978057681,4320,True
54,77760,82080,2025-07-01 00:00:00+00:00,2025-07-03 23:59:00+00:00,AVAXUSDT,DOGEUSDT,1.0249469629474959,0.06956706053952366,98.40561212079875,4320,False
55,79200,83520,2025-07-02 00:00:00+00:00,2025-07-04 23:59:00+00:00,AVAXUSDT,DOGEUSDT,0.9916447958853709,0.03288647167323968,93.73851640425288,4320,True
56,80640,84960,2025-07-03 00:00:00+00:00,2025-07-05 23:59:00+00:00,AVAXUSDT,DOGEUSDT,0.9721501905810008,0.04551207600205139,104.9160177207681,4320,True
57,82080,86400,2025-07-04 00:00:00+00:00,2025-07-06 23:59:00+00:00,AVAXUSDT,DOGEUSDT,0.7674257848233061,0.23623896781486498,187.5609820070972,4320,False
58,83520,87840,2025-07-05 00:00:00+00:00,2025-07-07 23:59:00+00:00,AVAXUSDT,DOGEUSDT,0.5154145644317247,0.0007014248864535169,50.35942624124334,4320,True
59,84960,89280,2025-07-06 00:00:00+00:00,2025-07-08 23:59:00+00:00,AVAXUSDT,DOGEUSDT,0.581356133946267,0.07668867932185049,124.39832206364014,4320,False
60,86400,90720,2025-07-07 00:00:00+00:00,2025-07-09 23:59:00+00:00,AVAXUSDT,DOGEUSDT,1.0220263103760132,0.0383399798752125,81.2658536308176,4320,True
61,87840,92160,2025-07-08 00:00:00+00:00,2025-07-10 23:59:00+00:00,AVAXUSDT,DOGEUSDT,1.0615512731219532,0.09340583760706045,70.68782030049103,4320,False
62,89280,93600,2025-07-09 00:00:00+00:00,2025-07-11 23:59:00+00:00,AVAXUSDT,DOGEUSDT,0.7905340538502834,0.4829883301506904,216.34790989670526,4320,False
63,90720,95040,2025-07-10 00:00:00+00:00,2025-07-12 23:59:00+00:00,AVAXUSDT,DOGEUSDT,0.6221313596464649,0.09363688398751191,147.69514633882707,4320,False
64,92160,96480,2025-07-11 00:00:00+00:00,2025-07-13 23:59:00+00:00,AVAXUSDT,DOGEUSDT,0.3667951965643357,0.2745502333074633,283.21865925925374,4320,False
65,93600,97920,2025-07-12 00:00:00+00:00,2025-07-14 23:59:00+00:00,AVAXUSDT,DOGEUSDT,0.7750236170903548,0.3919195297189718,422.79737878385475,4320,False
66,95040,99360,2025-07-13 00:00:00+00:00,2025-07-15 23:59:00+00:00,AVAXUSDT,DOGEUSDT,0.5009357128163305,0.9037984588242951,921.5374738556299,4320,False
67,96480,100800,2025-07-14 00:00:00+00:00,2025-07-16 23:59:00+00:00,AVAXUSDT,DOGEUSDT,0.6632034335788859,0.3502018682258646,447.8793093714959,4320,False
68,97920,102240,2025-07-15 00:00:00+00:00,2025-07-17 23:59:00+00:00,AVAXUSDT,DOGEUSDT,0.6879757864725935,0.2836538526722815,397.6897524435856,4320,False
69,99360,103680,2025-07-16 00:00:00+00:00,2025-07-18 23:59:00+00:00,AVAXUSDT,DOGEUSDT,0.5241442850842182,0.0382805772930341,180.21886460481397,4320,True
70,100800,105120,2025-07-17 00:00:00+00:00,2025-07-19 23:59:00+00:00,AVAXUSDT,DOGEUSDT,0.38365058325683155,0.43387573412580477,555.9231220853362,4320,False
71,102240,106560,2025-07-18 00:00:00+00:00,2025-07-20 23:59:00+00:00,AVAXUSDT,DOGEUSDT,0.33336151146523463,0.39907590626079004,474.60168812089404,4320,False
72,103680,108000,2025-07-19 00:00:00+00:00,2025-07-21 23:59:00+00:00,AVAXUSDT,DOGEUSDT,0.5227627561180981,0.38729558231155964,494.8771684534374,4320,False
73,105120,109440,2025-07-20 00:00:00+00:00,2025-07-22 23:59:00+00:00,AVAXUSDT,DOGEUSDT,0.3616292692140512,0.056220091879947524,179.73713387083356,4320,False
74,106560,110880,2025-07-21 00:00:00+00:00,2025-07-23 23:59:00+00:00,AVAXUSDT,DOGEUSDT,0.5614137128569823,0.015928340869956245,166.67636611264726,4320,True
75,108000,112320,2025-07-22 00:00:00+00:00,2025-07-24 23:59:00+00:00,AVAXUSDT,DOGEUSDT,0.607340510945674,0.026322835690401458,176.41965577717272,4320,True
76,109440,113760,2025-07-23 00:00:00+00:00,2025-07-25 23:59:00+00:00,AVAXUSDT,DOGEUSDT,0.5991403948929106,0.2086081546783467,223.6585013253695,4320,False
77,110880,115200,2025-07-24 00:00:00+00:00,2025-07-26 23:59:00+00:00,AVAXUSDT,DOGEUSDT,0.7455595550188137,0.9227373936013766,2192.069351968775,4320,False
78,112320,116640,2025-07-25 00:00:00+00:00,2025-07-27 23:59:00+00:00,AVAXUSDT,DOGEUSDT,1.3554336305891148,0.3639742837793149,264.5771287142944,4320,False
79,113760,118080,2025-07-26 00:00:00+00:00,2025-07-28 23:59:00+00:00,AVAXUSDT,DOGEUSDT,0.5950197098074739,0.5876001535020547,1291.0312097448375,4320,False
80,115200,119520,2025-07-27 00:00:00+00:00,2025-07-29 23:59:00+00:00,AVAXUSDT,DOGEUSDT,0.6823322564303567,0.5958726308332478,818.4361000616419,4320,False
81,116640,120960,2025-07-28 00:00:00+00:00,2025-07-30 23:59:00+00:00,AVAXUSDT,DOGEUSDT,1.1896078597329671,0.3363044655471191,407.98621870925973,4320,False
82,118080,122400,2025-07-29 00:00:00+00:00,2025-07-31 23:59:00+00:00,AVAXUSDT,DOGEUSDT,1.3849498517147651,0.06251652669511021,156.25057149059413,4320,False
83,119520,123840,2025-07-30 00:00:00+00:00,2025-08-01 23:59:00+00:00,AVAXUSDT,DOGEUSDT,1.0532551527338825,0.041112157513961856,141.70939683163613,4320,True
84,120960,125280,2025-07-31 00:00:00+00:00,2025-08-02 23:59:00+00:00,AVAXUSDT,DOGEUSDT,0.8732138399905125,0.30285924462837976,160.29364136673567,4320,False
85,122400,126720,2025-08-01 00:00:00+00:00,2025-08-03 23:59:00+00:00,AVAXUSDT,DOGEUSDT,0.7172644075330799,0.013298514620841178,74.81838856599227,4320,True
86,123840,128160,2025-08-02 00:00:00+00:00,2025-08-04 23:59:00+00:00,AVAXUSDT,DOGEUSDT,1.061282114215171,0.02592352786042445,100.00561492524106,4320,True
87,125280,129600,2025-08-03 00:00:00+00:00,2025-08-05 23:59:00+00:00,AVAXUSDT,DOGEUSDT,1.2134218768373293,0.016555319654064277,100.94603260880504,4320,True
88,126720,131040,2025-08-04 00:00:00+00:00,2025-08-06 23:59:00+00:00,AVAXUSDT,DOGEUSDT,0.9362129955190976,0.034413663444305166,143.72700657733424,4320,True
89,128160,132480,2025-08-05 00:00:00+00:00,2025-08-07 23:59:00+00:00,AVAXUSDT,DOGEUSDT,0.5722410344437652,0.044077887072507226,194.72625872378626,4320,True
90,129600,133920,2025-08-06 00:00:00+00:00,2025-08-08 23:59:00+00:00,AVAXUSDT,DOGEUSDT,0.5850557034013804,0.04839299114168571,69.62677421020749,4320,True
91,131040,135360,2025-08-07 00:00:00+00:00,2025-08-09 23:59:00+00:00,AVAXUSDT,DOGEUSDT,0.6313253013662958,0.08686338829863499,139.78636225359577,4320,False
92,132480,136800,2025-08-08 00:00:00+00:00,2025-08-10 23:59:00+00:00,AVAXUSDT,DOGEUSDT,0.5530237273690465,0.15837255772766695,216.2246961567355,4320,False
93,133920,138240,2025-08-09 00:00:00+00:00,2025-08-11 23:59:00+00:00,AVAXUSDT,DOGEUSDT,0.7662979174912348,0.26996242507996127,260.1120153037182,4320,False
94,135360,139680,2025-08-10 00:00:00+00:00,2025-08-12 23:59:00+00:00,AVAXUSDT,DOGEUSDT,0.8193093466936565,0.827844218727692,568.2544504311842,4320,False
95,136800,141120,2025-08-11 00:00:00+00:00,2025-08-13 23:59:00+00:00,AVAXUSDT,DOGEUSDT,0.9802905303958234,0.3113742769792175,295.64666900170175,4320,False
96,138240,142560,2025-08-12 00:00:00+00:00,2025-08-14 23:59:00+00:00,AVAXUSDT,DOGEUSDT,0.844853615711938,0.16851192718660885,264.00087761501413,4320,False
97,139680,144000,2025-08-13 00:00:00+00:00,2025-08-15 23:59:00+00:00,AVAXUSDT,DOGEUSDT,0.6399488824155797,0.30710733450194266,395.11319146289827,4320,False
98,141120,145440,2025-08-14 00:00:00+00:00,2025-08-16 23:59:00+00:00,AVAXUSDT,DOGEUSDT,0.6941277424827963,0.4235548363066322,524.2138482765665,4320,False
99,142560,146880,2025-08-15 00:00:00+00:00,2025-08-17 23:59:00+00:00,AVAXUSDT,DOGEUSDT,0.8676710084186379,0.5587116042629949,661.2271169830356,4320,False
100,144000,148320,2025-08-16 00:00:00+00:00,2025-08-18 23:59:00+00:00,AVAXUSDT,DOGEUSDT,0.7965327311598944,0.38017421821484554,484.2565817433527,4320,False
101,145440,149760,2025-08-17 00:00:00+00:00,2025-08-19 23:59:00+00:00,AVAXUSDT,DOGEUSDT,0.9761558264714383,0.05124746601831005,156.37415898703873,4320,False
102,146880,151200,2025-08-18 00:00:00+00:00,2025-08-20 23:59:00+00:00,AVAXUSDT,DOGEUSDT,0.9723282390906958,0.014387719289362642,95.60794590453602,4320,True
103,148320,152640,2025-08-19 00:00:00+00:00,2025-08-21 23:59:00+00:00,AVAXUSDT,DOGEUSDT,0.7794946297785126,0.012185025433812972,88.96890654407974,4320,True
104,149760,154080,2025-08-20 00:00:00+00:00,2025-08-22 23:59:00+00:00,AVAXUSDT,DOGEUSDT,0.8458030591679293,0.015551697184173818,86.5372420431757,4320,True
105,151200,155520,2025-08-21 00:00:00+00:00,2025-08-23 23:59:00+00:00,AVAXUSDT,DOGEUSDT,1.1325785505928794,0.49083162712535305,698.3188996190515,4320,False
106,152640,156960,2025-08-22 00:00:00+00:00,2025-08-24 23:59:00+00:00,AVAXUSDT,DOGEUSDT,1.1670050881263692,0.42264854826882736,707.3191786652094,4320,False
107,154080,158400,2025-08-23 00:00:00+00:00,2025-08-25 23:59:00+00:00,AVAXUSDT,DOGEUSDT,0.8135656984928765,0.02060614790444737,235.082082544001,4320,True
108,155520,159840,2025-08-24 00:00:00+00:00,2025-08-26 23:59:00+00:00,AVAXUSDT,DOGEUSDT,0.9078922307031689,0.0004861010635728326,75.71810854104923,4320,True
109,156960,161280,2025-08-25 00:00:00+00:00,2025-08-27 23:59:00+00:00,AVAXUSDT,DOGEUSDT,0.9982134000095888,0.1152708760391194,213.05824931068122,4320,False
110,158400,162720,2025-08-26 00:00:00+00:00,2025-08-28 23:59:00+00:00,AVAXUSDT,DOGEUSDT,0.9622929556315309,0.16823251696047736,231.7272973052906,4320,False
111,159840,164160,2025-08-27 00:00:00+00:00,2025-08-29 23:59:00+00:00,AVAXUSDT,DOGEUSDT,1.0170559515459132,0.2533480743380282,270.01663858407653,4320,False
112,161280,165600,2025-08-28 00:00:00+00:00,2025-08-30 23:59:00+00:00,AVAXUSDT,DOGEUSDT,1.080900799909772,0.19975930213713666,255.90912966014338,4320,False
113,162720,167040,2025-08-29 00:00:00+00:00,2025-08-31 23:59:00+00:00,AVAXUSDT,DOGEUSDT,1.1431193174787668,0.32678503413405174,315.06427406803215,4320,False
114,164160,168480,2025-08-30 00:00:00+00:00,2025-09-01 23:59:00+00:00,AVAXUSDT,DOGEUSDT,0.8655012875709502,0.027172165633216273,145.0896447882179,4320,True
115,165600,169920,2025-08-31 00:00:00+00:00,2025-09-02 23:59:00+00:00,AVAXUSDT,DOGEUSDT,0.6896443635862995,0.8860539582270517,1054.63688283353,4320,False
116,167040,171360,2025-09-01 00:00:00+00:00,2025-09-03 23:59:00+00:00,AVAXUSDT,DOGEUSDT,1.617950731988337,0.09263742842238104,242.6864474643397,4320,False
117,168480,172800,2025-09-02 00:00:00+00:00,2025-09-04 23:59:00+00:00,AVAXUSDT,DOGEUSDT,1.4382217808346756,0.025722018411741418,205.01736870618254,4320,True
118,169920,174240,2025-09-03 00:00:00+00:00,2025-09-05 23:59:00+00:00,AVAXUSDT,DOGEUSDT,0.9164184092682319,0.34310697238102184,307.79381857229856,4320,False
119,171360,175680,2025-09-04 00:00:00+00:00,2025-09-06 23:59:00+00:00,AVAXUSDT,DOGEUSDT,0.6174391533918087,0.33942671711060013,410.57185593179105,4320,False
120,172800,177120,2025-09-05 00:00:00+00:00,2025-09-07 23:59:00+00:00,AVAXUSDT,DOGEUSDT,0.28548468099318924,0.040357924752555355,186.78201151332865,4320,True
121,174240,178560,2025-09-06 00:00:00+00:00,2025-09-08 23:59:00+00:00,AVAXUSDT,DOGEUSDT,0.387054733004792,0.10598663605414538,193.27687193126295,4320,False
122,175680,180000,2025-09-07 00:00:00+00:00,2025-09-09 23:59:00+00:00,AVAXUSDT,DOGEUSDT,0.510887174346756,0.30978837120556957,315.0718190859785,4320,False
123,177120,181440,2025-09-08 00:00:00+00:00,2025-09-10 23:59:00+00:00,AVAXUSDT,DOGEUSDT,1.8394474179703657,0.711577853156757,844.4304891285019,4320,False
124,178560,182880,2025-09-09 00:00:00+00:00,2025-09-11 23:59:00+00:00,AVAXUSDT,DOGEUSDT,2.232190822140417,0.13261767710209565,224.50843714195878,4320,False
125,180000,184320,2025-09-10 00:00:00+00:00,2025-09-12 23:59:00+00:00,AVAXUSDT,DOGEUSDT,0.4034170438006086,0.1673556321366267,572.9828482088501,4320,False
126,181440,185760,2025-09-11 00:00:00+00:00,2025-09-13 23:59:00+00:00,AVAXUSDT,DOGEUSDT,0.255525975560408,0.2463824667589405,383.35084011838745,4320,False
127,182880,187200,2025-09-12 00:00:00+00:00,2025-09-14 23:59:00+00:00,AVAXUSDT,DOGEUSDT,0.45367860776844116,0.029932105445453147,291.3472136247528,4320,True
128,184320,188640,2025-09-13 00:00:00+00:00,2025-09-15 23:59:00+00:00,AVAXUSDT,DOGEUSDT,0.39530523743246704,0.19282235865897934,288.7489260781188,4320,False
129,185760,190080,2025-09-14 00:00:00+00:00,2025-09-16 23:59:00+00:00,AVAXUSDT,DOGEUSDT,0.18359612878171827,0.35214294167781446,412.0159881604157,4320,False
130,187200,191520,2025-09-15 00:00:00+00:00,2025-09-17 23:59:00+00:00,AVAXUSDT,DOGEUSDT,0.4414750207982614,0.7125101486859737,736.1447531343622,4320,False
131,188640,192960,2025-09-16 00:00:00+00:00,2025-09-18 23:59:00+00:00,AVAXUSDT,DOGEUSDT,1.762082520054931,0.6851721030691971,448.53472911141915,4320,False
132,190080,194400,2025-09-17 00:00:00+00:00,2025-09-19 23:59:00+00:00,AVAXUSDT,DOGEUSDT,1.255918911615435,0.8833966015660899,2942.3776817168086,4320,False
133,191520,195840,2025-09-18 00:00:00+00:00,2025-09-20 23:59:00+00:00,AVAXUSDT,DOGEUSDT,-0.0058488041800117685,0.09634965764572007,355.13884664271137,4320,False
134,192960,197280,2025-09-19 00:00:00+00:00,2025-09-21 23:59:00+00:00,AVAXUSDT,DOGEUSDT,0.8851465489801988,0.3022630205234445,293.62407868946866,4320,False
135,194400,198720,2025-09-20 00:00:00+00:00,2025-09-22 23:59:00+00:00,AVAXUSDT,DOGEUSDT,0.4920592856039274,0.837929886473971,,4320,False
136,195840,200160,2025-09-21 00:00:00+00:00,2025-09-23 23:59:00+00:00,AVAXUSDT,DOGEUSDT,-0.017039506083698974,0.4364670297348049,867.9632759724389,4320,False
137,197280,201600,2025-09-22 00:00:00+00:00,2025-09-24 23:59:00+00:00,AVAXUSDT,DOGEUSDT,0.04000641073331046,0.5241681454631772,1034.8869905257536,4320,False
138,198720,203040,2025-09-23 00:00:00+00:00,2025-09-25 23:59:00+00:00,AVAXUSDT,DOGEUSDT,2.1840127394002593,0.09986678062965182,214.5764441106435,4320,False
139,200160,204480,2025-09-24 00:00:00+00:00,2025-09-26 23:59:00+00:00,AVAXUSDT,DOGEUSDT,2.454908603625515,0.15977235670163709,248.00413627950735,4320,False
140,201600,205920,2025-09-25 00:00:00+00:00,2025-09-27 23:59:00+00:00,AVAXUSDT,DOGEUSDT,1.8205630839412772,0.5344203327510549,549.9430261877883,4320,False
141,203040,207360,2025-09-26 00:00:00+00:00,2025-09-28 23:59:00+00:00,AVAXUSDT,DOGEUSDT,1.1018130593450906,0.000321666049359716,107.51934615264149,4320,True
142,204480,208800,2025-09-27 00:00:00+00:00,2025-09-29 23:59:00+00:00,AVAXUSDT,DOGEUSDT,1.6773612350497906,0.2156766400449579,270.5040629730967,4320,False
143,205920,210240,2025-09-28 00:00:00+00:00,2025-09-30 23:59:00+00:00,AVAXUSDT,DOGEUSDT,1.5949842586264342,0.1533972664960222,216.2783177711767,4320,False
144,207360,211680,2025-09-29 00:00:00+00:00,2025-10-01 23:59:00+00:00,AVAXUSDT,DOGEUSDT,0.6133636743132307,0.1437679647435337,191.4597770135005,4320,False
145,208800,213120,2025-09-30 00:00:00+00:00,2025-10-02 23:59:00+00:00,AVAXUSDT,DOGEUSDT,0.3368897172935501,0.06992848404749691,157.68525785123592,4320,False
146,210240,214560,2025-10-01 00:00:00+00:00,2025-10-03 23:59:00+00:00,AVAXUSDT,DOGEUSDT,0.21834456823861537,0.11696705390878209,145.78078085177347,4320,False
147,211680,216000,2025-10-02 00:00:00+00:00,2025-10-04 23:59:00+00:00,AVAXUSDT,DOGEUSDT,0.5391713041334611,0.2370803996035461,195.62134132037852,4320,False
148,213120,217440,2025-10-03 00:00:00+00:00,2025-10-05 23:59:00+00:00,AVAXUSDT,DOGEUSDT,0.5963638042391262,0.7173589886253315,523.4040680871294,4320,False
149,214560,218880,2025-10-04 00:00:00+00:00,2025-10-06 23:59:00+00:00,AVAXUSDT,DOGEUSDT,0.32913904715625364,0.11961404671131265,315.0672672056339,4320,False
150,216000,220320,2025-10-05 00:00:00+00:00,2025-10-07 23:59:00+00:00,AVAXUSDT,DOGEUSDT,0.7884114927614245,0.8755548079698665,1711.0608489740625,4320,False
151,217440,221760,2025-10-06 00:00:00+00:00,2025-10-08 23:59:00+00:00,AVAXUSDT,DOGEUSDT,1.0722793102013464,0.2906510311701206,513.5833203072092,4320,False
152,218880,223200,2025-10-07 00:00:00+00:00,2025-10-09 23:59:00+00:00,AVAXUSDT,DOGEUSDT,0.9512960942061754,0.051681692069846866,185.92519288881905,4320,False
153,220320,224640,2025-10-08 00:00:00+00:00,2025-10-10 23:59:00+00:00,AVAXUSDT,DOGEUSDT,0.9814170638605475,0.05953508305582817,1.8727174449418516,4320,False
154,221760,226080,2025-10-09 00:00:00+00:00,2025-10-11 23:59:00+00:00,AVAXUSDT,DOGEUSDT,0.9325725512927028,0.022934591773932943,3.24882066268033,4320,False
155,223200,227520,2025-10-10 00:00:00+00:00,2025-10-12 23:59:00+00:00,AVAXUSDT,DOGEUSDT,0.9530781431181496,0.33065230141967183,5.608953749654479,4320,False
156,224640,228960,2025-10-11 00:00:00+00:00,2025-10-13 23:59:00+00:00,AVAXUSDT,DOGEUSDT,0.5291676719571594,0.10280049288324028,313.1873642660286,4320,False
157,226080,230400,2025-10-12 00:00:00+00:00,2025-10-14 23:59:00+00:00,AVAXUSDT,DOGEUSDT,0.7160835371332535,0.17669923681748706,254.19636320189926,4320,False
158,227520,231840,2025-10-13 00:00:00+00:00,2025-10-15 23:59:00+00:00,AVAXUSDT,DOGEUSDT,0.7159877784701862,0.3084810378781888,343.861352569067,4320,False
159,228960,233280,2025-10-14 00:00:00+00:00,2025-10-16 23:59:00+00:00,AVAXUSDT,DOGEUSDT,1.037544319881782,0.018183558591759585,87.52392214720139,4320,True
160,230400,234720,2025-10-15 00:00:00+00:00,2025-10-17 23:59:00+00:00,AVAXUSDT,DOGEUSDT,1.2259813067982899,0.14571875631629377,141.13713876331818,4320,False
161,231840,236160,2025-10-16 00:00:00+00:00,2025-10-18 23:59:00+00:00,AVAXUSDT,DOGEUSDT,1.3446166304186868,0.6704232215080742,377.2060121081232,4320,False
162,233280,237600,2025-10-17 00:00:00+00:00,2025-10-19 23:59:00+00:00,AVAXUSDT,DOGEUSDT,0.6535983998827515,0.005999143509492326,216.16899257743228,4320,True
163,234720,239040,2025-10-18 00:00:00+00:00,2025-10-20 23:59:00+00:00,AVAXUSDT,DOGEUSDT,0.4922785985294391,0.372480123877495,225.016283399424,4320,False
164,236160,240480,2025-10-19 00:00:00+00:00,2025-10-21 23:59:00+00:00,AVAXUSDT,DOGEUSDT,0.5429373762366401,0.9361141627473337,2050.6545976378557,4320,False
165,237600,241920,2025-10-20 00:00:00+00:00,2025-10-22 23:59:00+00:00,AVAXUSDT,DOGEUSDT,1.2406143647309378,0.05966567717053869,244.53955668239445,4320,False
166,239040,243360,2025-10-21 00:00:00+00:00,2025-10-23 23:59:00+00:00,AVAXUSDT,DOGEUSDT,1.0583549212658174,0.896556402120968,617.8472088306467,4320,False
167,240480,244800,2025-10-22 00:00:00+00:00,2025-10-24 23:59:00+00:00,AVAXUSDT,DOGEUSDT,0.47895327071428184,0.2148063591557775,211.66695920306603,4320,False
168,241920,246240,2025-10-23 00:00:00+00:00,2025-10-25 23:59:00+00:00,AVAXUSDT,DOGEUSDT,0.4926945756936725,0.47471922129288613,257.5851317198092,4320,False
169,243360,247680,2025-10-24 00:00:00+00:00,2025-10-26 23:59:00+00:00,AVAXUSDT,DOGEUSDT,1.3278415685072886,0.42251936050756267,292.25797427681783,4320,False
170,244800,249120,2025-10-25 00:00:00+00:00,2025-10-27 23:59:00+00:00,AVAXUSDT,DOGEUSDT,1.343934246858794,0.5056631843053979,322.8970652102992,4320,False
171,246240,250560,2025-10-26 00:00:00+00:00,2025-10-28 23:59:00+00:00,AVAXUSDT,DOGEUSDT,1.0713664178421034,0.036347710455905353,102.29303267954211,4320,True
172,247680,252000,2025-10-27 00:00:00+00:00,2025-10-29 23:59:00+00:00,AVAXUSDT,DOGEUSDT,0.9452212485303626,0.2085250168349781,149.4467350980103,4320,False
173,249120,253440,2025-10-28 00:00:00+00:00,2025-10-30 23:59:00+00:00,AVAXUSDT,DOGEUSDT,1.034656662460561,0.7410281581878836,295.44192145879515,4320,False
174,250560,254880,2025-10-29 00:00:00+00:00,2025-10-31 23:59:00+00:00,AVAXUSDT,DOGEUSDT,1.328516067122075,0.8508902802265541,466.45680139579605,4320,False
175,252000,256320,2025-10-30 00:00:00+00:00,2025-11-01 23:59:00+00:00,AVAXUSDT,DOGEUSDT,1.3446951510917398,0.5547260622419724,557.0162580825687,4320,False
176,253440,257760,2025-10-31 00:00:00+00:00,2025-11-02 23:59:00+00:00,AVAXUSDT,DOGEUSDT,1.2666930669035636,0.7560203924536394,430.53925700603423,4320,False
177,254880,259200,2025-11-01 00:00:00+00:00,2025-11-03 23:59:00+00:00,AVAXUSDT,DOGEUSDT,0.9721273024539112,0.00542413848724995,139.43450496355985,4320,True
178,256320,260640,2025-11-02 00:00:00+00:00,2025-11-04 23:59:00+00:00,AVAXUSDT,DOGEUSDT,1.0488878733072227,0.016637054177587804,76.2138501194341,4320,True
179,257760,262080,2025-11-03 00:00:00+00:00,2025-11-05 23:59:00+00:00,AVAXUSDT,DOGEUSDT,1.0733757065245442,0.010688145848813498,78.48027562027698,4320,True
180,259200,263520,2025-11-04 00:00:00+00:00,2025-11-06 23:59:00+00:00,AVAXUSDT,DOGEUSDT,1.0805828170926928,0.01979664100644825,80.34572900434972,4320,True
181,260640,264960,2025-11-05 00:00:00+00:00,2025-11-07 23:59:00+00:00,AVAXUSDT,DOGEUSDT,0.9431228276137773,0.0031061123895584075,85.0233240434137,4320,True
182,262080,266400,2025-11-06 00:00:00+00:00,2025-11-08 23:59:00+00:00,AVAXUSDT,DOGEUSDT,0.902226381555665,0.009855749971027814,68.6925599259758,4320,True
183,263520,267840,2025-11-07 00:00:00+00:00,2025-11-09 23:59:00+00:00,AVAXUSDT,DOGEUSDT,0.8589016007775938,0.05863107093439286,111.51657613215718,4320,False
184,264960,269280,2025-11-08 00:00:00+00:00,2025-11-10 23:59:00+00:00,AVAXUSDT,DOGEUSDT,1.2308033719371432,0.002264904931271046,61.488520273022104,4320,True
185,266400,270720,2025-11-09 00:00:00+00:00,2025-11-11 23:59:00+00:00,AVAXUSDT,DOGEUSDT,1.209395425068175,0.06106036000918484,93.45371427432536,4320,False
186,267840,272160,2025-11-10 00:00:00+00:00,2025-11-12 23:59:00+00:00,AVAXUSDT,DOGEUSDT,1.033235868310637,0.01267118886173679,71.6756977671546,4320,True
187,269280,273600,2025-11-11 00:00:00+00:00,2025-11-13 23:59:00+00:00,AVAXUSDT,DOGEUSDT,1.0956700246772577,0.0337295054641816,96.51883510861074,4320,True
188,270720,275040,2025-11-12 00:00:00+00:00,2025-11-14 23:59:00+00:00,AVAXUSDT,DOGEUSDT,1.3630231963151518,0.1901935551878467,211.0292292079011,4320,False
189,272160,276480,2025-11-13 00:00:00+00:00,2025-11-15 23:59:00+00:00,AVAXUSDT,DOGEUSDT,1.377716061710089,0.2507872406767009,222.65137594115166,4320,False
190,273600,277920,2025-11-14 00:00:00+00:00,2025-11-16 23:59:00+00:00,AVAXUSDT,DOGEUSDT,1.140052200850871,0.00012332581410132856,69.54749283630366,4320,True
191,275040,279360,2025-11-15 00:00:00+00:00,2025-11-17 23:59:00+00:00,AVAXUSDT,DOGEUSDT,1.1205229857035839,0.0017932642347085,61.079121374954724,4320,True
192,276480,280800,2025-11-16 00:00:00+00:00,2025-11-18 23:59:00+00:00,AVAXUSDT,DOGEUSDT,1.1386312416378912,0.9794658004180007,4795.563685064107,4320,False
193,277920,282240,2025-11-17 00:00:00+00:00,2025-11-19 23:59:00+00:00,AVAXUSDT,DOGEUSDT,1.0070989194406774,0.6601607134616037,904.5285870459023,4320,False
194,279360,283680,2025-11-18 00:00:00+00:00,2025-11-20 23:59:00+00:00,AVAXUSDT,DOGEUSDT,0.687985329228681,0.026949523062136688,174.1800271553412,4320,True
195,280800,285120,2025-11-19 00:00:00+00:00,2025-11-21 23:59:00+00:00,AVAXUSDT,DOGEUSDT,0.6808251824423319,0.00030821121769524,65.33322348380769,4320,True
196,282240,286560,2025-11-20 00:00:00+00:00,2025-11-22 23:59:00+00:00,AVAXUSDT,DOGEUSDT,0.633356577058378,0.002114691947563209,82.75843807198383,4320,True
197,283680,288000,2025-11-21 00:00:00+00:00,2025-11-23 23:59:00+00:00,AVAXUSDT,DOGEUSDT,0.44378162715640723,0.049160523611373894,157.71694765913955,4320,True
198,285120,289440,2025-11-22 00:00:00+00:00,2025-11-24 23:59:00+00:00,AVAXUSDT,DOGEUSDT,0.39461108303788883,0.6148094060567868,212.15690265779753,4320,False
199,286560,290880,2025-11-23 00:00:00+00:00,2025-11-25 23:59:00+00:00,AVAXUSDT,DOGEUSDT,0.8583459894831265,0.21952930227659767,188.80331053451374,4320,False
200,288000,292320,2025-11-24 00:00:00+00:00,2025-11-26 23:59:00+00:00,AVAXUSDT,DOGEUSDT,1.157691916934752,0.6284054771526052,243.20837843633714,4320,False
201,289440,293760,2025-11-25 00:00:00+00:00,2025-11-27 23:59:00+00:00,AVAXUSDT,DOGEUSDT,1.7681966587459197,0.46767792487982596,411.598926158658,4320,False
202,290880,295200,2025-11-26 00:00:00+00:00,2025-11-28 23:59:00+00:00,AVAXUSDT,DOGEUSDT,0.620909452112997,0.6300498987729148,1298.4885695274609,4320,False
203,292320,296640,2025-11-27 00:00:00+00:00,2025-11-29 23:59:00+00:00,AVAXUSDT,DOGEUSDT,0.6031253974481707,0.938190762293583,661.5448838425909,4320,False
204,293760,298080,2025-11-28 00:00:00+00:00,2025-11-30 23:59:00+00:00,AVAXUSDT,DOGEUSDT,2.016478184457222,0.4297780966730746,439.5031811663157,4320,False
205,295200,299520,2025-11-29 00:00:00+00:00,2025-12-01 23:59:00+00:00,AVAXUSDT,DOGEUSDT,1.1963853994733125,0.5321155128725417,663.6404822007314,4320,False
206,296640,300960,2025-11-30 00:00:00+00:00,2025-12-02 23:59:00+00:00,AVAXUSDT,DOGEUSDT,0.9373155693304893,0.024161909749766616,107.28968472389626,4320,True
207,298080,302400,2025-12-01 00:00:00+00:00,2025-12-03 23:59:00+00:00,AVAXUSDT,DOGEUSDT,0.9670307479850102,0.8003632892566819,264.45756458837366,4320,False
208,299520,303840,2025-12-02 00:00:00+00:00,2025-12-04 23:59:00+00:00,AVAXUSDT,DOGEUSDT,1.1566865018147205,0.7424832303219805,695.1422567719843,4320,False
209,300960,305280,2025-12-03 00:00:00+00:00,2025-12-05 23:59:00+00:00,AVAXUSDT,DOGEUSDT,1.0635757346756805,0.46531163439475826,523.4133462436841,4320,False
210,302400,306720,2025-12-04 00:00:00+00:00,2025-12-06 23:59:00+00:00,AVAXUSDT,DOGEUSDT,1.3544443770228085,0.019851462132789082,98.725178154902,4320,True
211,303840,308160,2025-12-05 00:00:00+00:00,2025-12-07 23:59:00+00:00,AVAXUSDT,DOGEUSDT,1.2695684836975163,0.2830267122104735,148.67859573942033,4320,False
212,305280,309600,2025-12-06 00:00:00+00:00,2025-12-08 23:59:00+00:00,AVAXUSDT,DOGEUSDT,0.9584038684662843,0.15989386370163744,127.45640936771306,4320,False
213,306720,311040,2025-12-07 00:00:00+00:00,2025-12-09 23:59:00+00:00,AVAXUSDT,DOGEUSDT,1.0467597141686937,0.8115358989351228,156.28799957798628,4320,False
214,308160,312480,2025-12-08 00:00:00+00:00,2025-12-10 23:59:00+00:00,AVAXUSDT,DOGEUSDT,1.2909418120633402,0.539171731290037,236.0162618111458,4320,False
215,309600,313920,2025-12-09 00:00:00+00:00,2025-12-11 23:59:00+00:00,AVAXUSDT,DOGEUSDT,1.2735174905532074,0.2645651767939823,162.8926288865818,4320,False
216,311040,315360,2025-12-10 00:00:00+00:00,2025-12-12 23:59:00+00:00,AVAXUSDT,DOGEUSDT,1.4328107429193313,0.04292510512377871,74.44169203709126,4320,True
217,312480,316800,2025-12-11 00:00:00+00:00,2025-12-13 23:59:00+00:00,AVAXUSDT,DOGEUSDT,1.1864801157691622,0.03846531469444412,94.93543178579256,4320,True
218,313920,318240,2025-12-12 00:00:00+00:00,2025-12-14 23:59:00+00:00,AVAXUSDT,DOGEUSDT,1.0749413745905052,0.07297410238417834,76.22435284280591,4320,False
219,315360,319680,2025-12-13 00:00:00+00:00,2025-12-15 23:59:00+00:00,AVAXUSDT,DOGEUSDT,0.9905786488853145,0.08664509714956253,61.26770779117066,4320,False
220,316800,321120,2025-12-14 00:00:00+00:00,2025-12-16 23:59:00+00:00,AVAXUSDT,DOGEUSDT,1.2237603123656005,0.7240913499611765,311.8099260164856,4320,False
221,318240,322560,2025-12-15 00:00:00+00:00,2025-12-17 23:59:00+00:00,AVAXUSDT,DOGEUSDT,1.2413715169620438,0.4325249928316999,290.7386132828243,4320,False
222,319680,324000,2025-12-16 00:00:00+00:00,2025-12-18 23:59:00+00:00,AVAXUSDT,DOGEUSDT,0.933840273775445,0.030763650381322137,73.90316050817067,4320,True
223,321120,325440,2025-12-17 00:00:00+00:00,2025-12-19 23:59:00+00:00,AVAXUSDT,DOGEUSDT,0.9347487629938191,0.0007202304543663708,36.36863844063937,4320,True
224,322560,326880,2025-12-18 00:00:00+00:00,2025-12-20 23:59:00+00:00,AVAXUSDT,DOGEUSDT,0.9040794513811479,0.00599893623038937,42.30819824047478,4320,True
225,324000,328320,2025-12-19 00:00:00+00:00,2025-12-21 23:59:00+00:00,AVAXUSDT,DOGEUSDT,0.9152690878870042,0.006927604397798263,43.81784452889799,4320,True
226,325440,329760,2025-12-20 00:00:00+00:00,2025-12-22 23:59:00+00:00,AVAXUSDT,DOGEUSDT,0.7674929922316611,0.08189290268391225,59.723696680646405,4320,False
227,326880,331200,2025-12-21 00:00:00+00:00,2025-12-23 23:59:00+00:00,AVAXUSDT,DOGEUSDT,0.725293243696413,0.11481039734020432,95.74077752595798,4320,False
228,328320,332640,2025-12-22 00:00:00+00:00,2025-12-24 23:59:00+00:00,AVAXUSDT,DOGEUSDT,0.6316568050377231,0.0310032506883832,79.0152365857574,4320,True
229,329760,334080,2025-12-23 00:00:00+00:00,2025-12-25 23:59:00+00:00,AVAXUSDT,DOGEUSDT,0.20341956830446328,0.32047159498588124,231.32661398169287,4320,False
230,331200,335520,2025-12-24 00:00:00+00:00,2025-12-26 23:59:00+00:00,AVAXUSDT,DOGEUSDT,-0.36657747384994543,0.1196147647272971,204.05911800205425,4320,False
231,332640,336960,2025-12-25 00:00:00+00:00,2025-12-27 23:59:00+00:00,AVAXUSDT,DOGEUSDT,-0.24274251561812754,0.14391060272930994,217.5125224359107,4320,False
232,334080,338400,2025-12-26 00:00:00+00:00,2025-12-28 23:59:00+00:00,AVAXUSDT,DOGEUSDT,0.4920155411248688,0.04439559165336725,289.99979333272364,4320,True
233,335520,339840,2025-12-27 00:00:00+00:00,2025-12-29 23:59:00+00:00,AVAXUSDT,DOGEUSDT,1.2625697876986877,0.31997595052976363,84.08453043518051,4320,False
234,336960,341280,2025-12-28 00:00:00+00:00,2025-12-30 23:59:00+00:00,AVAXUSDT,DOGEUSDT,1.2294561240834163,0.44234716622550174,149.5848812532317,4320,False
235,338400,342720,2025-12-29 00:00:00+00:00,2025-12-31 23:59:00+00:00,AVAXUSDT,DOGEUSDT,0.5912029161062939,0.572664422387246,229.8725419994022,4320,False
236,339840,344160,2025-12-30 00:00:00+00:00,2026-01-01 23:59:00+00:00,AVAXUSDT,DOGEUSDT,0.706618015920931,0.9373289298149692,3123.165880139268,4320,False
237,341280,345600,2025-12-31 00:00:00+00:00,2026-01-02 23:59:00+00:00,AVAXUSDT,DOGEUSDT,0.7032337708630028,0.49186773468354295,683.4737133196733,4320,False
238,342720,347040,2026-01-01 00:00:00+00:00,2026-01-03 23:59:00+00:00,AVAXUSDT,DOGEUSDT,0.6113829455281805,0.41058754959724464,571.5987152187596,4320,False
239,344160,348480,2026-01-02 00:00:00+00:00,2026-01-04 23:59:00+00:00,AVAXUSDT,DOGEUSDT,0.28012750073987025,0.08303210754361778,180.5773279674116,4320,False
240,345600,349920,2026-01-03 00:00:00+00:00,2026-01-05 23:59:00+00:00,AVAXUSDT,DOGEUSDT,0.30608457424196445,0.0497919192129101,137.75816640901138,4320,True
241,347040,351360,2026-01-04 00:00:00+00:00,2026-01-06 23:59:00+00:00,AVAXUSDT,DOGEUSDT,0.12461107389657933,0.25195768010725406,262.2218749487493,4320,False
242,348480,352800,2026-01-05 00:00:00+00:00,2026-01-07 23:59:00+00:00,AVAXUSDT,DOGEUSDT,0.3833506292373876,0.24262857098877405,228.1937437156617,4320,False
243,349920,354240,2026-01-06 00:00:00+00:00,2026-01-08 23:59:00+00:00,AVAXUSDT,DOGEUSDT,0.6936042990667497,0.1843622693469429,199.2936208125362,4320,False
244,351360,355680,2026-01-07 00:00:00+00:00,2026-01-09 23:59:00+00:00,AVAXUSDT,DOGEUSDT,0.7231309688279097,0.12327384820760007,126.47313783794577,4320,False
245,352800,357120,2026-01-08 00:00:00+00:00,2026-01-10 23:59:00+00:00,AVAXUSDT,DOGEUSDT,0.5415580171269703,0.0056285809544003775,58.952337106124766,4320,True
246,354240,358560,2026-01-09 00:00:00+00:00,2026-01-11 23:59:00+00:00,AVAXUSDT,DOGEUSDT,0.5099813035225402,0.028091095040868347,84.12469089440712,4320,True
247,355680,360000,2026-01-10 00:00:00+00:00,2026-01-12 23:59:00+00:00,AVAXUSDT,DOGEUSDT,0.6176278590045783,0.153242342687685,119.41754877760955,4320,False
248,357120,361440,2026-01-11 00:00:00+00:00,2026-01-13 23:59:00+00:00,AVAXUSDT,DOGEUSDT,1.0678027824498706,0.08365745874412156,127.85163520527509,4320,False
249,358560,362880,2026-01-12 00:00:00+00:00,2026-01-14 23:59:00+00:00,AVAXUSDT,DOGEUSDT,0.9800707780438636,0.05406175986601007,104.19599903065286,4320,False
250,360000,364320,2026-01-13 00:00:00+00:00,2026-01-15 23:59:00+00:00,AVAXUSDT,DOGEUSDT,1.032533386390682,0.05316104681996874,122.77322874876432,4320,False
251,361440,365760,2026-01-14 00:00:00+00:00,2026-01-16 23:59:00+00:00,AVAXUSDT,DOGEUSDT,1.0848120516793784,0.01863597470711707,73.87371378880133,4320,True
252,362880,367200,2026-01-15 00:00:00+00:00,2026-01-17 23:59:00+00:00,AVAXUSDT,DOGEUSDT,1.1143214846542726,0.1755812749125566,113.32520427695675,4320,False
253,364320,368640,2026-01-16 00:00:00+00:00,2026-01-18 23:59:00+00:00,AVAXUSDT,DOGEUSDT,0.9150282100072005,0.21481677375614355,121.22733133519277,4320,False
254,365760,370080,2026-01-17 00:00:00+00:00,2026-01-19 23:59:00+00:00,AVAXUSDT,DOGEUSDT,1.0108045165428479,0.0494021833851238,57.83243606459083,4320,True
255,367200,371520,2026-01-18 00:00:00+00:00,2026-01-20 23:59:00+00:00,AVAXUSDT,DOGEUSDT,1.0525056096027932,0.09451110621620529,52.58930833326476,4320,False
256,368640,372960,2026-01-19 00:00:00+00:00,2026-01-21 23:59:00+00:00,AVAXUSDT,DOGEUSDT,1.1437990644262985,0.058830840764169834,69.2050471334207,4320,False
257,370080,374400,2026-01-20 00:00:00+00:00,2026-01-22 23:59:00+00:00,AVAXUSDT,DOGEUSDT,1.1285046251137505,0.04843154224703961,62.91701633019445,4320,True
258,371520,375840,2026-01-21 00:00:00+00:00,2026-01-23 23:59:00+00:00,AVAXUSDT,DOGEUSDT,1.0694724663921882,0.0200216633294915,42.45318222921241,4320,True
259,372960,377280,2026-01-22 00:00:00+00:00,2026-01-24 23:59:00+00:00,AVAXUSDT,DOGEUSDT,1.3572180750335576,0.0029805215475382316,36.55922857758614,4320,True
260,374400,378720,2026-01-23 00:00:00+00:00,2026-01-25 23:59:00+00:00,AVAXUSDT,DOGEUSDT,1.3554016024014288,0.0001154209129924777,28.02982835040404,4320,False
261,375840,380160,2026-01-24 00:00:00+00:00,2026-01-26 23:59:00+00:00,AVAXUSDT,DOGEUSDT,1.4350722276863848,0.04078725278620692,60.884293829698116,4320,True
262,377280,381600,2026-01-25 00:00:00+00:00,2026-01-27 23:59:00+00:00,AVAXUSDT,DOGEUSDT,1.0997958646609938,0.09603370859892763,90.03551255113106,4320,False
263,378720,383040,2026-01-26 00:00:00+00:00,2026-01-28 23:59:00+00:00,AVAXUSDT,DOGEUSDT,1.1283205342189575,0.0059581480002342535,46.84912918722607,4320,True
264,380160,384480,2026-01-27 00:00:00+00:00,2026-01-29 23:59:00+00:00,AVAXUSDT,DOGEUSDT,1.2057436815548073,0.025256764766533286,66.49774420581241,4320,True
265,381600,385920,2026-01-28 00:00:00+00:00,2026-01-30 23:59:00+00:00,AVAXUSDT,DOGEUSDT,1.2015062288364757,0.12227704192195088,108.00180429930268,4320,False
266,383040,387360,2026-01-29 00:00:00+00:00,2026-01-31 23:59:00+00:00,AVAXUSDT,DOGEUSDT,0.9842575757903642,0.5101629068924011,203.251765381751,4320,False
267,384480,388800,2026-01-30 00:00:00+00:00,2026-02-01 23:59:00+00:00,AVAXUSDT,DOGEUSDT,0.8413294065829313,0.5300435587062301,116.1636292832249,4320,False
268,385920,390240,2026-01-31 00:00:00+00:00,2026-02-02 23:59:00+00:00,AVAXUSDT,DOGEUSDT,0.8010553356300125,0.546995091372704,118.08856089113702,4320,False
269,387360,391680,2026-02-01 00:00:00+00:00,2026-02-03 23:59:00+00:00,AVAXUSDT,DOGEUSDT,0.609332100043324,0.12059014231445803,125.11809195609639,4320,False
270,388800,393120,2026-02-02 00:00:00+00:00,2026-02-04 23:59:00+00:00,AVAXUSDT,DOGEUSDT,0.749671411582856,0.152563493773208,73.30027612842385,4320,False
271,390240,394560,2026-02-03 00:00:00+00:00,2026-02-05 23:59:00+00:00,AVAXUSDT,DOGEUSDT,0.9335795747407767,0.005207193046569624,40.104178975152976,4320,True
272,391680,396000,2026-02-04 00:00:00+00:00,2026-02-06 23:59:00+00:00,AVAXUSDT,DOGEUSDT,1.0005964793441042,0.10247227679900517,87.61211791559806,4320,False
273,393120,397440,2026-02-05 00:00:00+00:00,2026-02-07 23:59:00+00:00,AVAXUSDT,DOGEUSDT,1.0223508869746656,0.09623155045484577,89.19724946866332,4320,False
274,394560,398880,2026-02-06 00:00:00+00:00,2026-02-08 23:59:00+00:00,AVAXUSDT,DOGEUSDT,1.1162207967413453,0.01413837059357571,55.02422710581423,4320,True
275,396000,400320,2026-02-07 00:00:00+00:00,2026-02-09 23:59:00+00:00,AVAXUSDT,DOGEUSDT,0.9499775896897851,0.0007871204462225682,18.30316007764598,4320,False
276,397440,401760,2026-02-08 00:00:00+00:00,2026-02-10 23:59:00+00:00,AVAXUSDT,DOGEUSDT,0.9910540518289963,0.0017951002698916624,21.796213935701658,4320,False
277,398880,403200,2026-02-09 00:00:00+00:00,2026-02-11 23:59:00+00:00,AVAXUSDT,DOGEUSDT,0.8426605544520402,0.03781083430606513,47.089516473320096,4320,True
278,400320,404640,2026-02-10 00:00:00+00:00,2026-02-12 23:59:00+00:00,AVAXUSDT,DOGEUSDT,0.7504733678772721,0.02486158400424768,43.972835114190694,4320,True
279,401760,406080,2026-02-11 00:00:00+00:00,2026-02-13 23:59:00+00:00,AVAXUSDT,DOGEUSDT,0.9352746330202688,0.0015765418164142891,33.47638377304053,4320,True
280,403200,407520,2026-02-12 00:00:00+00:00,2026-02-14 23:59:00+00:00,AVAXUSDT,DOGEUSDT,0.5418338902674256,0.5145555640996221,155.45105401604053,4320,False
281,404640,408960,2026-02-13 00:00:00+00:00,2026-02-15 23:59:00+00:00,AVAXUSDT,DOGEUSDT,0.3526372680520465,0.39085375827489777,180.10478907421773,4320,False
282,406080,410400,2026-02-14 00:00:00+00:00,2026-02-16 23:59:00+00:00,AVAXUSDT,DOGEUSDT,0.29466140379273376,0.1091650630581632,97.58147064286653,4320,False
283,407520,411840,2026-02-15 00:00:00+00:00,2026-02-17 23:59:00+00:00,AVAXUSDT,DOGEUSDT,0.3404382710429128,0.0030940661674633265,48.21080179812221,4320,True
284,408960,413280,2026-02-16 00:00:00+00:00,2026-02-18 23:59:00+00:00,AVAXUSDT,DOGEUSDT,0.8133506382004185,0.5272785789745748,133.4460452821741,4320,False
285,410400,414720,2026-02-17 00:00:00+00:00,2026-02-19 23:59:00+00:00,AVAXUSDT,DOGEUSDT,0.9923085912148117,0.10460095965996702,99.4373010531348,4320,False
286,411840,416160,2026-02-18 00:00:00+00:00,2026-02-20 23:59:00+00:00,AVAXUSDT,DOGEUSDT,0.8111606719556796,0.3854498818053955,164.7242289027929,4320,False
287,413280,417600,2026-02-19 00:00:00+00:00,2026-02-21 23:59:00+00:00,AVAXUSDT,DOGEUSDT,1.3044337827705852,0.12104023418039267,137.7516467485895,4320,False
288,414720,419040,2026-02-20 00:00:00+00:00,2026-02-22 23:59:00+00:00,AVAXUSDT,DOGEUSDT,0.7585345813513875,0.1341851113946631,137.5107098017569,4320,False
289,416160,420480,2026-02-21 00:00:00+00:00,2026-02-23 23:59:00+00:00,AVAXUSDT,DOGEUSDT,1.25532520071941,0.34582517160120874,170.6485452753996,4320,False
290,417600,421920,2026-02-22 00:00:00+00:00,2026-02-24 23:59:00+00:00,AVAXUSDT,DOGEUSDT,1.2665512953795943,0.31082496936793347,144.18926926937155,4320,False
291,419040,423360,2026-02-23 00:00:00+00:00,2026-02-25 23:59:00+00:00,AVAXUSDT,DOGEUSDT,1.2327801238841483,0.26470065505957396,231.4302059823235,4320,False
292,420480,424800,2026-02-24 00:00:00+00:00,2026-02-26 23:59:00+00:00,AVAXUSDT,DOGEUSDT,1.3071542953620796,0.3343266428137942,217.22453980186214,4320,False
293,421920,426240,2026-02-25 00:00:00+00:00,2026-02-27 23:59:00+00:00,AVAXUSDT,DOGEUSDT,0.9961939156897461,0.05978920138751865,185.60014744037974,4320,False
294,423360,427680,2026-02-26 00:00:00+00:00,2026-02-28 23:59:00+00:00,AVAXUSDT,DOGEUSDT,0.8540498287333915,0.47488136732765707,93.9894961519894,4320,False
295,424800,429120,2026-02-27 00:00:00+00:00,2026-03-01 23:59:00+00:00,AVAXUSDT,DOGEUSDT,0.9644910648841116,0.6174517145365577,150.748023461466,4320,False
296,426240,430560,2026-02-28 00:00:00+00:00,2026-03-02 23:59:00+00:00,AVAXUSDT,DOGEUSDT,1.1227477382059692,0.1223957421502676,96.24607945730075,4320,False
297,427680,432000,2026-03-01 00:00:00+00:00,2026-03-03 23:59:00+00:00,AVAXUSDT,DOGEUSDT,0.3679916888438548,0.3594733237762391,149.20180717461417,4320,False
298,429120,433440,2026-03-02 00:00:00+00:00,2026-03-04 23:59:00+00:00,AVAXUSDT,DOGEUSDT,0.43391724420827504,0.31915794306974504,202.90008663908623,4320,False
299,430560,434880,2026-03-03 00:00:00+00:00,2026-03-05 23:59:00+00:00,AVAXUSDT,DOGEUSDT,0.45292832997290416,0.0931512433524826,112.69099386775501,4320,False
300,432000,436320,2026-03-04 00:00:00+00:00,2026-03-06 23:59:00+00:00,AVAXUSDT,DOGEUSDT,0.481117495318915,0.5188502428787264,198.55838063772163,4320,False
301,433440,437760,2026-03-05 00:00:00+00:00,2026-03-07 23:59:00+00:00,AVAXUSDT,DOGEUSDT,0.870295925089021,0.0142782779355712,101.24363752309726,4320,True
302,434880,439200,2026-03-06 00:00:00+00:00,2026-03-08 23:59:00+00:00,AVAXUSDT,DOGEUSDT,1.075544916491891,0.06355813110934244,49.29497671175178,4320,False
303,436320,440640,2026-03-07 00:00:00+00:00,2026-03-09 23:59:00+00:00,AVAXUSDT,DOGEUSDT,1.3646813661670851,0.4692028228440185,122.47377215186806,4320,False
304,437760,442080,2026-03-08 00:00:00+00:00,2026-03-10 23:59:00+00:00,AVAXUSDT,DOGEUSDT,1.0010407982264216,0.17508054352693658,213.5574546970315,4320,False
305,439200,443520,2026-03-09 00:00:00+00:00,2026-03-11 23:59:00+00:00,AVAXUSDT,DOGEUSDT,0.8349580716467537,0.19861571367684971,292.9611562018699,4320,False
306,440640,444960,2026-03-10 00:00:00+00:00,2026-03-12 23:59:00+00:00,AVAXUSDT,DOGEUSDT,0.3682316572213056,0.022241611145312354,109.34104733763732,4320,True
307,442080,446400,2026-03-11 00:00:00+00:00,2026-03-13 23:59:00+00:00,AVAXUSDT,DOGEUSDT,0.6839296748585459,0.04064043876995971,80.60317086234454,4320,True
308,443520,447840,2026-03-12 00:00:00+00:00,2026-03-14 23:59:00+00:00,AVAXUSDT,DOGEUSDT,0.7976602613312103,0.17654681219599033,88.16483467298687,4320,False
309,444960,449280,2026-03-13 00:00:00+00:00,2026-03-15 23:59:00+00:00,AVAXUSDT,DOGEUSDT,0.9416634982182213,0.07290817796103867,79.00729467302614,4320,False
310,446400,450720,2026-03-14 00:00:00+00:00,2026-03-16 23:59:00+00:00,AVAXUSDT,DOGEUSDT,1.0223183603608668,0.025795850300656502,75.26922563761961,4320,True
311,447840,452160,2026-03-15 00:00:00+00:00,2026-03-17 23:59:00+00:00,AVAXUSDT,DOGEUSDT,0.9707196520777304,0.012047906411003246,79.25870443464946,4320,True
312,449280,453600,2026-03-16 00:00:00+00:00,2026-03-18 23:59:00+00:00,AVAXUSDT,DOGEUSDT,0.980653197643683,0.009816593825899772,74.38292789325847,4320,True
313,450720,455040,2026-03-17 00:00:00+00:00,2026-03-19 23:59:00+00:00,AVAXUSDT,DOGEUSDT,1.090244975575672,0.002171762074296397,43.91808181022006,4320,True
314,452160,456480,2026-03-18 00:00:00+00:00,2026-03-20 23:59:00+00:00,AVAXUSDT,DOGEUSDT,1.1255429338517393,0.0005177696400132737,27.50364682832456,4320,False
315,453600,457920,2026-03-19 00:00:00+00:00,2026-03-21 23:59:00+00:00,AVAXUSDT,DOGEUSDT,0.9090156200330042,0.009485449932933028,19.944900747641743,4320,False
316,455040,459360,2026-03-20 00:00:00+00:00,2026-03-22 23:59:00+00:00,AVAXUSDT,DOGEUSDT,1.3577910792266348,0.004045345284284085,26.9629944048061,4320,False
317,456480,460800,2026-03-21 00:00:00+00:00,2026-03-23 23:59:00+00:00,AVAXUSDT,DOGEUSDT,1.24037830683862,0.02187004841893632,50.70632487160573,4320,True
318,457920,462240,2026-03-22 00:00:00+00:00,2026-03-24 23:59:00+00:00,AVAXUSDT,DOGEUSDT,1.2404248122860526,0.03642730315762987,64.48543870606849,4320,True
319,459360,463680,2026-03-23 00:00:00+00:00,2026-03-25 23:59:00+00:00,AVAXUSDT,DOGEUSDT,0.9548705115311371,0.055073109529998776,87.5587362389064,4320,False
320,460800,465120,2026-03-24 00:00:00+00:00,2026-03-26 23:59:00+00:00,AVAXUSDT,DOGEUSDT,0.9333656931919396,0.6760544256426393,148.2919555050499,4320,False
321,462240,466560,2026-03-25 00:00:00+00:00,2026-03-27 23:59:00+00:00,AVAXUSDT,DOGEUSDT,1.3073946355752932,0.4881086488577443,232.65757262407539,4320,False
322,463680,468000,2026-03-26 00:00:00+00:00,2026-03-28 23:59:00+00:00,AVAXUSDT,DOGEUSDT,1.438623511714433,0.7933595419117504,522.9208932306639,4320,False
323,465120,469440,2026-03-27 00:00:00+00:00,2026-03-29 23:59:00+00:00,AVAXUSDT,DOGEUSDT,0.9251892366519696,0.40631438728589886,221.7958354461388,4320,False
324,466560,470880,2026-03-28 00:00:00+00:00,2026-03-30 23:59:00+00:00,AVAXUSDT,DOGEUSDT,0.8120380652154484,0.20617995990561966,85.8577813097559,4320,False
325,468000,472320,2026-03-29 00:00:00+00:00,2026-03-31 23:59:00+00:00,AVAXUSDT,DOGEUSDT,0.982319444319069,0.4728747271373537,132.84767365235643,4320,False
326,469440,473760,2026-03-30 00:00:00+00:00,2026-04-01 23:59:00+00:00,AVAXUSDT,DOGEUSDT,1.3104267613601763,0.6282842501497024,259.1818532567116,4320,False
327,470880,475200,2026-03-31 00:00:00+00:00,2026-04-02 23:59:00+00:00,AVAXUSDT,DOGEUSDT,1.584203711869753,0.078829431608819,87.2372486962835,4320,False
328,472320,476640,2026-04-01 00:00:00+00:00,2026-04-03 23:59:00+00:00,AVAXUSDT,DOGEUSDT,1.6378490465299955,0.008923920925341628,63.37362436307971,4320,True
329,473760,478080,2026-04-02 00:00:00+00:00,2026-04-04 23:59:00+00:00,AVAXUSDT,DOGEUSDT,1.501198541000683,0.0013061949415458796,38.438224293571444,4320,True
330,475200,479520,2026-04-03 00:00:00+00:00,2026-04-05 23:59:00+00:00,AVAXUSDT,DOGEUSDT,1.113754426822581,0.001028273184433777,25.738859059352084,4320,False
331,476640,480960,2026-04-04 00:00:00+00:00,2026-04-06 23:59:00+00:00,AVAXUSDT,DOGEUSDT,2.340983316445506,0.09534889052019385,180.0821314681507,4320,False
332,478080,482400,2026-04-05 00:00:00+00:00,2026-04-07 23:59:00+00:00,AVAXUSDT,DOGEUSDT,2.345656443331869,0.48134692410419055,361.85711251151673,4320,False
333,479520,483840,2026-04-06 00:00:00+00:00,2026-04-08 23:59:00+00:00,AVAXUSDT,DOGEUSDT,1.789178898727191,0.5269634819629134,476.9417111658499,4320,False
