split,family,symbol,feature,observations,utc_day_clusters,coefficient,coefficient_bps,ci_lower,ci_upper,cluster_p_value,status
development,construct_aggressor,ADAUSDT,run_intensity_up,33090,365,-0.040983095375310585,,-0.05378106631281249,-0.02818512443780868,3.4646619202777214e-10,descriptive_no_family_decision
development,construct_aggressor,ADAUSDT,run_intensity_down,33090,365,0.049459215221997234,,0.0372467026806242,0.061671727763370265,2.0609805866506722e-15,descriptive_no_family_decision
development,construct_aggressor,ADAUSDT,run_intensity_zero,33090,365,-0.003873034054946625,,-0.0158380172486377,0.00809194913874445,0.5257968025969529,descriptive_no_family_decision
development,construct_aggressor,AVAXUSDT,run_intensity_up,32624,365,-0.09124299885686804,,-0.10877929114050669,-0.07370670657322939,2.026490461006121e-24,descriptive_no_family_decision
development,construct_aggressor,AVAXUSDT,run_intensity_down,32624,365,0.09633356434306825,,0.08060513975009273,0.11206198893604377,3.368940366442358e-33,descriptive_no_family_decision
development,construct_aggressor,AVAXUSDT,run_intensity_zero,32624,365,-0.011253605813401405,,-0.03540732782350299,0.012900116196700177,0.3611486161574219,descriptive_no_family_decision
development,construct_aggressor,BTCUSDT,run_intensity_up,34945,365,-0.018989308360566486,,-0.02666112040910102,-0.011317496312031952,1.226468983539324e-06,descriptive_no_family_decision
development,construct_aggressor,BTCUSDT,run_intensity_down,34945,365,0.021578062968570573,,0.014278176228413424,0.028877949708727722,6.891578642264746e-09,descriptive_no_family_decision
development,construct_aggressor,BTCUSDT,run_intensity_zero,34945,365,-0.009212039584165865,,-0.01875915644344916,0.00033507727511743017,0.05860102819280033,descriptive_no_family_decision
development,construct_aggressor,DOGEUSDT,run_intensity_up,34945,365,-0.05564995299755127,,-0.06384328179406651,-0.04745662420103603,1.9639027343385024e-40,descriptive_no_family_decision
development,construct_aggressor,DOGEUSDT,run_intensity_down,34945,365,0.05877694551517686,,0.05061433714269814,0.06693955388765557,3.14861464655273e-45,descriptive_no_family_decision
development,construct_aggressor,DOGEUSDT,run_intensity_zero,34945,365,-0.013984957896084517,,-0.020306038459461617,-0.007663877332707416,1.4491030477159253e-05,descriptive_no_family_decision
development,construct_aggressor,ETHUSDT,run_intensity_up,34945,365,-0.05840624091093658,,-0.06785427214164332,-0.04895820968022985,8.66980387829993e-34,descriptive_no_family_decision
development,construct_aggressor,ETHUSDT,run_intensity_down,34945,365,0.06271545035503194,,0.053166551082435266,0.07226434962762862,6.412881964538951e-38,descriptive_no_family_decision
development,construct_aggressor,ETHUSDT,run_intensity_zero,34945,365,-0.00876973536980725,,-0.017474488143749713,-6.498259586478622e-05,0.04831407246111429,descriptive_no_family_decision
development,construct_aggressor,SOLUSDT,run_intensity_up,34945,365,-0.029909118235619373,,-0.03793041558809687,-0.021887820883141874,2.7085783679234475e-13,descriptive_no_family_decision
development,construct_aggressor,SOLUSDT,run_intensity_down,34945,365,0.02802057801906784,,0.02025010601700983,0.03579105002112584,1.5752864737511003e-12,descriptive_no_family_decision
development,construct_aggressor,SOLUSDT,run_intensity_zero,34945,365,0.003756492586147542,,-0.006241505319882918,0.013754490492178003,0.4614833785834618,descriptive_no_family_decision
development,construct_aggressor,XRPUSDT,run_intensity_up,34914,365,-0.021224591043296936,,-0.029277255004417878,-0.013171927082175995,2.392565397171789e-07,descriptive_no_family_decision
development,construct_aggressor,XRPUSDT,run_intensity_down,34914,365,0.02644517923769007,,0.018462088403650094,0.03442827007173005,8.432655602144447e-11,descriptive_no_family_decision
development,construct_aggressor,XRPUSDT,run_intensity_zero,34914,365,-0.00988725033129864,,-0.0170344349240188,-0.0027400657385784786,0.00670060174086332,descriptive_no_family_decision
development,future_excess_return,ADAUSDT,run_intensity_up,33087,365,-3.7617767018372735e-05,-0.37617767018372733,-0.0003906822918563609,0.0003154467578196154,0.8345831537214115,descriptive_no_family_decision
development,future_excess_return,ADAUSDT,run_intensity_down,33087,365,-0.00022356250959708942,-2.235625095970894,-0.0006315645190795762,0.00018443949988539735,0.2828443129406739,descriptive_no_family_decision
development,future_excess_return,ADAUSDT,run_intensity_zero,33087,365,0.0008639874571654378,8.639874571654378,-0.0012172597154500515,0.0029452346297809268,0.4158516702586179,descriptive_no_family_decision
development,future_excess_return,AVAXUSDT,run_intensity_up,32621,365,0.00011152077261814798,1.11520772618148,-0.0002722683917488704,0.0004953099369851664,0.5690013698924706,descriptive_no_family_decision
development,future_excess_return,AVAXUSDT,run_intensity_down,32621,365,-0.00022923374057403113,-2.2923374057403114,-0.0005198478542747498,6.13803731266876e-05,0.12210418905087388,descriptive_no_family_decision
development,future_excess_return,AVAXUSDT,run_intensity_zero,32621,365,-0.000115292592031331,-1.15292592031331,-0.0007590021245439084,0.0005284169404812465,0.7255565523770136,descriptive_no_family_decision
development,future_excess_return,BTCUSDT,run_intensity_up,34942,365,-1.4013509858944448e-06,-0.014013509858944447,-0.00014264145687535002,0.00013983875490356112,0.9844850753731729,descriptive_no_family_decision
development,future_excess_return,BTCUSDT,run_intensity_down,34942,365,-7.967999491703863e-05,-0.7967999491703863,-0.00023058887803763307,7.122888820355582e-05,0.30073320314467034,descriptive_no_family_decision
development,future_excess_return,BTCUSDT,run_intensity_zero,34942,365,0.00020285695584985075,2.0285695584985075,-7.891726557160921e-06,0.00041360563825686245,0.059218066381391314,descriptive_no_family_decision
development,future_excess_return,DOGEUSDT,run_intensity_up,34942,365,-0.0001263415662763029,-1.2634156627630289,-0.0003357245807501951,8.304144819758929e-05,0.2369514901731975,descriptive_no_family_decision
development,future_excess_return,DOGEUSDT,run_intensity_down,34942,365,9.222476401021104e-05,0.9222476401021105,-0.0001031116405613667,0.0002875611685817888,0.3547767599330752,descriptive_no_family_decision
development,future_excess_return,DOGEUSDT,run_intensity_zero,34942,365,-0.00024627358423718373,-2.462735842371837,-0.0005525814800136318,6.003431153926437e-05,0.11506635326427879,descriptive_no_family_decision
development,future_excess_return,ETHUSDT,run_intensity_up,34942,365,0.00013388267747362366,1.3388267747362366,-1.3238813241847478e-05,0.00028100416818909477,0.07448942044863915,descriptive_no_family_decision
development,future_excess_return,ETHUSDT,run_intensity_down,34942,365,-0.00015509098418181564,-1.5509098418181564,-0.00030809288848204796,-2.089079881583322e-06,0.04695285445919732,descriptive_no_family_decision
development,future_excess_return,ETHUSDT,run_intensity_zero,34942,365,-5.3980782445504535e-05,-0.5398078244550454,-0.0002965469468344013,0.00018858538194339226,0.6627124785766767,descriptive_no_family_decision
development,future_excess_return,SOLUSDT,run_intensity_up,34942,365,0.00014280830459756372,1.428083045975637,-3.618023894315424e-05,0.00032179684813828167,0.11786867952504386,descriptive_no_family_decision
development,future_excess_return,SOLUSDT,run_intensity_down,34942,365,-4.960992280955286e-05,-0.4960992280955286,-0.00024221184603892,0.0001429920004198143,0.6136693694689335,descriptive_no_family_decision
development,future_excess_return,SOLUSDT,run_intensity_zero,34942,365,-0.00030989783026384385,-3.0989783026384385,-0.0007310805305274299,0.00011128486999974218,0.14927348589751951,descriptive_no_family_decision
development,future_excess_return,XRPUSDT,run_intensity_up,34911,365,-0.00022398936188534074,-2.2398936188534075,-0.0006273751785304928,0.00017939645475981134,0.27645580042433215,descriptive_no_family_decision
development,future_excess_return,XRPUSDT,run_intensity_down,34911,365,0.00010145146079685583,1.0145146079685583,-0.0003166768182263004,0.000519579739820012,0.6343944819747653,descriptive_no_family_decision
development,future_excess_return,XRPUSDT,run_intensity_zero,34911,365,2.7064001485725002e-05,0.27064001485725003,-0.0005299487498369469,0.0005840767528083969,0.9241319365410695,descriptive_no_family_decision
development,future_excess_abs_return,ADAUSDT,run_intensity_up,33087,365,1.4627768029069562e-05,0.14627768029069563,-0.00033099002239772297,0.0003602455584558621,0.9338892197340504,descriptive_no_family_decision
development,future_excess_abs_return,ADAUSDT,run_intensity_down,33087,365,-0.00012894631409803738,-1.2894631409803738,-0.0005191055336282735,0.00026121290543219876,0.5171392030519955,descriptive_no_family_decision
development,future_excess_abs_return,ADAUSDT,run_intensity_zero,33087,365,0.0020743365597828333,20.743365597828333,-3.901780480526293e-05,0.00418769092437093,0.05438239740649052,descriptive_no_family_decision
development,future_excess_abs_return,AVAXUSDT,run_intensity_up,32621,365,-2.962306064498399e-05,-0.2962306064498399,-0.0003254337010946311,0.00026618757980466313,0.8443951964063696,descriptive_no_family_decision
development,future_excess_abs_return,AVAXUSDT,run_intensity_down,32621,365,0.00013895384699645218,1.3895384699645217,-0.00013523212493691557,0.00041313981892981993,0.32057157845714546,descriptive_no_family_decision
development,future_excess_abs_return,AVAXUSDT,run_intensity_zero,32621,365,0.00028496413111444365,2.8496413111444365,-0.0005732483870884912,0.0011431766493173786,0.5151795669417073,descriptive_no_family_decision
development,future_excess_abs_return,BTCUSDT,run_intensity_up,34942,365,0.00034456736785621223,3.4456736785621223,0.0002055743236499517,0.00048356041206247275,1.1809837828502185e-06,descriptive_no_family_decision
development,future_excess_abs_return,BTCUSDT,run_intensity_down,34942,365,0.00013188415645592772,1.3188415645592773,-9.668817187942263e-07,0.0002647351946306497,0.05169084835498866,descriptive_no_family_decision
development,future_excess_abs_return,BTCUSDT,run_intensity_zero,34942,365,-0.0006782622060318401,-6.782622060318402,-0.0009402989582204464,-0.000416225453843234,3.91144524981971e-07,descriptive_no_family_decision
development,future_excess_abs_return,DOGEUSDT,run_intensity_up,34942,365,-0.0003429592465606182,-3.429592465606182,-0.0005592685221648507,-0.00012664997095638574,0.0018865722206014824,descriptive_no_family_decision
development,future_excess_abs_return,DOGEUSDT,run_intensity_down,34942,365,-8.318109872109201e-05,-0.8318109872109202,-0.0002573190615774146,9.095686413523056e-05,0.34915840808460186,descriptive_no_family_decision
development,future_excess_abs_return,DOGEUSDT,run_intensity_zero,34942,365,0.0003143859242588771,3.143859242588771,-0.0002253597697608175,0.0008541316182785717,0.2536115373605923,descriptive_no_family_decision
development,future_excess_abs_return,ETHUSDT,run_intensity_up,34942,365,1.7222819041761258e-05,0.1722281904176126,-0.00017608182213200654,0.00021052746021552906,0.8613731566015956,descriptive_no_family_decision
development,future_excess_abs_return,ETHUSDT,run_intensity_down,34942,365,0.00016430387986975,1.6430387986975001,8.299594909536804e-06,0.0003203081648299632,0.03899533002867849,descriptive_no_family_decision
development,future_excess_abs_return,ETHUSDT,run_intensity_zero,34942,365,-0.000536091292776355,-5.360912927763549,-0.0008288681600749157,-0.00024331442547779412,0.00033219484022373023,descriptive_no_family_decision
development,future_excess_abs_return,SOLUSDT,run_intensity_up,34942,365,0.0003144848418292167,3.144848418292167,2.7391994340079603e-05,0.0006015776893183538,0.031795882773762385,descriptive_no_family_decision
development,future_excess_abs_return,SOLUSDT,run_intensity_down,34942,365,8.350618653443831e-05,0.8350618653443831,-0.00011143459198381175,0.0002784469650526884,0.4011417898422165,descriptive_no_family_decision
development,future_excess_abs_return,SOLUSDT,run_intensity_zero,34942,365,0.00046252465581285196,4.62524655812852,-0.00017255099636656488,0.0010976003079922688,0.153453435387795,descriptive_no_family_decision
development,future_excess_abs_return,XRPUSDT,run_intensity_up,34911,365,-0.00035927064609505893,-3.5927064609505894,-0.0006900469632812406,-2.849432890887724e-05,0.033270584973822015,descriptive_no_family_decision
development,future_excess_abs_return,XRPUSDT,run_intensity_down,34911,365,0.00014677490069265212,1.4677490069265213,-0.00016331160043474944,0.0004568614018200537,0.35355271346379,descriptive_no_family_decision
development,future_excess_abs_return,XRPUSDT,run_intensity_zero,34911,365,0.00167403066877627,16.7403066877627,0.0011887380198225947,0.002159323317729945,1.3708888715165082e-11,descriptive_no_family_decision
oos,construct_aggressor,ADAUSDT,run_intensity_up,33295,365,-0.04181899714108027,,-0.05495267082122933,-0.028685323460931205,4.3552988082634074e-10,descriptive_no_family_decision
oos,construct_aggressor,ADAUSDT,run_intensity_down,33295,365,0.04896537821528096,,0.035818649175918774,0.06211210725464314,2.878888217226048e-13,descriptive_no_family_decision
oos,construct_aggressor,ADAUSDT,run_intensity_zero,33295,365,0.008164604402508411,,-0.019854546815946304,0.036183755620963126,0.5679175055269057,descriptive_no_family_decision
oos,construct_aggressor,AVAXUSDT,run_intensity_up,24713,365,-0.023619956142092315,,-0.057475232620464445,0.010235320336279816,0.17149479631605624,descriptive_no_family_decision
oos,construct_aggressor,AVAXUSDT,run_intensity_down,24713,365,0.027000421931098122,,-0.008583492569371323,0.06258433643156756,0.13696602590660073,descriptive_no_family_decision
oos,construct_aggressor,AVAXUSDT,run_intensity_zero,24713,365,0.037167389854149954,,-0.007973860853278981,0.08230864056157888,0.10658141297813113,descriptive_no_family_decision
oos,construct_aggressor,BTCUSDT,run_intensity_up,35040,365,0.019419535960692166,,0.004890591657794803,0.03394848026358953,0.008800509541866133,descriptive_no_family_decision
oos,construct_aggressor,BTCUSDT,run_intensity_down,35040,365,-0.008553815289781528,,-0.023302387078139197,0.006194756498576143,0.25565044000165216,descriptive_no_family_decision
oos,construct_aggressor,BTCUSDT,run_intensity_zero,35040,365,-0.010997264729989886,,-0.030520395690741116,0.008525866230761342,0.2695774464043794,descriptive_no_family_decision
oos,construct_aggressor,DOGEUSDT,run_intensity_up,35033,365,0.0019062563985857049,,-0.007052633943902065,0.010865146741073474,0.6766509253106088,descriptive_no_family_decision
oos,construct_aggressor,DOGEUSDT,run_intensity_down,35033,365,-0.001875957459076976,,-0.010835704178315794,0.007083789260161843,0.681534730197785,descriptive_no_family_decision
oos,construct_aggressor,DOGEUSDT,run_intensity_zero,35033,365,0.007344303267674527,,-0.010504480474876501,0.025193087010225552,0.419969920613822,descriptive_no_family_decision
oos,construct_aggressor,ETHUSDT,run_intensity_up,35040,365,-0.041631418670013694,,-0.054749306828741566,-0.02851353051128582,4.964749365853401e-10,descriptive_no_family_decision
oos,construct_aggressor,ETHUSDT,run_intensity_down,35040,365,0.047805087761767354,,0.03516848508858797,0.06044169043494674,1.219271784761033e-13,descriptive_no_family_decision
oos,construct_aggressor,ETHUSDT,run_intensity_zero,35040,365,-0.012680859814813338,,-0.024156895870071138,-0.001204823759555539,0.03033160553949572,descriptive_no_family_decision
oos,construct_aggressor,SOLUSDT,run_intensity_up,35040,365,-0.041173166665584085,,-0.05115182266666282,-0.031194510664505348,6.112547924180808e-16,descriptive_no_family_decision
oos,construct_aggressor,SOLUSDT,run_intensity_down,35040,365,0.03879258250526912,,0.029628487140882356,0.04795667786965588,1.070123282908839e-16,descriptive_no_family_decision
oos,construct_aggressor,SOLUSDT,run_intensity_zero,35040,365,0.02201504936124641,,0.004647152350796747,0.03938294637169607,0.012977203734142965,descriptive_no_family_decision
oos,construct_aggressor,XRPUSDT,run_intensity_up,35040,365,0.0037369591326150008,,-0.0062600584533861175,0.013733976718616118,0.4637725142203072,descriptive_no_family_decision
oos,construct_aggressor,XRPUSDT,run_intensity_down,35040,365,0.007785397627764,,-0.001411729692496401,0.0169825249480244,0.09709246653162777,descriptive_no_family_decision
oos,construct_aggressor,XRPUSDT,run_intensity_zero,35040,365,0.011651201461749482,,-0.004996803910129372,0.028299206833628337,0.17015935005322436,descriptive_no_family_decision
oos,future_excess_return,ADAUSDT,run_intensity_up,33292,365,-0.000248670316059556,-2.4867031605955603,-0.0004786117103346031,-1.8728921784508912e-05,0.03403939451700042,descriptive_no_family_decision
oos,future_excess_return,ADAUSDT,run_intensity_down,33292,365,6.538054166611896e-05,0.6538054166611895,-0.00018971434730755523,0.0003204754306397931,0.615430746604491,descriptive_no_family_decision
oos,future_excess_return,ADAUSDT,run_intensity_zero,33292,365,0.0018268635115960006,18.268635115960006,-0.0016872680306993485,0.005340995053891349,0.30824530157678165,descriptive_no_family_decision
oos,future_excess_return,AVAXUSDT,run_intensity_up,24710,365,-2.6499433120855307e-05,-0.2649943312085531,-0.0005289862045499961,0.00047598733830828556,0.917675833072467,descriptive_no_family_decision
oos,future_excess_return,AVAXUSDT,run_intensity_down,24710,365,0.0007105245638453381,7.105245638453381,0.00013648509837977556,0.0012845640293109007,0.015267529852267158,descriptive_no_family_decision
oos,future_excess_return,AVAXUSDT,run_intensity_zero,24710,365,-0.001075495155329423,-10.75495155329423,-0.003872048909809403,0.001721058599150557,0.4509930433718149,descriptive_no_family_decision
oos,future_excess_return,BTCUSDT,run_intensity_up,35037,365,8.709456281701527e-05,0.8709456281701528,-0.00011190545049970771,0.00028609457613373824,0.39100292379068535,descriptive_no_family_decision
oos,future_excess_return,BTCUSDT,run_intensity_down,35037,365,-0.00015542224529262871,-1.5542224529262871,-0.0003555907998696085,4.474630928435108e-05,0.12805231877513085,descriptive_no_family_decision
oos,future_excess_return,BTCUSDT,run_intensity_zero,35037,365,5.38736223691875e-05,0.538736223691875,-0.0001980283163712726,0.0003057755611096476,0.6750900854011155,descriptive_no_family_decision
oos,future_excess_return,DOGEUSDT,run_intensity_up,35030,365,-0.00010635392970124258,-1.0635392970124258,-0.000245007584218382,3.229972481589686e-05,0.13273970421809542,descriptive_no_family_decision
oos,future_excess_return,DOGEUSDT,run_intensity_down,35030,365,6.714852929617671e-05,0.6714852929617672,-8.887470160277177e-05,0.0002231717601951252,0.3989377448951089,descriptive_no_family_decision
oos,future_excess_return,DOGEUSDT,run_intensity_zero,35030,365,-0.0002592562224278347,-2.592562224278347,-0.0005629059395846194,4.439349472894991e-05,0.09424506506753595,descriptive_no_family_decision
oos,future_excess_return,ETHUSDT,run_intensity_up,35037,365,-2.4289107353062065e-05,-0.24289107353062064,-0.0001403343459264002,9.175613122027608e-05,0.6816338391080299,descriptive_no_family_decision
oos,future_excess_return,ETHUSDT,run_intensity_down,35037,365,-6.786115159194111e-05,-0.6786115159194112,-0.00018089279362883386,4.5170490444951635e-05,0.2393114532693016,descriptive_no_family_decision
oos,future_excess_return,ETHUSDT,run_intensity_zero,35037,365,-1.5570495096900002e-05,-0.15570495096900003,-0.00017685340501044514,0.0001457124148166451,0.8499220578976954,descriptive_no_family_decision
oos,future_excess_return,SOLUSDT,run_intensity_up,35037,365,2.2492273863748777e-05,0.22492273863748777,-0.0001295797648134306,0.00017456431254092816,0.7719009786920262,descriptive_no_family_decision
oos,future_excess_return,SOLUSDT,run_intensity_down,35037,365,0.00012842189841686516,1.2842189841686515,-2.424563150329819e-05,0.0002810894283370285,0.09920999742331042,descriptive_no_family_decision
oos,future_excess_return,SOLUSDT,run_intensity_zero,35037,365,-0.0003041279079146937,-3.041279079146937,-0.0006938565392212563,8.560072339186889e-05,0.12614701946547505,descriptive_no_family_decision
oos,future_excess_return,XRPUSDT,run_intensity_up,35037,365,0.0001011400792383243,1.011400792383243,-2.8533875666631172e-05,0.00023081403414327976,0.1263420114473986,descriptive_no_family_decision
oos,future_excess_return,XRPUSDT,run_intensity_down,35037,365,-0.0001481663568944971,-1.4816635689449709,-0.00027287255885131235,-2.346015493768182e-05,0.019876073364399862,descriptive_no_family_decision
oos,future_excess_return,XRPUSDT,run_intensity_zero,35037,365,0.00030323363896623043,3.032336389662304,-0.0003605879206627478,0.0009670551985952087,0.370620646844926,descriptive_no_family_decision
oos,future_excess_abs_return,ADAUSDT,run_intensity_up,33292,365,8.289726046846992e-05,0.8289726046846991,-9.992155934622049e-05,0.0002657160802831603,0.37415092332096933,descriptive_no_family_decision
oos,future_excess_abs_return,ADAUSDT,run_intensity_down,33292,365,-0.0002042530134966283,-2.0425301349662828,-0.0005798601884592326,0.00017135416146597603,0.2865063290677349,descriptive_no_family_decision
oos,future_excess_abs_return,ADAUSDT,run_intensity_zero,33292,365,0.004397119529828912,43.971195298289125,-0.0014532221711045321,0.010247461230762357,0.1407214211619794,descriptive_no_family_decision
oos,future_excess_abs_return,AVAXUSDT,run_intensity_up,24710,365,-0.0001231393371046316,-1.2313933710463159,-0.0004925825711225442,0.00024630389691328097,0.5135778949352514,descriptive_no_family_decision
oos,future_excess_abs_return,AVAXUSDT,run_intensity_down,24710,365,-0.00023591980230802534,-2.3591980230802534,-0.000608734141911073,0.0001368945372950224,0.21487170181615822,descriptive_no_family_decision
oos,future_excess_abs_return,AVAXUSDT,run_intensity_zero,24710,365,0.00030190244951404095,3.0190244951404095,-0.0025011571261587115,0.003104962025186794,0.8328114529075069,descriptive_no_family_decision
oos,future_excess_abs_return,BTCUSDT,run_intensity_up,35037,365,-3.910522620723308e-05,-0.3910522620723308,-0.00021813961902309288,0.0001399291666086267,0.6685774571192543,descriptive_no_family_decision
oos,future_excess_abs_return,BTCUSDT,run_intensity_down,35037,365,-0.00012375398398043329,-1.237539839804333,-0.0003336375553383732,8.612958737750658e-05,0.24782161352451182,descriptive_no_family_decision
oos,future_excess_abs_return,BTCUSDT,run_intensity_zero,35037,365,0.0006008855725487675,6.008855725487675,0.00017726986998469705,0.001024501275112838,0.005433423482268604,descriptive_no_family_decision
oos,future_excess_abs_return,DOGEUSDT,run_intensity_up,35030,365,9.64487471269615e-05,0.964487471269615,-3.218262408867177e-05,0.0002250801183425948,0.14167136836797978,descriptive_no_family_decision
oos,future_excess_abs_return,DOGEUSDT,run_intensity_down,35030,365,2.544494493604145e-05,0.2544494493604145,-0.00011501887911529539,0.0001659087689873783,0.7225548273158408,descriptive_no_family_decision
oos,future_excess_abs_return,DOGEUSDT,run_intensity_zero,35030,365,0.0007182334098731872,7.1823340987318725,0.0003405377703244977,0.0010959290494218768,0.00019369115178059874,descriptive_no_family_decision
oos,future_excess_abs_return,ETHUSDT,run_intensity_up,35037,365,0.00010223284654447142,1.0223284654447142,-1.831794289855125e-05,0.0002227836359874941,0.09648402836133434,descriptive_no_family_decision
oos,future_excess_abs_return,ETHUSDT,run_intensity_down,35037,365,-8.752663766626206e-06,-0.08752663766626205,-0.00011899008911339814,0.00010148476158014573,0.8763342924990923,descriptive_no_family_decision
oos,future_excess_abs_return,ETHUSDT,run_intensity_zero,35037,365,-3.933764139554459e-05,-0.3933764139554459,-0.00020651657057121545,0.00012784128778012624,0.6446661145551791,descriptive_no_family_decision
oos,future_excess_abs_return,SOLUSDT,run_intensity_up,35037,365,0.000198982540506313,1.9898254050631299,9.401108244182753e-05,0.00030395399857079846,0.0002029768581048348,descriptive_no_family_decision
oos,future_excess_abs_return,SOLUSDT,run_intensity_down,35037,365,0.00015955993343522756,1.5955993343522756,3.654731306257768e-05,0.0002825725538078774,0.011013396185363206,descriptive_no_family_decision
oos,future_excess_abs_return,SOLUSDT,run_intensity_zero,35037,365,-0.0005876838533934312,-5.876838533934312,-0.0012585035637549984,8.313585696813602e-05,0.08596780256730117,descriptive_no_family_decision
oos,future_excess_abs_return,XRPUSDT,run_intensity_up,35037,365,7.008041215605907e-05,0.7008041215605907,-7.141556529706187e-05,0.00021157638960918,0.3316803067482723,descriptive_no_family_decision
oos,future_excess_abs_return,XRPUSDT,run_intensity_down,35037,365,-2.8117790828913157e-05,-0.2811779082891316,-0.00016494604977749608,0.00010871046811966977,0.6871199088080785,descriptive_no_family_decision
oos,future_excess_abs_return,XRPUSDT,run_intensity_zero,35037,365,1.7360950115605694e-05,0.17360950115605694,-0.0005617825391583702,0.0005965044393895816,0.9531482673157567,descriptive_no_family_decision
