path,size,sha256
configs/research/zero_run_mechanical_null_audit_v1.yaml,1684,9a0b43281750e6cf42d113247e886629945d02e1a88adc8332d418f3abde35b6
configs/research/zero_run_microstructure_v1.yaml,1398,1f8b0259314c76600e2f4c1367bf5ab69ded145b753bba57e2980a65ebb7a5c1
outputs/baseline/regression_results.csv,467,0cc3f631932456f5c5ddab088c757017a076b411568fd70bd786cbfe7262dc66
outputs/research_master_report_2026-07-20.md,15343,84e93e05b0b65997831b02c141f27d71884fb889717dfd9b36aa39e30668a94b
outputs/v2/cmc_dynamic_universe/factor_adjusted_convergence_v1/cmc_factor_adjusted_convergence_report.md,3514,da4af5945f2ee332e729920739b1c32899aa15fd0338012f4fc753b954d40473
outputs/v2/cmc_dynamic_universe/multifactor_convergence_v1/cmc_multifactor_convergence_report.md,2957,b3b4be61359996d36f0fe4c259be2ab2fc6196d56572e7d7f556377a3e811e8a
outputs/v2/cmc_dynamic_universe/replication_v1/cmc_dynamic_universe_report.md,4006,24faf1e8bc41500d366fb7d3d4f2e7f1bd34a7ace7316509e92cbd59bdd17e59
outputs/v2/cmc_dynamic_universe/structural_break_v1/cmc_scsad_structural_break_report.md,3872,b6fe8281e1dcc6d5b4adfdc5a4903c345c414cec2e7c5a88ef00aebe1cb89695
outputs/v2/cmc_dynamic_universe/structural_break_v1/selected_break_dates.csv,538,71ee916b124a369855b997f6579c6041a00de184ac4f57c2aef61ec04f886293
outputs/v2/cmc_fixed_62/replication_v1/cmc_fixed_62_replication_report.md,4167,6ecf1cfee2f77be2b62ecc4a6b139692c237ccfb4f5b2e189df86a0dbb13650b
outputs/v2/cmc_fixed_62/temporal_validation_v1/persistence_decision_summary.csv,225,ae28b2fd049d60049dfc576ea21f9d2d2ef3b9aace04127cb962d322375bf110
outputs/v2/csad_specification_audit_v1/csad_specification_audit_report_v1_1.md,6988,6d7627abc5e563bb82e68fac0599b8174f5d3c86825f4c53a5f9fffb75cd28bc
outputs/v2/csad_specification_audit_v1/empirical_vs_null.csv,76598,86628d7537641013992ac0a0dd2537ee5792e98e06cc5039a287b02837507a21
outputs/v2/csad_specification_audit_v1/false_positive_summary.csv,51661,26bc1a573bf09c8f21b743514d69b980f8b6f609ce9256fa4abbc236b0543193
outputs/v2/csad_specification_audit_v1/structural_robustness_decisions_v1_1.csv,2532,d0f8f84f1f7b11fa1e033b746ed5050869f68b117a30f642bc642bad8eaf0b4c
outputs/v2/final_research_completion_v1/empirical_null_group_comparison.csv,6039,7ef7f4a531595168fc4f3e62ccd7ce802622a85a334f02d2404303d6674add4f
outputs/v2/final_research_completion_v1/mechanical_null_audit_report.md,4315,5325f8ec744d5a7cc036b13970863572e1dd84d6ee733208380bc3d3a476ac2c
outputs/v2/final_research_completion_v1/mechanical_null_decisions.csv,383,65d990f9b2560f4eb933c3b230380c0bd2e6d091889eb4a0f21ebfd4798f06af
outputs/v2/final_research_completion_v1/mechanism_null_comparison.csv,1283,9fa3d8ac11023500fbbf7b84e6d9ac1bda78a5851d8fa5412f8a8549b801ce0f
outputs/v2/final_research_completion_v1/null_sampling_diagnostics.json,216,cd90df872d899fd92353efe3a661ddc07732d73a026c14624020d63973596a73
outputs/v2/frequency_sensitivity/frequency_sensitivity_summary.csv,4849,429c9a7cf47e7b4cbff737fd3186527c403f38f2dcfd5a3d156297e27bb66761
outputs/v2/tick/continuous_run_z_oos/continuous_run_z_oos_report.md,4625,c11f5db9a228b6aaba9328d67e3982aae66ba2f162a6951c6d612bca9d7e8f63
outputs/v2/tick/semantic_validation/confirmatory_2y/market_neutral_predictive_coefficients.csv,1316,3109ecb583ecce7adeda17aa875e17cd2e7008a2d27c8215d6afdb4628f29481
outputs/v2/tick/semantic_validation/confirmatory_2y/tick_raw_confirmatory_report.md,5965,1d3e72bc6f0af2a97acf870b8857713eba10cabcb326f53c1438c9124758a48f
outputs/v2/zero_run_microstructure_v1/family_decisions.csv,214,c5f15d15d6dbc055e800d3b993a41126542029e60bcc2d8244e7094d675e83d9
outputs/v2/zero_run_microstructure_v1/future_decisions.csv,5296,0592c9c1b50b99ada8dacf07514de579514334763a43b0df6b80af4f88cb4465
outputs/v2/zero_run_microstructure_v1/mechanism_decisions.csv,1458,12389d440beebb2bf22bca05e43d1f1540bcd491260be8330ce20d7ed9d08740
outputs/v2/zero_run_microstructure_v1/run_summary.json,238,7a4732671aafaad0fd69f2861a914b77cfeb840ea8c82a87cbc5cdd55d65ffe1
research_protocols/zero_run_mechanical_null_audit_v1.md,7221,6b9fe460f399976bde5908e766f3e727ad317b8bdaf8787beb6b18646d25a869
research_protocols/zero_run_mechanical_null_audit_v1.seal.json,497,22a852bc510a606d2fce32e80a4cb4c2bf50e3e054cd21577d0945b3a918fa48
research_protocols/zero_run_microstructure_v1.md,7537,8e3547048060663c2e8b414c90fb41a64dceb6096a36082af624f7085341ed07
scripts/run_zero_run_mechanical_null_audit.py,7774,8ba9d86c00fa425902c2ae9646d1613ddba02e8a320a4c4c9d5a094934da9cb4
scripts/verify_final_research_completion.py,13064,db0fdc8932be43d3fdf96e3f44ef20d151c4574f90b905e0236c43014d6cbfd5
src/final_research_reporting.py,34728,6ed115d18c87891ec1764568a6cc97cfb23445a18252f371c7ff3dd293c35167
src/zero_run_mechanical_null.py,29866,2dd5373d656033bc6edf05e71bbfe8b535d84fa2f34e790269d3533be497749c
tests/test_final_research_completion.py,1602,1a8ee972af3868882eb05471a06d80d1aeca94328ca219d81f9a364bf8ed7af6
tests/test_zero_run_mechanical_null.py,7435,407579aa5b6790719eea0bb9dcdeaf605a4419ad6d72be3ddbd2aff597fe52e2
