dataset_id,provider,sample,universe_type,weighting_class,frequency,model,dgp,scenario,empirical_standardized_coefficient,empirical_hac_p_value,null_repetitions,null_mean,null_std,null_ci_lower,null_median,null_ci_upper,empirical_percentile_in_null,negative_tail_monte_carlo_p,negative_tail_q_value_bh_fdr,more_negative_than_null_bh
cmc_fixed62_historical_current,coinmarketcap,historical,fixed_survivor_62,contemporaneous_size,daily,standard_csad,common_factor,n62_daily_current,-0.0220474391083685,0.686147070949662,300,0.13047119050991782,0.06721887141731353,-0.009388925697159805,0.13113437647869802,0.25187463621181616,0.01,0.013289036544850499,0.15946843853820597,False
cmc_fixed62_historical_current,coinmarketcap,historical,fixed_survivor_62,contemporaneous_size,daily,standard_csad,fat_tail_correlated,n62_daily_current,-0.0220474391083685,0.686147070949662,300,0.18187797566745184,0.058995428179425685,0.0630888445905174,0.1808679368305026,0.3011869679502023,0.0,0.0033222591362126247,0.07973421926910298,False
cmc_fixed62_historical_current,coinmarketcap,historical,fixed_survivor_62,contemporaneous_size,daily,standard_csad,heteroskedastic_factor,n62_daily_current,-0.0220474391083685,0.686147070949662,300,0.01126377390226848,0.07512294211460545,-0.11675388273860107,0.004630668188034674,0.1633856180882049,0.33666666666666667,0.3388704318936877,1.0,False
cmc_fixed62_historical_current,coinmarketcap,historical,fixed_survivor_62,contemporaneous_size,daily,standard_csad,independent_gaussian,n62_daily_current,-0.0220474391083685,0.686147070949662,300,0.10439000628806501,0.07868479499169494,-0.02776021616414885,0.09755300789772395,0.2785565323921754,0.03,0.03322259136212625,0.26578073089701,False
cmc_fixed62_historical_current,coinmarketcap,historical,fixed_survivor_62,contemporaneous_size,daily,no_intercept_csad,common_factor,n62_daily_current,-0.7001924503036808,0.0003757308062103293,300,-8.24346550212452,0.3272505617689454,-8.814250458521425,-8.259385168193598,-7.616801176862395,1.0,1.0,1.0,False
cmc_fixed62_historical_current,coinmarketcap,historical,fixed_survivor_62,contemporaneous_size,daily,no_intercept_csad,fat_tail_correlated,n62_daily_current,-0.7001924503036808,0.0003757308062103293,300,-4.749931764401411,0.7841884265303903,-5.977436382153969,-4.828926805444317,-3.0552777977765935,1.0,1.0,1.0,False
cmc_fixed62_historical_current,coinmarketcap,historical,fixed_survivor_62,contemporaneous_size,daily,no_intercept_csad,heteroskedastic_factor,n62_daily_current,-0.7001924503036808,0.0003757308062103293,300,-0.9040922504663024,0.1689228770860554,-1.2014823549458358,-0.913392533850512,-0.6063589476224994,0.8833333333333333,0.8837209302325582,1.0,False
cmc_fixed62_historical_current,coinmarketcap,historical,fixed_survivor_62,contemporaneous_size,daily,no_intercept_csad,independent_gaussian,n62_daily_current,-0.7001924503036808,0.0003757308062103293,300,-8.021174511604722,0.7291418723247949,-8.83070389305442,-8.175854520491066,-5.7466264248502705,1.0,1.0,1.0,False
cmc_fixed62_historical_current,coinmarketcap,historical,fixed_survivor_62,contemporaneous_size,daily,scsad,common_factor,n62_daily_current,-0.2035152921750805,3.816684486812547e-06,300,-0.5074307111929585,0.032522798919670956,-0.5653806654064456,-0.5090675171566688,-0.4390045027882974,1.0,1.0,1.0,False
cmc_fixed62_historical_current,coinmarketcap,historical,fixed_survivor_62,contemporaneous_size,daily,scsad,fat_tail_correlated,n62_daily_current,-0.2035152921750805,3.816684486812547e-06,300,-0.34019839390055234,0.04645543452804051,-0.4259931023814208,-0.33590139581848943,-0.2659772761711243,0.9933333333333333,0.9933554817275747,1.0,False
cmc_fixed62_historical_current,coinmarketcap,historical,fixed_survivor_62,contemporaneous_size,daily,scsad,heteroskedastic_factor,n62_daily_current,-0.2035152921750805,3.816684486812547e-06,300,-0.24512272857979758,0.04166628673087546,-0.32786534321734573,-0.2456894382352002,-0.16363933937577435,0.8666666666666667,0.867109634551495,1.0,False
cmc_fixed62_historical_current,coinmarketcap,historical,fixed_survivor_62,contemporaneous_size,daily,scsad,independent_gaussian,n62_daily_current,-0.2035152921750805,3.816684486812547e-06,300,-0.46747483154923125,0.06598299471798771,-0.556741648381698,-0.4797696331396189,-0.2892918814511419,1.0,1.0,1.0,False
cmc_fixed62_historical_current,coinmarketcap,historical,fixed_survivor_62,contemporaneous_size,weekly,standard_csad,common_factor,n62_weekly_current,-0.071394956409973,0.6301830810793702,300,0.13394311036266346,0.1516695749049294,-0.151968780404348,0.13655268568665302,0.4372514988710657,0.09,0.09302325581395349,0.44651162790697674,False
cmc_fixed62_historical_current,coinmarketcap,historical,fixed_survivor_62,contemporaneous_size,weekly,standard_csad,fat_tail_correlated,n62_weekly_current,-0.071394956409973,0.6301830810793702,300,0.15684533497950828,0.13411839091731612,-0.09205791165875696,0.15981889147182415,0.414478668771869,0.04666666666666667,0.04983388704318937,0.29900332225913623,False
cmc_fixed62_historical_current,coinmarketcap,historical,fixed_survivor_62,contemporaneous_size,weekly,standard_csad,heteroskedastic_factor,n62_weekly_current,-0.071394956409973,0.6301830810793702,300,0.011204423125362678,0.15767970100736087,-0.2683507895943323,0.01100668964444734,0.33051506942872716,0.3233333333333333,0.32558139534883723,1.0,False
cmc_fixed62_historical_current,coinmarketcap,historical,fixed_survivor_62,contemporaneous_size,weekly,standard_csad,independent_gaussian,n62_weekly_current,-0.071394956409973,0.6301830810793702,300,0.16862160923979785,0.1825412748524661,-0.19492589145519562,0.16889635562008887,0.5341483522514657,0.11,0.11295681063122924,0.45182724252491696,False
cmc_fixed62_historical_current,coinmarketcap,historical,fixed_survivor_62,contemporaneous_size,weekly,no_intercept_csad,common_factor,n62_weekly_current,-1.1808822990779921,3.738584837083297e-09,300,-8.384524570469718,0.6851739736440033,-9.621626995713978,-8.40405679007695,-6.98785013362201,1.0,1.0,1.0,False
cmc_fixed62_historical_current,coinmarketcap,historical,fixed_survivor_62,contemporaneous_size,weekly,no_intercept_csad,fat_tail_correlated,n62_weekly_current,-1.1808822990779921,3.738584837083297e-09,300,-5.721490971799467,0.8684708867782135,-7.375446069636042,-5.726220504928323,-4.059694613729916,1.0,1.0,1.0,False
cmc_fixed62_historical_current,coinmarketcap,historical,fixed_survivor_62,contemporaneous_size,weekly,no_intercept_csad,heteroskedastic_factor,n62_weekly_current,-1.1808822990779921,3.738584837083297e-09,300,-1.242394445587386,0.3409237618709518,-1.938762765217698,-1.2083284632074167,-0.6508087939271766,0.5433333333333333,0.5448504983388704,1.0,False
cmc_fixed62_historical_current,coinmarketcap,historical,fixed_survivor_62,contemporaneous_size,weekly,no_intercept_csad,independent_gaussian,n62_weekly_current,-1.1808822990779921,3.738584837083297e-09,300,-8.137641249095871,0.8370787297744418,-9.715728228672614,-8.215630477036026,-6.363619392745176,1.0,1.0,1.0,False
cmc_fixed62_historical_current,coinmarketcap,historical,fixed_survivor_62,contemporaneous_size,weekly,scsad,common_factor,n62_weekly_current,-0.3065980902015792,0.00028295594228256864,300,-0.5473664527518268,0.053489689476886176,-0.6470783741292013,-0.547631211741443,-0.44270251198467464,1.0,1.0,1.0,False
cmc_fixed62_historical_current,coinmarketcap,historical,fixed_survivor_62,contemporaneous_size,weekly,scsad,fat_tail_correlated,n62_weekly_current,-0.3065980902015792,0.00028295594228256864,300,-0.4779268443865268,0.061342954951862996,-0.5980342851574251,-0.4737900204201234,-0.3705008145229476,0.99,0.9900332225913622,1.0,False
cmc_fixed62_historical_current,coinmarketcap,historical,fixed_survivor_62,contemporaneous_size,weekly,scsad,heteroskedastic_factor,n62_weekly_current,-0.3065980902015792,0.00028295594228256864,300,-0.34696131734529234,0.06817939129337819,-0.4822746800708176,-0.3458367554618791,-0.20170987530580403,0.7866666666666666,0.7873754152823921,1.0,False
cmc_fixed62_historical_current,coinmarketcap,historical,fixed_survivor_62,contemporaneous_size,weekly,scsad,independent_gaussian,n62_weekly_current,-0.3065980902015792,0.00028295594228256864,300,-0.5177532728609878,0.06553902386171281,-0.6422957142394203,-0.5201052481845507,-0.389451212492242,1.0,1.0,1.0,False
cmc_fixed62_historical_lagged,coinmarketcap,historical,fixed_survivor_62,lagged_size,daily,standard_csad,common_factor,n62_daily_lagged,-0.02047353150791405,0.6997397684742879,300,0.12714411177411084,0.06999121313180598,-0.004714896496983283,0.13015107235080203,0.2564518071619698,0.0033333333333333335,0.006644518272425249,0.07973421926910298,False
cmc_fixed62_historical_lagged,coinmarketcap,historical,fixed_survivor_62,lagged_size,daily,standard_csad,fat_tail_correlated,n62_daily_lagged,-0.02047353150791405,0.6997397684742879,300,0.17071020671013612,0.057030087561395396,0.06222884747201288,0.1716422598534848,0.27821834522244593,0.0,0.0033222591362126247,0.07973421926910298,False
cmc_fixed62_historical_lagged,coinmarketcap,historical,fixed_survivor_62,lagged_size,daily,standard_csad,heteroskedastic_factor,n62_daily_lagged,-0.02047353150791405,0.6997397684742879,300,0.009353762045755158,0.0746665941430633,-0.13177717632102687,0.005749510024250769,0.16630895282202826,0.3233333333333333,0.32558139534883723,0.9767441860465117,False
cmc_fixed62_historical_lagged,coinmarketcap,historical,fixed_survivor_62,lagged_size,daily,standard_csad,independent_gaussian,n62_daily_lagged,-0.02047353150791405,0.6997397684742879,300,0.10057213332525448,0.07951545000603633,-0.037681475627560634,0.09566563328882086,0.29381403364134473,0.04,0.04318936877076412,0.20730897009966776,False
cmc_fixed62_historical_lagged,coinmarketcap,historical,fixed_survivor_62,lagged_size,daily,no_intercept_csad,common_factor,n62_daily_lagged,-0.7094793439339431,0.00037342576713548636,300,-8.26279972950419,0.3271000674475068,-8.885074363429199,-8.26641635520787,-7.556002759859524,1.0,1.0,1.0,False
cmc_fixed62_historical_lagged,coinmarketcap,historical,fixed_survivor_62,lagged_size,daily,no_intercept_csad,fat_tail_correlated,n62_daily_lagged,-0.7094793439339431,0.00037342576713548636,300,-4.899427197211402,0.7565076317483717,-6.177919781491978,-4.979395181893394,-3.2115702800353265,1.0,1.0,1.0,False
cmc_fixed62_historical_lagged,coinmarketcap,historical,fixed_survivor_62,lagged_size,daily,no_intercept_csad,heteroskedastic_factor,n62_daily_lagged,-0.7094793439339431,0.00037342576713548636,300,-0.9060456118919066,0.16305330420173614,-1.1904665503288618,-0.9315504669237669,-0.5882400978202004,0.8733333333333333,0.8737541528239202,1.0,False
cmc_fixed62_historical_lagged,coinmarketcap,historical,fixed_survivor_62,lagged_size,daily,no_intercept_csad,independent_gaussian,n62_daily_lagged,-0.7094793439339431,0.00037342576713548636,300,-7.965164499428626,0.7872076869228493,-8.884554849232286,-8.194334324207915,-5.966439228839889,1.0,1.0,1.0,False
cmc_fixed62_historical_lagged,coinmarketcap,historical,fixed_survivor_62,lagged_size,daily,scsad,common_factor,n62_daily_lagged,-0.19078734726398522,2.5560326372067416e-05,300,-0.5074218724591297,0.034999106115216505,-0.5600459523376565,-0.5114213219156114,-0.4250327690511326,1.0,1.0,1.0,False
cmc_fixed62_historical_lagged,coinmarketcap,historical,fixed_survivor_62,lagged_size,daily,scsad,fat_tail_correlated,n62_daily_lagged,-0.19078734726398522,2.5560326372067416e-05,300,-0.3454137835740214,0.05209266672807608,-0.43915000266591214,-0.34306459414864937,-0.2608407454761584,0.9966666666666667,0.9966777408637874,1.0,False
cmc_fixed62_historical_lagged,coinmarketcap,historical,fixed_survivor_62,lagged_size,daily,scsad,heteroskedastic_factor,n62_daily_lagged,-0.19078734726398522,2.5560326372067416e-05,300,-0.24801129911663802,0.03952849097952123,-0.3149320685167045,-0.24978154510900963,-0.1698244455604907,0.9233333333333333,0.9235880398671097,1.0,False
cmc_fixed62_historical_lagged,coinmarketcap,historical,fixed_survivor_62,lagged_size,daily,scsad,independent_gaussian,n62_daily_lagged,-0.19078734726398522,2.5560326372067416e-05,300,-0.46403895580133014,0.06609823389965018,-0.5544951188909397,-0.4834226752818872,-0.318008655138206,1.0,1.0,1.0,False
cmc_fixed62_historical_lagged,coinmarketcap,historical,fixed_survivor_62,lagged_size,weekly,standard_csad,common_factor,n62_weekly_lagged,-0.135009887910496,0.2740252580484266,300,0.1200314670651017,0.15882416516362188,-0.17827937621933704,0.113116673323982,0.465340793689959,0.05,0.053156146179401995,0.21262458471760795,False
cmc_fixed62_historical_lagged,coinmarketcap,historical,fixed_survivor_62,lagged_size,weekly,standard_csad,fat_tail_correlated,n62_weekly_lagged,-0.135009887910496,0.2740252580484266,300,0.19191407211974146,0.14314540190521352,-0.09350876574039091,0.19804538984573167,0.4476916015980864,0.01,0.013289036544850499,0.10631229235880398,False
cmc_fixed62_historical_lagged,coinmarketcap,historical,fixed_survivor_62,lagged_size,weekly,standard_csad,heteroskedastic_factor,n62_weekly_lagged,-0.135009887910496,0.2740252580484266,300,0.024916228436400296,0.16690444488107162,-0.30621880947816144,0.027467027530824032,0.347494001945097,0.16333333333333333,0.16611295681063123,0.56953013763645,False
cmc_fixed62_historical_lagged,coinmarketcap,historical,fixed_survivor_62,lagged_size,weekly,standard_csad,independent_gaussian,n62_weekly_lagged,-0.135009887910496,0.2740252580484266,300,0.18669416709473538,0.18016906829673937,-0.1748035376042675,0.19017692911945167,0.5171165122532851,0.03666666666666667,0.03986710963455149,0.20730897009966776,False
cmc_fixed62_historical_lagged,coinmarketcap,historical,fixed_survivor_62,lagged_size,weekly,no_intercept_csad,common_factor,n62_weekly_lagged,-1.202056983685641,8.827863968679532e-09,300,-8.390154237972231,0.7181224258292404,-9.534521071754657,-8.399046468602293,-7.026940019126348,1.0,1.0,1.0,False
cmc_fixed62_historical_lagged,coinmarketcap,historical,fixed_survivor_62,lagged_size,weekly,no_intercept_csad,fat_tail_correlated,n62_weekly_lagged,-1.202056983685641,8.827863968679532e-09,300,-5.7790669237471155,0.8710022443242667,-7.248975934177875,-5.880717949486527,-4.042910885296748,1.0,1.0,1.0,False
cmc_fixed62_historical_lagged,coinmarketcap,historical,fixed_survivor_62,lagged_size,weekly,no_intercept_csad,heteroskedastic_factor,n62_weekly_lagged,-1.202056983685641,8.827863968679532e-09,300,-1.2824333704543844,0.35513673367958887,-2.0287034183566055,-1.2682249827385834,-0.6253168578282183,0.5633333333333334,0.5647840531561462,1.0,False
cmc_fixed62_historical_lagged,coinmarketcap,historical,fixed_survivor_62,lagged_size,weekly,no_intercept_csad,independent_gaussian,n62_weekly_lagged,-1.202056983685641,8.827863968679532e-09,300,-8.198739049738204,0.8890048793557525,-9.850937136754439,-8.21623214698425,-6.259782280284673,1.0,1.0,1.0,False
cmc_fixed62_historical_lagged,coinmarketcap,historical,fixed_survivor_62,lagged_size,weekly,scsad,common_factor,n62_weekly_lagged,-0.30005275128369047,0.0010130340144583077,300,-0.549159089897154,0.05639655801976011,-0.6548856235871352,-0.5492029720466621,-0.43313621186693185,1.0,1.0,1.0,False
cmc_fixed62_historical_lagged,coinmarketcap,historical,fixed_survivor_62,lagged_size,weekly,scsad,fat_tail_correlated,n62_weekly_lagged,-0.30005275128369047,0.0010130340144583077,300,-0.48813831381145834,0.13730210554788774,-0.6452897105715241,-0.4777748548444647,-0.3762037035887017,0.9866666666666667,0.9867109634551495,1.0,False
cmc_fixed62_historical_lagged,coinmarketcap,historical,fixed_survivor_62,lagged_size,weekly,scsad,heteroskedastic_factor,n62_weekly_lagged,-0.30005275128369047,0.0010130340144583077,300,-0.35004953037478215,0.0693797984207149,-0.47139671834017455,-0.3510273050553398,-0.20738975094130235,0.8033333333333333,0.8039867109634552,1.0,False
cmc_fixed62_historical_lagged,coinmarketcap,historical,fixed_survivor_62,lagged_size,weekly,scsad,independent_gaussian,n62_weekly_lagged,-0.30005275128369047,0.0010130340144583077,300,-0.5236529982457294,0.06290971269290495,-0.6345749167175071,-0.5261652552527728,-0.41435677816370203,1.0,1.0,1.0,False
cmc_fixed62_holdout_current,coinmarketcap,temporal_holdout,fixed_survivor_62,contemporaneous_size,daily,standard_csad,common_factor,n62_holdout_daily_current,-0.03379855029881047,0.7427718063809544,300,0.1352815927411164,0.11382777915691035,-0.08683531579905931,0.1386006041496572,0.3492996443623362,0.07,0.07308970099667775,0.53156146179402,False
cmc_fixed62_holdout_current,coinmarketcap,temporal_holdout,fixed_survivor_62,contemporaneous_size,daily,standard_csad,fat_tail_correlated,n62_holdout_daily_current,-0.03379855029881047,0.7427718063809544,300,0.17774744999917824,0.08636409139558865,0.022151895187308406,0.17351838433355143,0.33135578788876574,0.0033333333333333335,0.006644518272425249,0.15946843853820597,False
cmc_fixed62_holdout_current,coinmarketcap,temporal_holdout,fixed_survivor_62,contemporaneous_size,daily,standard_csad,heteroskedastic_factor,n62_holdout_daily_current,-0.03379855029881047,0.7427718063809544,300,0.0007261739819919108,0.10074115236271679,-0.17487315670210157,-0.006119617972178814,0.20830511719587927,0.38333333333333336,0.3853820598006645,0.770764119601329,False
cmc_fixed62_holdout_current,coinmarketcap,temporal_holdout,fixed_survivor_62,contemporaneous_size,daily,standard_csad,independent_gaussian,n62_holdout_daily_current,-0.03379855029881047,0.7427718063809544,300,0.133519475876922,0.1300579233806333,-0.09671031215341298,0.13429990696119826,0.3956245291723087,0.1,0.10299003322259136,0.53156146179402,False
cmc_fixed62_holdout_current,coinmarketcap,temporal_holdout,fixed_survivor_62,contemporaneous_size,daily,no_intercept_csad,common_factor,n62_holdout_daily_current,-1.3027853053943497,8.544920725244955e-13,300,-8.252813362880717,0.5299508457683036,-9.160032763803208,-8.296516945351202,-7.102946913623307,1.0,1.0,1.0,False
cmc_fixed62_holdout_current,coinmarketcap,temporal_holdout,fixed_survivor_62,contemporaneous_size,daily,no_intercept_csad,fat_tail_correlated,n62_holdout_daily_current,-1.3027853053943497,8.544920725244955e-13,300,-5.299754778387283,0.8077094327526554,-6.6114882473833845,-5.363527863282014,-3.6455531784120256,1.0,1.0,1.0,False
cmc_fixed62_holdout_current,coinmarketcap,temporal_holdout,fixed_survivor_62,contemporaneous_size,daily,no_intercept_csad,heteroskedastic_factor,n62_holdout_daily_current,-1.3027853053943497,8.544920725244955e-13,300,-1.039746742606164,0.22434783986037213,-1.4666720286560553,-1.055144699480135,-0.5908630630568408,0.13333333333333333,0.1362126245847176,0.53156146179402,False
cmc_fixed62_holdout_current,coinmarketcap,temporal_holdout,fixed_survivor_62,contemporaneous_size,daily,no_intercept_csad,independent_gaussian,n62_holdout_daily_current,-1.3027853053943497,8.544920725244955e-13,300,-8.027939239526082,0.792687462936964,-9.193786430842191,-8.164820356055667,-6.23352386308246,1.0,1.0,1.0,False
cmc_fixed62_holdout_current,coinmarketcap,temporal_holdout,fixed_survivor_62,contemporaneous_size,daily,scsad,common_factor,n62_holdout_daily_current,-0.3454125607710437,4.991432490718081e-13,300,-0.5162593790827352,0.04963259543657133,-0.5997033450027888,-0.5202462567258095,-0.41554058722745546,0.9933333333333333,0.9933554817275747,1.0,False
cmc_fixed62_holdout_current,coinmarketcap,temporal_holdout,fixed_survivor_62,contemporaneous_size,daily,scsad,fat_tail_correlated,n62_holdout_daily_current,-0.3454125607710437,4.991432490718081e-13,300,-0.40775192751376416,0.059390053049734555,-0.5132886377712094,-0.40644668227557323,-0.3170029287340418,0.8866666666666667,0.8870431893687708,1.0,False
cmc_fixed62_holdout_current,coinmarketcap,temporal_holdout,fixed_survivor_62,contemporaneous_size,daily,scsad,heteroskedastic_factor,n62_holdout_daily_current,-0.3454125607710437,4.991432490718081e-13,300,-0.29119880724745206,0.048553206046898806,-0.3793605934312217,-0.2937637787083621,-0.19020335158952947,0.12,0.12292358803986711,0.53156146179402,False
cmc_fixed62_holdout_current,coinmarketcap,temporal_holdout,fixed_survivor_62,contemporaneous_size,daily,scsad,independent_gaussian,n62_holdout_daily_current,-0.3454125607710437,4.991432490718081e-13,300,-0.48615178589012686,0.06478496993900079,-0.5957321509060216,-0.4923132064643877,-0.3411509839229087,0.9733333333333334,0.973421926910299,1.0,False
cmc_fixed62_holdout_current,coinmarketcap,temporal_holdout,fixed_survivor_62,contemporaneous_size,weekly,standard_csad,common_factor,n62_holdout_weekly_current,-0.12268494946612266,0.44328305775301036,300,0.11241068086666632,0.27719986912242356,-0.4845330848882339,0.11488357873726363,0.6649278999253175,0.19333333333333333,0.19601328903654486,0.53156146179402,False
cmc_fixed62_holdout_current,coinmarketcap,temporal_holdout,fixed_survivor_62,contemporaneous_size,weekly,standard_csad,fat_tail_correlated,n62_holdout_weekly_current,-0.12268494946612266,0.44328305775301036,300,0.1721226439985612,0.2518544370699488,-0.24962129478908154,0.16975818844588375,0.7033225035320589,0.11666666666666667,0.11960132890365449,0.53156146179402,False
cmc_fixed62_holdout_current,coinmarketcap,temporal_holdout,fixed_survivor_62,contemporaneous_size,weekly,standard_csad,heteroskedastic_factor,n62_holdout_weekly_current,-0.12268494946612266,0.44328305775301036,300,0.06748676198865536,0.2506618887190298,-0.3861777704932852,0.06329709227609148,0.5658949363342741,0.24333333333333335,0.24584717607973422,0.5653881002718212,False
cmc_fixed62_holdout_current,coinmarketcap,temporal_holdout,fixed_survivor_62,contemporaneous_size,weekly,standard_csad,independent_gaussian,n62_holdout_weekly_current,-0.12268494946612266,0.44328305775301036,300,0.21135187380514306,0.3098099315998086,-0.34253025204582627,0.2552299503288855,0.8401821926978886,0.16666666666666666,0.16943521594684385,0.53156146179402,False
cmc_fixed62_holdout_current,coinmarketcap,temporal_holdout,fixed_survivor_62,contemporaneous_size,weekly,no_intercept_csad,common_factor,n62_holdout_weekly_current,-2.162821195803217,2.3020632632507647e-14,300,-8.620804996453622,1.123800610112444,-10.843651946598598,-8.581487035082034,-6.378731387632827,1.0,1.0,1.0,False
cmc_fixed62_holdout_current,coinmarketcap,temporal_holdout,fixed_survivor_62,contemporaneous_size,weekly,no_intercept_csad,fat_tail_correlated,n62_holdout_weekly_current,-2.162821195803217,2.3020632632507647e-14,300,-6.4120069356501235,1.0842496896244829,-8.61310026911523,-6.43205159496166,-4.383732623592624,0.9966666666666667,0.9966777408637874,1.0,False
cmc_fixed62_holdout_current,coinmarketcap,temporal_holdout,fixed_survivor_62,contemporaneous_size,weekly,no_intercept_csad,heteroskedastic_factor,n62_holdout_weekly_current,-2.162821195803217,2.3020632632507647e-14,300,-1.7665550765461406,0.5428748969197081,-2.992824428996727,-1.7270948523555987,-0.9418674557294157,0.19666666666666666,0.19933554817275748,0.53156146179402,False
cmc_fixed62_holdout_current,coinmarketcap,temporal_holdout,fixed_survivor_62,contemporaneous_size,weekly,no_intercept_csad,independent_gaussian,n62_holdout_weekly_current,-2.162821195803217,2.3020632632507647e-14,300,-8.437649128231623,1.1816147417266778,-10.681808518129328,-8.416556158150865,-6.043389537768623,1.0,1.0,1.0,False
cmc_fixed62_holdout_current,coinmarketcap,temporal_holdout,fixed_survivor_62,contemporaneous_size,weekly,scsad,common_factor,n62_holdout_weekly_current,-0.5032481190074128,3.4141775387550015e-09,300,-0.6012392418782421,0.0744375311013364,-0.7646608027422996,-0.5933309521008989,-0.46935028629076764,0.8966666666666666,0.8970099667774086,1.0,False
cmc_fixed62_holdout_current,coinmarketcap,temporal_holdout,fixed_survivor_62,contemporaneous_size,weekly,scsad,fat_tail_correlated,n62_holdout_weekly_current,-0.5032481190074128,3.4141775387550015e-09,300,-0.5871721972439443,0.14235033127572638,-0.8234131994326398,-0.5703380822393466,-0.36889711950008347,0.8133333333333334,0.813953488372093,1.0,False
cmc_fixed62_holdout_current,coinmarketcap,temporal_holdout,fixed_survivor_62,contemporaneous_size,weekly,scsad,heteroskedastic_factor,n62_holdout_weekly_current,-0.5032481190074128,3.4141775387550015e-09,300,-0.44166087262699166,0.1315710664971544,-0.6378958783126274,-0.44369594496874054,-0.2460930917506087,0.25666666666666665,0.2591362126245847,0.5653881002718212,False
cmc_fixed62_holdout_current,coinmarketcap,temporal_holdout,fixed_survivor_62,contemporaneous_size,weekly,scsad,independent_gaussian,n62_holdout_weekly_current,-0.5032481190074128,3.4141775387550015e-09,300,-0.5826853152521073,0.07466317967015687,-0.7352824283402285,-0.5801378391473246,-0.43377730025962374,0.85,0.8504983388704319,1.0,False
cmc_fixed62_holdout_lagged,coinmarketcap,temporal_holdout,fixed_survivor_62,lagged_size,daily,standard_csad,common_factor,n62_holdout_daily_lagged,-0.026299361987818425,0.80408935358705,300,0.1257080803209287,0.10719727270245487,-0.07647084215390805,0.12704344864600253,0.3387332851541593,0.07,0.07308970099667775,0.5182724252491694,False
cmc_fixed62_holdout_lagged,coinmarketcap,temporal_holdout,fixed_survivor_62,lagged_size,daily,standard_csad,fat_tail_correlated,n62_holdout_daily_lagged,-0.026299361987818425,0.80408935358705,300,0.18436285424171653,0.09998027298490421,0.0015900824167511944,0.1840119977529679,0.3372376451617012,0.01,0.013289036544850499,0.31893687707641194,False
cmc_fixed62_holdout_lagged,coinmarketcap,temporal_holdout,fixed_survivor_62,lagged_size,daily,standard_csad,heteroskedastic_factor,n62_holdout_daily_lagged,-0.026299361987818425,0.80408935358705,300,0.0024172934796161004,0.09446808416166502,-0.1677843957542676,-0.0018836042071323856,0.19474797492210438,0.3566666666666667,0.3588039867109635,0.7176079734219268,False
cmc_fixed62_holdout_lagged,coinmarketcap,temporal_holdout,fixed_survivor_62,lagged_size,daily,standard_csad,independent_gaussian,n62_holdout_daily_lagged,-0.026299361987818425,0.80408935358705,300,0.13088583320132446,0.1136999767590288,-0.07688896590434374,0.12857143080395067,0.3443979697083055,0.07666666666666666,0.07973421926910298,0.5182724252491694,False
cmc_fixed62_holdout_lagged,coinmarketcap,temporal_holdout,fixed_survivor_62,lagged_size,daily,no_intercept_csad,common_factor,n62_holdout_daily_lagged,-1.3032415910115218,2.50160352212543e-12,300,-8.318778812846565,0.49602382845334547,-9.252852699798758,-8.330345147056832,-7.22468034534714,1.0,1.0,1.0,False
cmc_fixed62_holdout_lagged,coinmarketcap,temporal_holdout,fixed_survivor_62,lagged_size,daily,no_intercept_csad,fat_tail_correlated,n62_holdout_daily_lagged,-1.3032415910115218,2.50160352212543e-12,300,-5.201632411746344,0.814721808819953,-6.450705443323153,-5.332368447299027,-3.5492310582834588,1.0,1.0,1.0,False
cmc_fixed62_holdout_lagged,coinmarketcap,temporal_holdout,fixed_survivor_62,lagged_size,daily,no_intercept_csad,heteroskedastic_factor,n62_holdout_daily_lagged,-1.3032415910115218,2.50160352212543e-12,300,-1.0364917218559264,0.23878192634631779,-1.4846569967849417,-1.0487924284696741,-0.5528825092901001,0.12,0.12292358803986711,0.5182724252491694,False
cmc_fixed62_holdout_lagged,coinmarketcap,temporal_holdout,fixed_survivor_62,lagged_size,daily,no_intercept_csad,independent_gaussian,n62_holdout_daily_lagged,-1.3032415910115218,2.50160352212543e-12,300,-7.925318181021894,0.767079133857504,-9.111303074659567,-8.068246163229901,-5.905720101983478,1.0,1.0,1.0,False
cmc_fixed62_holdout_lagged,coinmarketcap,temporal_holdout,fixed_survivor_62,lagged_size,daily,scsad,common_factor,n62_holdout_daily_lagged,-0.3474983495919018,2.3866635372036305e-12,300,-0.5219142568764511,0.044365892645465234,-0.5980274526263334,-0.5239657957324568,-0.4239903882563642,1.0,1.0,1.0,False
cmc_fixed62_holdout_lagged,coinmarketcap,temporal_holdout,fixed_survivor_62,lagged_size,daily,scsad,fat_tail_correlated,n62_holdout_daily_lagged,-0.3474983495919018,2.3866635372036305e-12,300,-0.40359513559057114,0.0486362978696235,-0.5007753222304577,-0.40195433780294254,-0.30842399228011025,0.8966666666666666,0.8970099667774086,1.0,False
cmc_fixed62_holdout_lagged,coinmarketcap,temporal_holdout,fixed_survivor_62,lagged_size,daily,scsad,heteroskedastic_factor,n62_holdout_daily_lagged,-0.3474983495919018,2.3866635372036305e-12,300,-0.2940529584062961,0.05064128613843133,-0.38580751565472987,-0.2953045836356396,-0.17329216716164758,0.13,0.132890365448505,0.5182724252491694,False
cmc_fixed62_holdout_lagged,coinmarketcap,temporal_holdout,fixed_survivor_62,lagged_size,daily,scsad,independent_gaussian,n62_holdout_daily_lagged,-0.3474983495919018,2.3866635372036305e-12,300,-0.4770020907473421,0.05951097565368835,-0.5820794650018346,-0.4825786069146018,-0.35475959523463246,0.9766666666666667,0.9767441860465116,1.0,False
cmc_fixed62_holdout_lagged,coinmarketcap,temporal_holdout,fixed_survivor_62,lagged_size,weekly,standard_csad,common_factor,n62_holdout_weekly_lagged,-0.08707893306672708,0.5828253954472444,300,0.14229886710741216,0.2915519348437447,-0.4321853053018438,0.1310478712222884,0.7223125989826322,0.17,0.17275747508305647,0.5182724252491694,False
cmc_fixed62_holdout_lagged,coinmarketcap,temporal_holdout,fixed_survivor_62,lagged_size,weekly,standard_csad,fat_tail_correlated,n62_holdout_weekly_lagged,-0.08707893306672708,0.5828253954472444,300,0.16972105729411882,0.25220109906349986,-0.3584479986415222,0.18196926270436875,0.6051618335344381,0.15333333333333332,0.15614617940199335,0.5182724252491694,False
cmc_fixed62_holdout_lagged,coinmarketcap,temporal_holdout,fixed_survivor_62,lagged_size,weekly,standard_csad,heteroskedastic_factor,n62_holdout_weekly_lagged,-0.08707893306672708,0.5828253954472444,300,0.07188130477005787,0.27585076206718984,-0.43708660974751684,0.04618752645375726,0.6343376915332561,0.27666666666666667,0.27906976744186046,0.6088794926004227,False
cmc_fixed62_holdout_lagged,coinmarketcap,temporal_holdout,fixed_survivor_62,lagged_size,weekly,standard_csad,independent_gaussian,n62_holdout_weekly_lagged,-0.08707893306672708,0.5828253954472444,300,0.21447073859810814,0.30391708612208773,-0.43409277096326115,0.1983903709342988,0.7718742291723325,0.15,0.15282392026578073,0.5182724252491694,False
cmc_fixed62_holdout_lagged,coinmarketcap,temporal_holdout,fixed_survivor_62,lagged_size,weekly,no_intercept_csad,common_factor,n62_holdout_weekly_lagged,-2.153179337203472,5.102107117534448e-15,300,-8.659626727256729,1.0691610305288985,-10.665168572412595,-8.758957316409916,-6.6122274993041525,1.0,1.0,1.0,False
cmc_fixed62_holdout_lagged,coinmarketcap,temporal_holdout,fixed_survivor_62,lagged_size,weekly,no_intercept_csad,fat_tail_correlated,n62_holdout_weekly_lagged,-2.153179337203472,5.102107117534448e-15,300,-6.40457846329207,1.0672102212374288,-8.309184574074626,-6.430082302952332,-4.571332551129291,0.9966666666666667,0.9966777408637874,1.0,False
cmc_fixed62_holdout_lagged,coinmarketcap,temporal_holdout,fixed_survivor_62,lagged_size,weekly,no_intercept_csad,heteroskedastic_factor,n62_holdout_weekly_lagged,-2.153179337203472,5.102107117534448e-15,300,-1.7569364341030083,0.5868528890876556,-2.995085310210871,-1.7348055729651755,-0.7162235997879238,0.22333333333333333,0.22591362126245848,0.5661129568106312,False
cmc_fixed62_holdout_lagged,coinmarketcap,temporal_holdout,fixed_survivor_62,lagged_size,weekly,no_intercept_csad,independent_gaussian,n62_holdout_weekly_lagged,-2.153179337203472,5.102107117534448e-15,300,-8.641043682918271,1.1947229361467446,-11.057471477885978,-8.59433723220394,-6.194783245245014,1.0,1.0,1.0,False
cmc_fixed62_holdout_lagged,coinmarketcap,temporal_holdout,fixed_survivor_62,lagged_size,weekly,scsad,common_factor,n62_holdout_weekly_lagged,-0.5110883790924305,2.293675290377166e-09,300,-0.6090693270887999,0.0734638515968948,-0.7600149222831298,-0.6098509953496271,-0.4656924424947718,0.9066666666666666,0.9069767441860465,1.0,False
cmc_fixed62_holdout_lagged,coinmarketcap,temporal_holdout,fixed_survivor_62,lagged_size,weekly,scsad,fat_tail_correlated,n62_holdout_weekly_lagged,-0.5110883790924305,2.293675290377166e-09,300,-0.5912629801458645,0.11334664830569025,-0.8360088054825103,-0.5792616106976989,-0.41158223610346334,0.8366666666666667,0.8372093023255814,1.0,False
cmc_fixed62_holdout_lagged,coinmarketcap,temporal_holdout,fixed_survivor_62,lagged_size,weekly,scsad,heteroskedastic_factor,n62_holdout_weekly_lagged,-0.5110883790924305,2.293675290377166e-09,300,-0.4445558375599372,0.09785015218899512,-0.625314528344196,-0.45169622836790096,-0.22979347354924537,0.23333333333333334,0.23588039867109634,0.5661129568106312,False
cmc_fixed62_holdout_lagged,coinmarketcap,temporal_holdout,fixed_survivor_62,lagged_size,weekly,scsad,independent_gaussian,n62_holdout_weekly_lagged,-0.5110883790924305,2.293675290377166e-09,300,-0.5865019484040342,0.07548226154527445,-0.722251246573302,-0.5907253199825198,-0.45026599733455724,0.83,0.8305647840531561,1.0,False
binance_fixed14_equal,binance,five_year,fixed_survivor_14,equal,daily,standard_csad,common_factor,n14_daily_equal,-0.08583631572681837,0.008094775308825299,300,0.06194088126179312,0.06918499714031319,-0.05962114831730013,0.0629266925739834,0.1942836673847451,0.0,0.0033222591362126247,0.07973421926910298,False
binance_fixed14_equal,binance,five_year,fixed_survivor_14,equal,daily,standard_csad,fat_tail_correlated,n14_daily_equal,-0.08583631572681837,0.008094775308825299,300,0.06274960824448367,0.06005930928913165,-0.047532047115302,0.06565714341066747,0.18282013272157643,0.01,0.013289036544850499,0.132890365448505,False
binance_fixed14_equal,binance,five_year,fixed_survivor_14,equal,daily,standard_csad,heteroskedastic_factor,n14_daily_equal,-0.08583631572681837,0.008094775308825299,300,0.0043389092336813114,0.08636316515520276,-0.15562354531683548,0.0042274467005284635,0.17374234347187387,0.15333333333333332,0.15614617940199335,0.5083056478405316,False
binance_fixed14_equal,binance,five_year,fixed_survivor_14,equal,daily,standard_csad,independent_gaussian,n14_daily_equal,-0.08583631572681837,0.008094775308825299,300,0.058284027185795395,0.0700999249646374,-0.06524416447306995,0.05229762567742923,0.2064810430695985,0.013333333333333334,0.016611295681063124,0.132890365448505,False
binance_fixed14_equal,binance,five_year,fixed_survivor_14,equal,daily,no_intercept_csad,common_factor,n14_daily_equal,-0.6122545895539803,7.662185581726686e-05,300,-3.872779337921073,0.16934771457670814,-4.155738596503518,-3.889389475887861,-3.537485662925658,1.0,1.0,1.0,False
binance_fixed14_equal,binance,five_year,fixed_survivor_14,equal,daily,no_intercept_csad,fat_tail_correlated,n14_daily_equal,-0.6122545895539803,7.662185581726686e-05,300,-2.2638251834352463,0.37309863103075697,-2.881134654485703,-2.2872640595005462,-1.496178969540482,1.0,1.0,1.0,False
binance_fixed14_equal,binance,five_year,fixed_survivor_14,equal,daily,no_intercept_csad,heteroskedastic_factor,n14_daily_equal,-0.6122545895539803,7.662185581726686e-05,300,-0.8711088346438749,0.1707256645203864,-1.1870682475307122,-0.8737926637521694,-0.5214295407011748,0.9233333333333333,0.9235880398671097,1.0,False
binance_fixed14_equal,binance,five_year,fixed_survivor_14,equal,daily,no_intercept_csad,independent_gaussian,n14_daily_equal,-0.6122545895539803,7.662185581726686e-05,300,-3.8987792704709014,0.17687236269971507,-4.268721415780893,-3.9093804001042827,-3.5153227055225464,1.0,1.0,1.0,False
binance_fixed14_equal,binance,five_year,fixed_survivor_14,equal,daily,scsad,common_factor,n14_daily_equal,-0.16621078052420218,0.0017324702839378347,300,-0.4991714121403955,0.033363400738236945,-0.5620396219154382,-0.5012310338950385,-0.4222700228996198,1.0,1.0,1.0,False
binance_fixed14_equal,binance,five_year,fixed_survivor_14,equal,daily,scsad,fat_tail_correlated,n14_daily_equal,-0.16621078052420218,0.0017324702839378347,300,-0.3423866960104643,0.04726966839202559,-0.4352908218176307,-0.34052120191814206,-0.2678973165419493,1.0,1.0,1.0,False
binance_fixed14_equal,binance,five_year,fixed_survivor_14,equal,daily,scsad,heteroskedastic_factor,n14_daily_equal,-0.16621078052420218,0.0017324702839378347,300,-0.2540775812608242,0.04411661197889943,-0.3376662055842317,-0.2544680745257951,-0.15937874521513162,0.9666666666666667,0.9667774086378738,1.0,False
binance_fixed14_equal,binance,five_year,fixed_survivor_14,equal,daily,scsad,independent_gaussian,n14_daily_equal,-0.16621078052420218,0.0017324702839378347,300,-0.5042353006540522,0.0333714715132204,-0.5650029516955315,-0.5050954672056662,-0.4320163268001089,1.0,1.0,1.0,False
binance_fixed14_equal,binance,five_year,fixed_survivor_14,equal,weekly,standard_csad,common_factor,n14_weekly_equal,-0.2056047441631461,0.012099358796311624,300,0.06866926279687562,0.1925750606883929,-0.30976832408939026,0.06557276483151159,0.4491263966194552,0.09333333333333334,0.09634551495016612,0.3853820598006645,False
binance_fixed14_equal,binance,five_year,fixed_survivor_14,equal,weekly,standard_csad,fat_tail_correlated,n14_weekly_equal,-0.2056047441631461,0.012099358796311624,300,0.0762131168783937,0.1934743009332481,-0.26745732400853656,0.07622201575519083,0.4114842021099414,0.06,0.06312292358803986,0.3787375415282392,False
binance_fixed14_equal,binance,five_year,fixed_survivor_14,equal,weekly,standard_csad,heteroskedastic_factor,n14_weekly_equal,-0.2056047441631461,0.012099358796311624,300,-0.0032537748186028987,0.19705695557050712,-0.3353826546902729,-0.007446482530669934,0.3907731392929795,0.16666666666666666,0.16943521594684385,0.5083056478405316,False
binance_fixed14_equal,binance,five_year,fixed_survivor_14,equal,weekly,standard_csad,independent_gaussian,n14_weekly_equal,-0.2056047441631461,0.012099358796311624,300,0.0649452485769491,0.19067399803624627,-0.3118264229087907,0.0590823241289507,0.38059432082197525,0.09333333333333334,0.09634551495016612,0.3853820598006645,False
binance_fixed14_equal,binance,five_year,fixed_survivor_14,equal,weekly,no_intercept_csad,common_factor,n14_weekly_equal,-0.6935925003371974,7.820752295090421e-12,300,-3.9990506033957134,0.3734368218462117,-4.66842004694206,-4.013218339526559,-3.2387658795801126,1.0,1.0,1.0,False
binance_fixed14_equal,binance,five_year,fixed_survivor_14,equal,weekly,no_intercept_csad,fat_tail_correlated,n14_weekly_equal,-0.6935925003371974,7.820752295090421e-12,300,-2.800891483811771,0.4586839448438448,-3.6199339389454113,-2.7996949319605147,-1.981295472907741,0.9966666666666667,0.9966777408637874,1.0,False
binance_fixed14_equal,binance,five_year,fixed_survivor_14,equal,weekly,no_intercept_csad,heteroskedastic_factor,n14_weekly_equal,-0.6935925003371974,7.820752295090421e-12,300,-1.2143077745729032,0.3350581869742509,-1.9348847473297037,-1.1938357297357638,-0.6617943503102963,0.9633333333333334,0.9634551495016611,1.0,False
binance_fixed14_equal,binance,five_year,fixed_survivor_14,equal,weekly,no_intercept_csad,independent_gaussian,n14_weekly_equal,-0.6935925003371974,7.820752295090421e-12,300,-4.024550386371577,0.38864503462329436,-4.780023671552392,-4.041580243720529,-3.284440303604687,1.0,1.0,1.0,False
binance_fixed14_equal,binance,five_year,fixed_survivor_14,equal,weekly,scsad,common_factor,n14_weekly_equal,-0.128595501294471,0.10750457780173618,300,-0.548649862776553,0.05903392295737376,-0.6472400698111482,-0.5537851839630044,-0.43281190331953445,1.0,1.0,1.0,False
binance_fixed14_equal,binance,five_year,fixed_survivor_14,equal,weekly,scsad,fat_tail_correlated,n14_weekly_equal,-0.128595501294471,0.10750457780173618,300,-0.48712530228532797,0.10793410428232156,-0.6541286985149818,-0.48353262522477314,-0.3207994277881092,0.99,0.9900332225913622,1.0,False
binance_fixed14_equal,binance,five_year,fixed_survivor_14,equal,weekly,scsad,heteroskedastic_factor,n14_weekly_equal,-0.128595501294471,0.10750457780173618,300,-0.3629620140625635,0.07394290851528271,-0.49576623526881175,-0.36524152023388157,-0.22352387457899422,0.9933333333333333,0.9933554817275747,1.0,False
binance_fixed14_equal,binance,five_year,fixed_survivor_14,equal,weekly,scsad,independent_gaussian,n14_weekly_equal,-0.128595501294471,0.10750457780173618,300,-0.5497337862268984,0.05683106064908277,-0.6542665968654519,-0.5501678283723426,-0.4371069290369652,1.0,1.0,1.0,False
binance_fixed14_lagged,binance,five_year,fixed_survivor_14,lagged_liquidity,daily,standard_csad,common_factor,n14_daily_lagged,0.11481124326147996,0.15882461081861632,300,0.07503225779544181,0.07178359100448253,-0.05591962171008601,0.07084772856243732,0.2232656055787424,0.7033333333333334,0.7043189368770764,1.0,False
binance_fixed14_lagged,binance,five_year,fixed_survivor_14,lagged_liquidity,daily,standard_csad,fat_tail_correlated,n14_daily_lagged,0.11481124326147996,0.15882461081861632,300,0.06286963297071385,0.07820526170073189,-0.0697243368652655,0.05361806438260888,0.22270420703308888,0.77,0.770764119601329,1.0,False
binance_fixed14_lagged,binance,five_year,fixed_survivor_14,lagged_liquidity,daily,standard_csad,heteroskedastic_factor,n14_daily_lagged,0.11481124326147996,0.15882461081861632,300,0.006455384223689558,0.08210912123159861,-0.14828841446467653,0.0003517508825898311,0.17615414860607428,0.9,0.9003322259136213,1.0,False
binance_fixed14_lagged,binance,five_year,fixed_survivor_14,lagged_liquidity,daily,standard_csad,independent_gaussian,n14_daily_lagged,0.11481124326147996,0.15882461081861632,300,0.161981244867375,0.08384718999985104,0.030362038327789588,0.15575212254644244,0.345523016456748,0.30333333333333334,0.30564784053156147,1.0,False
binance_fixed14_lagged,binance,five_year,fixed_survivor_14,lagged_liquidity,daily,no_intercept_csad,common_factor,n14_daily_lagged,-0.4769606371379955,0.0017570952116112068,300,-3.814926739671407,0.18583170802087,-4.148378289098402,-3.81572562718691,-3.424190964889488,1.0,1.0,1.0,False
binance_fixed14_lagged,binance,five_year,fixed_survivor_14,lagged_liquidity,daily,no_intercept_csad,fat_tail_correlated,n14_daily_lagged,-0.4769606371379955,0.0017570952116112068,300,-2.260351278357193,0.35040847265242553,-2.8483568300502364,-2.2762291542343607,-1.549329754986949,1.0,1.0,1.0,False
binance_fixed14_lagged,binance,five_year,fixed_survivor_14,lagged_liquidity,daily,no_intercept_csad,heteroskedastic_factor,n14_daily_lagged,-0.4769606371379955,0.0017570952116112068,300,-0.8649945812181613,0.16315070067287563,-1.1628277486769405,-0.873729377161125,-0.5429573370473565,0.99,0.9900332225913622,1.0,False
binance_fixed14_lagged,binance,five_year,fixed_survivor_14,lagged_liquidity,daily,no_intercept_csad,independent_gaussian,n14_daily_lagged,-0.4769606371379955,0.0017570952116112068,300,-3.6055339068357837,0.29640690822710514,-4.051458416417231,-3.660286906346113,-2.993967874097752,1.0,1.0,1.0,False
binance_fixed14_lagged,binance,five_year,fixed_survivor_14,lagged_liquidity,daily,scsad,common_factor,n14_daily_lagged,-0.11829673513084671,0.05069453557177021,300,-0.4950660969622524,0.035823786617195194,-0.5558462762573013,-0.4988553355258646,-0.4124416855399364,1.0,1.0,1.0,False
binance_fixed14_lagged,binance,five_year,fixed_survivor_14,lagged_liquidity,daily,scsad,fat_tail_correlated,n14_daily_lagged,-0.11829673513084671,0.05069453557177021,300,-0.34478723400624384,0.04967276591377283,-0.43598332996061534,-0.3430520233234542,-0.2606480229374286,1.0,1.0,1.0,False
binance_fixed14_lagged,binance,five_year,fixed_survivor_14,lagged_liquidity,daily,scsad,heteroskedastic_factor,n14_daily_lagged,-0.11829673513084671,0.05069453557177021,300,-0.2533216684610822,0.0391210377068409,-0.3230173236535741,-0.2539945760746291,-0.1697870383612285,1.0,1.0,1.0,False
binance_fixed14_lagged,binance,five_year,fixed_survivor_14,lagged_liquidity,daily,scsad,independent_gaussian,n14_daily_lagged,-0.11829673513084671,0.05069453557177021,300,-0.4567430411913602,0.05359333746569184,-0.5324845626677294,-0.4645774442544737,-0.33420325168200693,1.0,1.0,1.0,False
binance_fixed14_lagged,binance,five_year,fixed_survivor_14,lagged_liquidity,weekly,standard_csad,common_factor,n14_weekly_lagged,0.002749240410840212,0.9663716587067787,300,0.07832215818931641,0.20039413830283195,-0.29754941102943505,0.08418045905248034,0.49083023076622984,0.33666666666666667,0.3388704318936877,1.0,False
binance_fixed14_lagged,binance,five_year,fixed_survivor_14,lagged_liquidity,weekly,standard_csad,fat_tail_correlated,n14_weekly_lagged,0.002749240410840212,0.9663716587067787,300,0.07277008545583631,0.20053500631181378,-0.2617045647838891,0.044198906827858625,0.5272828572410986,0.39,0.3920265780730897,1.0,False
binance_fixed14_lagged,binance,five_year,fixed_survivor_14,lagged_liquidity,weekly,standard_csad,heteroskedastic_factor,n14_weekly_lagged,0.002749240410840212,0.9663716587067787,300,-0.01137921067657464,0.18500666892005588,-0.337950290482701,-0.02141892755124318,0.3610711354287607,0.5533333333333333,0.5548172757475083,1.0,False
binance_fixed14_lagged,binance,five_year,fixed_survivor_14,lagged_liquidity,weekly,standard_csad,independent_gaussian,n14_weekly_lagged,0.002749240410840212,0.9663716587067787,300,0.1959068851721406,0.20746439357275556,-0.21308019880407952,0.19351398002904555,0.6001311733816154,0.18,0.18272425249169436,1.0,False
binance_fixed14_lagged,binance,five_year,fixed_survivor_14,lagged_liquidity,weekly,no_intercept_csad,common_factor,n14_weekly_lagged,-0.6893798545672787,7.712284618671798e-06,300,-3.8807603507498643,0.42134657704725353,-4.710143936889614,-3.8832087933267,-3.046875061544895,1.0,1.0,1.0,False
binance_fixed14_lagged,binance,five_year,fixed_survivor_14,lagged_liquidity,weekly,no_intercept_csad,fat_tail_correlated,n14_weekly_lagged,-0.6893798545672787,7.712284618671798e-06,300,-2.7210997159874992,0.47236624151468215,-3.4930763543724814,-2.7363573669011614,-1.7079327656546595,0.9966666666666667,0.9966777408637874,1.0,False
binance_fixed14_lagged,binance,five_year,fixed_survivor_14,lagged_liquidity,weekly,no_intercept_csad,heteroskedastic_factor,n14_weekly_lagged,-0.6893798545672787,7.712284618671798e-06,300,-1.2323430402056563,0.3139378281010965,-1.8418226779576383,-1.2188060820317546,-0.6956976783493622,0.9733333333333334,0.973421926910299,1.0,False
binance_fixed14_lagged,binance,five_year,fixed_survivor_14,lagged_liquidity,weekly,no_intercept_csad,independent_gaussian,n14_weekly_lagged,-0.6893798545672787,7.712284618671798e-06,300,-3.7322534114296104,0.4869918817159539,-4.484105636534779,-3.791573008742315,-2.6906177408592202,1.0,1.0,1.0,False
binance_fixed14_lagged,binance,five_year,fixed_survivor_14,lagged_liquidity,weekly,scsad,common_factor,n14_weekly_lagged,-0.2362892203314821,0.0015965805218749944,300,-0.5371474774495701,0.06333945577565764,-0.660094356901554,-0.5384738882421437,-0.4143623301903956,1.0,1.0,1.0,False
binance_fixed14_lagged,binance,five_year,fixed_survivor_14,lagged_liquidity,weekly,scsad,fat_tail_correlated,n14_weekly_lagged,-0.2362892203314821,0.0015965805218749944,300,-0.4778567658129598,0.09017859757696192,-0.6287221619869614,-0.47822601443092017,-0.30341662672887754,0.9833333333333333,0.9833887043189369,1.0,False
binance_fixed14_lagged,binance,five_year,fixed_survivor_14,lagged_liquidity,weekly,scsad,heteroskedastic_factor,n14_weekly_lagged,-0.2362892203314821,0.0015965805218749944,300,-0.3686195894981053,0.0781599389259884,-0.5158570488734076,-0.36998026006068985,-0.20360498323308499,0.96,0.9601328903654485,1.0,False
binance_fixed14_lagged,binance,five_year,fixed_survivor_14,lagged_liquidity,weekly,scsad,independent_gaussian,n14_weekly_lagged,-0.2362892203314821,0.0015965805218749944,300,-0.5143847428255164,0.06824972866076197,-0.6356586532572359,-0.5168178825358682,-0.3724044044044151,1.0,1.0,1.0,False
okx_listing14_equal,okx,five_year,listing_aware_survivor_14,equal,daily,standard_csad,common_factor,n14_daily_equal,-0.07100460063991297,0.028950432093369612,300,0.06194088126179312,0.06918499714031319,-0.05962114831730013,0.0629266925739834,0.1942836673847451,0.013333333333333334,0.016611295681063124,0.21262458471760795,False
okx_listing14_equal,okx,five_year,listing_aware_survivor_14,equal,daily,standard_csad,fat_tail_correlated,n14_daily_equal,-0.07100460063991297,0.028950432093369612,300,0.06274960824448367,0.06005930928913165,-0.047532047115302,0.06565714341066747,0.18282013272157643,0.016666666666666666,0.019933554817275746,0.21262458471760795,False
okx_listing14_equal,okx,five_year,listing_aware_survivor_14,equal,daily,standard_csad,heteroskedastic_factor,n14_daily_equal,-0.07100460063991297,0.028950432093369612,300,0.0043389092336813114,0.08636316515520276,-0.15562354531683548,0.0042274467005284635,0.17374234347187387,0.18666666666666668,0.1893687707641196,0.5681063122923588,False
okx_listing14_equal,okx,five_year,listing_aware_survivor_14,equal,daily,standard_csad,independent_gaussian,n14_daily_equal,-0.07100460063991297,0.028950432093369612,300,0.058284027185795395,0.0700999249646374,-0.06524416447306995,0.05229762567742923,0.2064810430695985,0.023333333333333334,0.026578073089700997,0.21262458471760795,False
okx_listing14_equal,okx,five_year,listing_aware_survivor_14,equal,daily,no_intercept_csad,common_factor,n14_daily_equal,-0.5926891925381138,0.00012522554007909586,300,-3.872779337921073,0.16934771457670814,-4.155738596503518,-3.889389475887861,-3.537485662925658,1.0,1.0,1.0,False
okx_listing14_equal,okx,five_year,listing_aware_survivor_14,equal,daily,no_intercept_csad,fat_tail_correlated,n14_daily_equal,-0.5926891925381138,0.00012522554007909586,300,-2.2638251834352463,0.37309863103075697,-2.881134654485703,-2.2872640595005462,-1.496178969540482,1.0,1.0,1.0,False
okx_listing14_equal,okx,five_year,listing_aware_survivor_14,equal,daily,no_intercept_csad,heteroskedastic_factor,n14_daily_equal,-0.5926891925381138,0.00012522554007909586,300,-0.8711088346438749,0.1707256645203864,-1.1870682475307122,-0.8737926637521694,-0.5214295407011748,0.9366666666666666,0.9368770764119602,1.0,False
okx_listing14_equal,okx,five_year,listing_aware_survivor_14,equal,daily,no_intercept_csad,independent_gaussian,n14_daily_equal,-0.5926891925381138,0.00012522554007909586,300,-3.8987792704709014,0.17687236269971507,-4.268721415780893,-3.9093804001042827,-3.5153227055225464,1.0,1.0,1.0,False
okx_listing14_equal,okx,five_year,listing_aware_survivor_14,equal,daily,scsad,common_factor,n14_daily_equal,-0.1584054757232562,0.0029270194461104983,300,-0.4991714121403955,0.033363400738236945,-0.5620396219154382,-0.5012310338950385,-0.4222700228996198,1.0,1.0,1.0,False
okx_listing14_equal,okx,five_year,listing_aware_survivor_14,equal,daily,scsad,fat_tail_correlated,n14_daily_equal,-0.1584054757232562,0.0029270194461104983,300,-0.3423866960104643,0.04726966839202559,-0.4352908218176307,-0.34052120191814206,-0.2678973165419493,1.0,1.0,1.0,False
okx_listing14_equal,okx,five_year,listing_aware_survivor_14,equal,daily,scsad,heteroskedastic_factor,n14_daily_equal,-0.1584054757232562,0.0029270194461104983,300,-0.2540775812608242,0.04411661197889943,-0.3376662055842317,-0.2544680745257951,-0.15937874521513162,0.9733333333333334,0.973421926910299,1.0,False
okx_listing14_equal,okx,five_year,listing_aware_survivor_14,equal,daily,scsad,independent_gaussian,n14_daily_equal,-0.1584054757232562,0.0029270194461104983,300,-0.5042353006540522,0.0333714715132204,-0.5650029516955315,-0.5050954672056662,-0.4320163268001089,1.0,1.0,1.0,False
okx_listing14_equal,okx,five_year,listing_aware_survivor_14,equal,weekly,standard_csad,common_factor,n14_weekly_equal,-0.19023209015995898,0.03305291135939647,300,0.06866926279687562,0.1925750606883929,-0.30976832408939026,0.06557276483151159,0.4491263966194552,0.1,0.10299003322259136,0.4119601328903654,False
okx_listing14_equal,okx,five_year,listing_aware_survivor_14,equal,weekly,standard_csad,fat_tail_correlated,n14_weekly_equal,-0.19023209015995898,0.03305291135939647,300,0.0762131168783937,0.1934743009332481,-0.26745732400853656,0.07622201575519083,0.4114842021099414,0.06333333333333334,0.0664451827242525,0.398671096345515,False
okx_listing14_equal,okx,five_year,listing_aware_survivor_14,equal,weekly,standard_csad,heteroskedastic_factor,n14_weekly_equal,-0.19023209015995898,0.03305291135939647,300,-0.0032537748186028987,0.19705695557050712,-0.3353826546902729,-0.007446482530669934,0.3907731392929795,0.17333333333333334,0.1760797342192691,0.5681063122923588,False
okx_listing14_equal,okx,five_year,listing_aware_survivor_14,equal,weekly,standard_csad,independent_gaussian,n14_weekly_equal,-0.19023209015995898,0.03305291135939647,300,0.0649452485769491,0.19067399803624627,-0.3118264229087907,0.0590823241289507,0.38059432082197525,0.1,0.10299003322259136,0.4119601328903654,False
okx_listing14_equal,okx,five_year,listing_aware_survivor_14,equal,weekly,no_intercept_csad,common_factor,n14_weekly_equal,-0.6640612679380051,7.249136122683964e-12,300,-3.9990506033957134,0.3734368218462117,-4.66842004694206,-4.013218339526559,-3.2387658795801126,1.0,1.0,1.0,False
okx_listing14_equal,okx,five_year,listing_aware_survivor_14,equal,weekly,no_intercept_csad,fat_tail_correlated,n14_weekly_equal,-0.6640612679380051,7.249136122683964e-12,300,-2.800891483811771,0.4586839448438448,-3.6199339389454113,-2.7996949319605147,-1.981295472907741,0.9966666666666667,0.9966777408637874,1.0,False
okx_listing14_equal,okx,five_year,listing_aware_survivor_14,equal,weekly,no_intercept_csad,heteroskedastic_factor,n14_weekly_equal,-0.6640612679380051,7.249136122683964e-12,300,-1.2143077745729032,0.3350581869742509,-1.9348847473297037,-1.1938357297357638,-0.6617943503102963,0.9733333333333334,0.973421926910299,1.0,False
okx_listing14_equal,okx,five_year,listing_aware_survivor_14,equal,weekly,no_intercept_csad,independent_gaussian,n14_weekly_equal,-0.6640612679380051,7.249136122683964e-12,300,-4.024550386371577,0.38864503462329436,-4.780023671552392,-4.041580243720529,-3.284440303604687,1.0,1.0,1.0,False
okx_listing14_equal,okx,five_year,listing_aware_survivor_14,equal,weekly,scsad,common_factor,n14_weekly_equal,-0.13142114849955644,0.05922166285237538,300,-0.548649862776553,0.05903392295737376,-0.6472400698111482,-0.5537851839630044,-0.43281190331953445,1.0,1.0,1.0,False
okx_listing14_equal,okx,five_year,listing_aware_survivor_14,equal,weekly,scsad,fat_tail_correlated,n14_weekly_equal,-0.13142114849955644,0.05922166285237538,300,-0.48712530228532797,0.10793410428232156,-0.6541286985149818,-0.48353262522477314,-0.3207994277881092,0.99,0.9900332225913622,1.0,False
okx_listing14_equal,okx,five_year,listing_aware_survivor_14,equal,weekly,scsad,heteroskedastic_factor,n14_weekly_equal,-0.13142114849955644,0.05922166285237538,300,-0.3629620140625635,0.07394290851528271,-0.49576623526881175,-0.36524152023388157,-0.22352387457899422,0.9933333333333333,0.9933554817275747,1.0,False
okx_listing14_equal,okx,five_year,listing_aware_survivor_14,equal,weekly,scsad,independent_gaussian,n14_weekly_equal,-0.13142114849955644,0.05922166285237538,300,-0.5497337862268984,0.05683106064908277,-0.6542665968654519,-0.5501678283723426,-0.4371069290369652,1.0,1.0,1.0,False
okx_listing14_lagged,okx,five_year,listing_aware_survivor_14,lagged_liquidity,daily,standard_csad,common_factor,n14_daily_lagged,0.36807394222133094,0.23085740442917968,300,0.07503225779544181,0.07178359100448253,-0.05591962171008601,0.07084772856243732,0.2232656055787424,1.0,1.0,1.0,False
okx_listing14_lagged,okx,five_year,listing_aware_survivor_14,lagged_liquidity,daily,standard_csad,fat_tail_correlated,n14_daily_lagged,0.36807394222133094,0.23085740442917968,300,0.06286963297071385,0.07820526170073189,-0.0697243368652655,0.05361806438260888,0.22270420703308888,0.9966666666666667,0.9966777408637874,1.0,False
okx_listing14_lagged,okx,five_year,listing_aware_survivor_14,lagged_liquidity,daily,standard_csad,heteroskedastic_factor,n14_daily_lagged,0.36807394222133094,0.23085740442917968,300,0.006455384223689558,0.08210912123159861,-0.14828841446467653,0.0003517508825898311,0.17615414860607428,1.0,1.0,1.0,False
okx_listing14_lagged,okx,five_year,listing_aware_survivor_14,lagged_liquidity,daily,standard_csad,independent_gaussian,n14_daily_lagged,0.36807394222133094,0.23085740442917968,300,0.161981244867375,0.08384718999985104,0.030362038327789588,0.15575212254644244,0.345523016456748,0.98,0.9800664451827242,1.0,False
okx_listing14_lagged,okx,five_year,listing_aware_survivor_14,lagged_liquidity,daily,no_intercept_csad,common_factor,n14_daily_lagged,-0.14287525782260352,0.5738250876434596,300,-3.814926739671407,0.18583170802087,-4.148378289098402,-3.81572562718691,-3.424190964889488,1.0,1.0,1.0,False
okx_listing14_lagged,okx,five_year,listing_aware_survivor_14,lagged_liquidity,daily,no_intercept_csad,fat_tail_correlated,n14_daily_lagged,-0.14287525782260352,0.5738250876434596,300,-2.260351278357193,0.35040847265242553,-2.8483568300502364,-2.2762291542343607,-1.549329754986949,1.0,1.0,1.0,False
okx_listing14_lagged,okx,five_year,listing_aware_survivor_14,lagged_liquidity,daily,no_intercept_csad,heteroskedastic_factor,n14_daily_lagged,-0.14287525782260352,0.5738250876434596,300,-0.8649945812181613,0.16315070067287563,-1.1628277486769405,-0.873729377161125,-0.5429573370473565,1.0,1.0,1.0,False
okx_listing14_lagged,okx,five_year,listing_aware_survivor_14,lagged_liquidity,daily,no_intercept_csad,independent_gaussian,n14_daily_lagged,-0.14287525782260352,0.5738250876434596,300,-3.6055339068357837,0.29640690822710514,-4.051458416417231,-3.660286906346113,-2.993967874097752,1.0,1.0,1.0,False
okx_listing14_lagged,okx,five_year,listing_aware_survivor_14,lagged_liquidity,daily,scsad,common_factor,n14_daily_lagged,0.0384791052758319,0.6106771730832683,300,-0.4950660969622524,0.035823786617195194,-0.5558462762573013,-0.4988553355258646,-0.4124416855399364,1.0,1.0,1.0,False
okx_listing14_lagged,okx,five_year,listing_aware_survivor_14,lagged_liquidity,daily,scsad,fat_tail_correlated,n14_daily_lagged,0.0384791052758319,0.6106771730832683,300,-0.34478723400624384,0.04967276591377283,-0.43598332996061534,-0.3430520233234542,-0.2606480229374286,1.0,1.0,1.0,False
okx_listing14_lagged,okx,five_year,listing_aware_survivor_14,lagged_liquidity,daily,scsad,heteroskedastic_factor,n14_daily_lagged,0.0384791052758319,0.6106771730832683,300,-0.2533216684610822,0.0391210377068409,-0.3230173236535741,-0.2539945760746291,-0.1697870383612285,1.0,1.0,1.0,False
okx_listing14_lagged,okx,five_year,listing_aware_survivor_14,lagged_liquidity,daily,scsad,independent_gaussian,n14_daily_lagged,0.0384791052758319,0.6106771730832683,300,-0.4567430411913602,0.05359333746569184,-0.5324845626677294,-0.4645774442544737,-0.33420325168200693,1.0,1.0,1.0,False
okx_listing14_lagged,okx,five_year,listing_aware_survivor_14,lagged_liquidity,weekly,standard_csad,common_factor,n14_weekly_lagged,-0.02607380206686921,0.809073692528955,300,0.07832215818931641,0.20039413830283195,-0.29754941102943505,0.08418045905248034,0.49083023076622984,0.29,0.292358803986711,1.0,False
okx_listing14_lagged,okx,five_year,listing_aware_survivor_14,lagged_liquidity,weekly,standard_csad,fat_tail_correlated,n14_weekly_lagged,-0.02607380206686921,0.809073692528955,300,0.07277008545583631,0.20053500631181378,-0.2617045647838891,0.044198906827858625,0.5272828572410986,0.3,0.3023255813953488,1.0,False
okx_listing14_lagged,okx,five_year,listing_aware_survivor_14,lagged_liquidity,weekly,standard_csad,heteroskedastic_factor,n14_weekly_lagged,-0.02607380206686921,0.809073692528955,300,-0.01137921067657464,0.18500666892005588,-0.337950290482701,-0.02141892755124318,0.3610711354287607,0.49,0.49169435215946844,1.0,False
okx_listing14_lagged,okx,five_year,listing_aware_survivor_14,lagged_liquidity,weekly,standard_csad,independent_gaussian,n14_weekly_lagged,-0.02607380206686921,0.809073692528955,300,0.1959068851721406,0.20746439357275556,-0.21308019880407952,0.19351398002904555,0.6001311733816154,0.15,0.15282392026578073,1.0,False
okx_listing14_lagged,okx,five_year,listing_aware_survivor_14,lagged_liquidity,weekly,no_intercept_csad,common_factor,n14_weekly_lagged,-0.6141185971627477,6.181370951173482e-10,300,-3.8807603507498643,0.42134657704725353,-4.710143936889614,-3.8832087933267,-3.046875061544895,1.0,1.0,1.0,False
okx_listing14_lagged,okx,five_year,listing_aware_survivor_14,lagged_liquidity,weekly,no_intercept_csad,fat_tail_correlated,n14_weekly_lagged,-0.6141185971627477,6.181370951173482e-10,300,-2.7210997159874992,0.47236624151468215,-3.4930763543724814,-2.7363573669011614,-1.7079327656546595,0.9966666666666667,0.9966777408637874,1.0,False
okx_listing14_lagged,okx,five_year,listing_aware_survivor_14,lagged_liquidity,weekly,no_intercept_csad,heteroskedastic_factor,n14_weekly_lagged,-0.6141185971627477,6.181370951173482e-10,300,-1.2323430402056563,0.3139378281010965,-1.8418226779576383,-1.2188060820317546,-0.6956976783493622,0.98,0.9800664451827242,1.0,False
okx_listing14_lagged,okx,five_year,listing_aware_survivor_14,lagged_liquidity,weekly,no_intercept_csad,independent_gaussian,n14_weekly_lagged,-0.6141185971627477,6.181370951173482e-10,300,-3.7322534114296104,0.4869918817159539,-4.484105636534779,-3.791573008742315,-2.6906177408592202,1.0,1.0,1.0,False
okx_listing14_lagged,okx,five_year,listing_aware_survivor_14,lagged_liquidity,weekly,scsad,common_factor,n14_weekly_lagged,-0.16738965948654297,0.020657659372631546,300,-0.5371474774495701,0.06333945577565764,-0.660094356901554,-0.5384738882421437,-0.4143623301903956,1.0,1.0,1.0,False
okx_listing14_lagged,okx,five_year,listing_aware_survivor_14,lagged_liquidity,weekly,scsad,fat_tail_correlated,n14_weekly_lagged,-0.16738965948654297,0.020657659372631546,300,-0.4778567658129598,0.09017859757696192,-0.6287221619869614,-0.47822601443092017,-0.30341662672887754,0.9966666666666667,0.9966777408637874,1.0,False
okx_listing14_lagged,okx,five_year,listing_aware_survivor_14,lagged_liquidity,weekly,scsad,heteroskedastic_factor,n14_weekly_lagged,-0.16738965948654297,0.020657659372631546,300,-0.3686195894981053,0.0781599389259884,-0.5158570488734076,-0.36998026006068985,-0.20360498323308499,0.98,0.9800664451827242,1.0,False
okx_listing14_lagged,okx,five_year,listing_aware_survivor_14,lagged_liquidity,weekly,scsad,independent_gaussian,n14_weekly_lagged,-0.16738965948654297,0.020657659372631546,300,-0.5143847428255164,0.06824972866076197,-0.6356586532572359,-0.5168178825358682,-0.3724044044044151,1.0,1.0,1.0,False
binance_pit50_equal,binance_archive,five_year,point_in_time_top50,equal,daily,standard_csad,common_factor,n50_daily_equal,0.11522259666594144,0.5993915823881213,300,0.12323061936451414,0.07390031269118616,-0.02610667389985386,0.1266333395423082,0.26511971782911486,0.4633333333333333,0.46511627906976744,1.0,False
binance_pit50_equal,binance_archive,five_year,point_in_time_top50,equal,daily,standard_csad,fat_tail_correlated,n50_daily_equal,0.11522259666594144,0.5993915823881213,300,0.1678957169924059,0.062061882607853995,0.0454034481760823,0.1730718472448326,0.2893401105792548,0.19666666666666666,0.19933554817275748,1.0,False
binance_pit50_equal,binance_archive,five_year,point_in_time_top50,equal,daily,standard_csad,heteroskedastic_factor,n50_daily_equal,0.11522259666594144,0.5993915823881213,300,0.016872287852493985,0.08299527006674835,-0.11569045208373477,0.005867336644965339,0.18752178109107642,0.8733333333333333,0.8737541528239202,1.0,False
binance_pit50_equal,binance_archive,five_year,point_in_time_top50,equal,daily,standard_csad,independent_gaussian,n50_daily_equal,0.11522259666594144,0.5993915823881213,300,0.03589290270048136,0.06728581846231213,-0.0894539645749135,0.03620040838413453,0.1831397700956662,0.9066666666666666,0.9069767441860465,1.0,False
binance_pit50_equal,binance_archive,five_year,point_in_time_top50,equal,daily,no_intercept_csad,common_factor,n50_daily_equal,-0.7363607252206599,4.555376851143034e-05,300,-7.475819480394509,0.3205997209656388,-8.073812814479853,-7.47923410234639,-6.794638934369006,1.0,1.0,1.0,False
binance_pit50_equal,binance_archive,five_year,point_in_time_top50,equal,daily,no_intercept_csad,fat_tail_correlated,n50_daily_equal,-0.7363607252206599,4.555376851143034e-05,300,-4.479969978749544,0.7152325449049401,-5.548074501133762,-4.565906535184027,-2.9187211272184874,1.0,1.0,1.0,False
binance_pit50_equal,binance_archive,five_year,point_in_time_top50,equal,daily,no_intercept_csad,heteroskedastic_factor,n50_daily_equal,-0.7363607252206599,4.555376851143034e-05,300,-0.9039550264653375,0.17472061462040117,-1.2435673161912033,-0.9166099919366443,-0.5762398600764458,0.8266666666666667,0.8272425249169435,1.0,False
binance_pit50_equal,binance_archive,five_year,point_in_time_top50,equal,daily,no_intercept_csad,independent_gaussian,n50_daily_equal,-0.7363607252206599,4.555376851143034e-05,300,-7.6460531421475855,0.29371122277967293,-8.220050027400754,-7.665216127471532,-7.114739724575142,1.0,1.0,1.0,False
binance_pit50_equal,binance_archive,five_year,point_in_time_top50,equal,daily,scsad,common_factor,n50_daily_equal,-0.22551069101103308,6.399218842796319e-15,300,-0.5086573335558543,0.033537294333138706,-0.5607052367304259,-0.5125161799625599,-0.4390992199234704,1.0,1.0,1.0,False
binance_pit50_equal,binance_archive,five_year,point_in_time_top50,equal,daily,scsad,fat_tail_correlated,n50_daily_equal,-0.22551069101103308,6.399218842796319e-15,300,-0.3597945447105348,0.054335589545985566,-0.4548366129400355,-0.35579736813705337,-0.27454996681935195,1.0,1.0,1.0,False
binance_pit50_equal,binance_archive,five_year,point_in_time_top50,equal,daily,scsad,heteroskedastic_factor,n50_daily_equal,-0.22551069101103308,6.399218842796319e-15,300,-0.25297961020938714,0.03868051265167838,-0.3148944753797662,-0.25500048120959584,-0.1783916431566398,0.7566666666666667,0.7574750830564784,1.0,False
binance_pit50_equal,binance_archive,five_year,point_in_time_top50,equal,daily,scsad,independent_gaussian,n50_daily_equal,-0.22551069101103308,6.399218842796319e-15,300,-0.5194571679919833,0.03336861100172943,-0.5767753116961263,-0.5208158225321765,-0.4579614257805485,1.0,1.0,1.0,False
binance_pit50_equal,binance_archive,five_year,point_in_time_top50,equal,weekly,standard_csad,common_factor,n50_weekly_equal,0.4430333104263759,0.42024227072786713,300,0.1107422959423209,0.18883252286108862,-0.2553726204304058,0.1077106980619193,0.4599982162313955,0.9566666666666667,0.9568106312292359,1.0,False
binance_pit50_equal,binance_archive,five_year,point_in_time_top50,equal,weekly,standard_csad,fat_tail_correlated,n50_weekly_equal,0.4430333104263759,0.42024227072786713,300,0.16426437749064499,0.1734905227749803,-0.19426766426527609,0.16488430100449564,0.495595573908252,0.9533333333333334,0.9534883720930233,1.0,False
binance_pit50_equal,binance_archive,five_year,point_in_time_top50,equal,weekly,standard_csad,heteroskedastic_factor,n50_weekly_equal,0.4430333104263759,0.42024227072786713,300,0.0149548731460752,0.1758030855649586,-0.3276722506620367,0.005775009387661654,0.3835521235065803,0.9833333333333333,0.9833887043189369,1.0,False
binance_pit50_equal,binance_archive,five_year,point_in_time_top50,equal,weekly,standard_csad,independent_gaussian,n50_weekly_equal,0.4430333104263759,0.42024227072786713,300,0.024913993403261673,0.1741016386615303,-0.3069689079644037,0.02093583567778122,0.37439089406594706,0.9933333333333333,0.9933554817275747,1.0,False
binance_pit50_equal,binance_archive,five_year,point_in_time_top50,equal,weekly,no_intercept_csad,common_factor,n50_weekly_equal,-0.5090136340658922,0.22426800924928125,300,-7.748468770933241,0.6647729572514853,-9.176329876559143,-7.677678886680997,-6.524396165116682,1.0,1.0,1.0,False
binance_pit50_equal,binance_archive,five_year,point_in_time_top50,equal,weekly,no_intercept_csad,fat_tail_correlated,n50_weekly_equal,-0.5090136340658922,0.22426800924928125,300,-5.457998220977303,0.8088498124035803,-7.0314888915422875,-5.479645286990687,-3.999225731256008,1.0,1.0,1.0,False
binance_pit50_equal,binance_archive,five_year,point_in_time_top50,equal,weekly,no_intercept_csad,heteroskedastic_factor,n50_weekly_equal,-0.5090136340658922,0.22426800924928125,300,-1.3496387959197662,0.35502812825805646,-2.06259372497032,-1.3154087185050436,-0.753987544080575,1.0,1.0,1.0,False
binance_pit50_equal,binance_archive,five_year,point_in_time_top50,equal,weekly,no_intercept_csad,independent_gaussian,n50_weekly_equal,-0.5090136340658922,0.22426800924928125,300,-7.907190017873893,0.6766437390713502,-9.120253960559362,-7.951527104149208,-6.571355835570128,1.0,1.0,1.0,False
binance_pit50_equal,binance_archive,five_year,point_in_time_top50,equal,weekly,scsad,common_factor,n50_weekly_equal,-0.12451506425871035,0.5055417604564749,300,-0.5611842884812241,0.05729877694069265,-0.6669895260610909,-0.5615166118706276,-0.4503155434823135,1.0,1.0,1.0,False
binance_pit50_equal,binance_archive,five_year,point_in_time_top50,equal,weekly,scsad,fat_tail_correlated,n50_weekly_equal,-0.12451506425871035,0.5055417604564749,300,-0.5121161839681364,0.14793772121946674,-0.6484026879208008,-0.5041974195257286,-0.3930366435759848,0.9933333333333333,0.9933554817275747,1.0,False
binance_pit50_equal,binance_archive,five_year,point_in_time_top50,equal,weekly,scsad,heteroskedastic_factor,n50_weekly_equal,-0.12451506425871035,0.5055417604564749,300,-0.3731537134711715,0.07298330545862586,-0.5164246016799213,-0.3688854356128085,-0.22842538290937095,0.9966666666666667,0.9966777408637874,1.0,False
binance_pit50_equal,binance_archive,five_year,point_in_time_top50,equal,weekly,scsad,independent_gaussian,n50_weekly_equal,-0.12451506425871035,0.5055417604564749,300,-0.5720500477834615,0.057766256772494466,-0.6776684567471729,-0.5770668176355616,-0.44902681416516765,1.0,1.0,1.0,False
binance_pit50_lagged,binance_archive,five_year,point_in_time_top50,lagged_liquidity,daily,standard_csad,common_factor,n50_daily_lagged,0.7261890748152421,3.214195424113352e-47,300,0.12032019362295175,0.07158982040216082,-0.016041541601148193,0.11926730776247703,0.2739831258091507,1.0,1.0,1.0,False
binance_pit50_lagged,binance_archive,five_year,point_in_time_top50,lagged_liquidity,daily,standard_csad,fat_tail_correlated,n50_daily_lagged,0.7261890748152421,3.214195424113352e-47,300,0.15733085757865226,0.0619778866104523,0.03711694156739352,0.15627461484622374,0.27059219227179065,1.0,1.0,1.0,False
binance_pit50_lagged,binance_archive,five_year,point_in_time_top50,lagged_liquidity,daily,standard_csad,heteroskedastic_factor,n50_daily_lagged,0.7261890748152421,3.214195424113352e-47,300,0.008768813794182428,0.08058562090430937,-0.12552448053972468,0.004757815926762162,0.1792611364911284,1.0,1.0,1.0,False
binance_pit50_lagged,binance_archive,five_year,point_in_time_top50,lagged_liquidity,daily,standard_csad,independent_gaussian,n50_daily_lagged,0.7261890748152421,3.214195424113352e-47,300,0.09063607861648063,0.07167142624602721,-0.053996649000872574,0.09325201415744422,0.2292776004816188,1.0,1.0,1.0,False
binance_pit50_lagged,binance_archive,five_year,point_in_time_top50,lagged_liquidity,daily,no_intercept_csad,common_factor,n50_daily_lagged,0.404864593175892,7.685076379674587e-27,300,-7.425217796536593,0.30413289528301657,-7.926459407628523,-7.44308630206349,-6.873600971746861,1.0,1.0,1.0,False
binance_pit50_lagged,binance_archive,five_year,point_in_time_top50,lagged_liquidity,daily,no_intercept_csad,fat_tail_correlated,n50_daily_lagged,0.404864593175892,7.685076379674587e-27,300,-4.48414280853501,0.6641234678300739,-5.562733830496274,-4.584106710152668,-2.9991320201810487,1.0,1.0,1.0,False
binance_pit50_lagged,binance_archive,five_year,point_in_time_top50,lagged_liquidity,daily,no_intercept_csad,heteroskedastic_factor,n50_daily_lagged,0.404864593175892,7.685076379674587e-27,300,-0.95139803403374,0.17816880210254663,-1.2947886640101003,-0.9586735778871901,-0.5975882791404867,1.0,1.0,1.0,False
binance_pit50_lagged,binance_archive,five_year,point_in_time_top50,lagged_liquidity,daily,no_intercept_csad,independent_gaussian,n50_daily_lagged,0.404864593175892,7.685076379674587e-27,300,-7.369532125353562,0.5035406045793418,-8.151315721135296,-7.437340074123957,-6.123081285364114,1.0,1.0,1.0,False
binance_pit50_lagged,binance_archive,five_year,point_in_time_top50,lagged_liquidity,daily,scsad,common_factor,n50_daily_lagged,0.7150379456492054,0.0015006069774137112,300,-0.506699323214744,0.03441406430498056,-0.5689614031291312,-0.50825529656857,-0.43577819477065505,1.0,1.0,1.0,False
binance_pit50_lagged,binance_archive,five_year,point_in_time_top50,lagged_liquidity,daily,scsad,fat_tail_correlated,n50_daily_lagged,0.7150379456492054,0.0015006069774137112,300,-0.358208487873763,0.04642603491761535,-0.45545632449740087,-0.35697197047907137,-0.2797807417640373,1.0,1.0,1.0,False
binance_pit50_lagged,binance_archive,five_year,point_in_time_top50,lagged_liquidity,daily,scsad,heteroskedastic_factor,n50_daily_lagged,0.7150379456492054,0.0015006069774137112,300,-0.26124338745827524,0.0409600248537991,-0.3384544641338157,-0.26478861957771227,-0.17736894888086913,1.0,1.0,1.0,False
binance_pit50_lagged,binance_archive,five_year,point_in_time_top50,lagged_liquidity,daily,scsad,independent_gaussian,n50_daily_lagged,0.7150379456492054,0.0015006069774137112,300,-0.4926230414967788,0.05045954931562156,-0.5671767682955275,-0.5014628187658061,-0.36939033131990046,1.0,1.0,1.0,False
binance_pit50_lagged,binance_archive,five_year,point_in_time_top50,lagged_liquidity,weekly,standard_csad,common_factor,n50_weekly_lagged,0.8117562952955034,1.4950036238929662e-05,300,0.13603193833374097,0.18744741668771958,-0.22323764555851625,0.13109318115278465,0.5018104426946906,1.0,1.0,1.0,False
binance_pit50_lagged,binance_archive,five_year,point_in_time_top50,lagged_liquidity,weekly,standard_csad,fat_tail_correlated,n50_weekly_lagged,0.8117562952955034,1.4950036238929662e-05,300,0.15682252621695897,0.16477953661889758,-0.16204570515170957,0.15814133492266685,0.44822582100550445,1.0,1.0,1.0,False
binance_pit50_lagged,binance_archive,five_year,point_in_time_top50,lagged_liquidity,weekly,standard_csad,heteroskedastic_factor,n50_weekly_lagged,0.8117562952955034,1.4950036238929662e-05,300,0.006149820705881286,0.1876838708463743,-0.3984863956550792,0.0002995039738696299,0.3318412406962152,1.0,1.0,1.0,False
binance_pit50_lagged,binance_archive,five_year,point_in_time_top50,lagged_liquidity,weekly,standard_csad,independent_gaussian,n50_weekly_lagged,0.8117562952955034,1.4950036238929662e-05,300,0.13144548904793923,0.19716673641982926,-0.2958214361058019,0.1354626900225417,0.528935089138911,1.0,1.0,1.0,False
binance_pit50_lagged,binance_archive,five_year,point_in_time_top50,lagged_liquidity,weekly,no_intercept_csad,common_factor,n50_weekly_lagged,-0.008884341757062972,0.9763608868808437,300,-7.654973206763234,0.6822494047868041,-8.887534707161521,-7.637861484392229,-6.397476406870143,1.0,1.0,1.0,False
binance_pit50_lagged,binance_archive,five_year,point_in_time_top50,lagged_liquidity,weekly,no_intercept_csad,fat_tail_correlated,n50_weekly_lagged,-0.008884341757062972,0.9763608868808437,300,-5.428694746256588,0.8145597629359497,-6.945921518145278,-5.462611314635748,-3.858093141826136,1.0,1.0,1.0,False
binance_pit50_lagged,binance_archive,five_year,point_in_time_top50,lagged_liquidity,weekly,no_intercept_csad,heteroskedastic_factor,n50_weekly_lagged,-0.008884341757062972,0.9763608868808437,300,-1.331841529282907,0.3636529205059586,-2.143850078044259,-1.2993498965576906,-0.7407850498547471,1.0,1.0,1.0,False
binance_pit50_lagged,binance_archive,five_year,point_in_time_top50,lagged_liquidity,weekly,no_intercept_csad,independent_gaussian,n50_weekly_lagged,-0.008884341757062972,0.9763608868808437,300,-7.456601548379701,0.8378389951595154,-8.812689976161087,-7.54562342545197,-5.493672586523465,1.0,1.0,1.0,False
binance_pit50_lagged,binance_archive,five_year,point_in_time_top50,lagged_liquidity,weekly,scsad,common_factor,n50_weekly_lagged,0.36952037408784116,0.10146414001113067,300,-0.5590087506061686,0.055468650999686626,-0.6666360859000927,-0.5583596080818205,-0.45284973126375744,1.0,1.0,1.0,False
binance_pit50_lagged,binance_archive,five_year,point_in_time_top50,lagged_liquidity,weekly,scsad,fat_tail_correlated,n50_weekly_lagged,0.36952037408784116,0.10146414001113067,300,-0.5081406163182869,0.09792254813571709,-0.659238268666903,-0.5027901395142871,-0.3856365534338049,1.0,1.0,1.0,False
binance_pit50_lagged,binance_archive,five_year,point_in_time_top50,lagged_liquidity,weekly,scsad,heteroskedastic_factor,n50_weekly_lagged,0.36952037408784116,0.10146414001113067,300,-0.3712817199365701,0.0681133857753376,-0.4887765948691311,-0.3656663080948892,-0.24361423507112767,1.0,1.0,1.0,False
binance_pit50_lagged,binance_archive,five_year,point_in_time_top50,lagged_liquidity,weekly,scsad,independent_gaussian,n50_weekly_lagged,0.36952037408784116,0.10146414001113067,300,-0.5379700573065213,0.06685656026926086,-0.661497363965888,-0.540131213721333,-0.39890010932863273,1.0,1.0,1.0,False
